{"type":"FeatureCollection","features":[{"type":"Feature","properties":{"TOWN":"T10 R8 WELS"},"geometry":{"type":"Polygon","coordinates":[[[-68.6956,46.573],[-68.6945,46.4829],[-68.8214,46.4835],[-68.8214,46.5725],[-68.6956,46.573]]]}},{"type":"Feature","properties":{"TOWN":"T10 R10 WELS"},"geometry":{"type":"Polygon","coordinates":[[[-68.9507,46.5726],[-68.9498,46.4827],[-69.086,46.4826],[-69.0861,46.5725],[-68.9507,46.5726]]]}},{"type":"Feature","properties":{"TOWN":"Blaine"},"geometry":{"type":"Polygon","coordinates":[[[-67.7849,46.4666],[-67.9127,46.4647],[-67.9149,46.5087],[-67.786,46.511],[-67.7849,46.4666]]]}},{"type":"Feature","properties":{"TOWN":"T9 R15 WELS"},"geometry":{"type":"Polygon","coordinates":[[[-69.7203,46.4856],[-69.5933,46.4855],[-69.5939,46.3946],[-69.7192,46.3941],[-69.7203,46.4856]]]}},{"type":"Feature","properties":{"TOWN":"T9 R10 WELS"},"geometry":{"type":"Polygon","coordinates":[[[-68.9506,46.3962],[-69.0862,46.3955],[-69.086,46.4826],[-68.9498,46.4827],[-68.9506,46.3962]]]}},{"type":"Feature","properties":{"TOWN":"Cox Patent"},"geometry":{"type":"Polygon","coordinates":[[[-67.9115,46.4428],[-67.9322,46.4426],[-67.9325,46.4644],[-67.9127,46.4647],[-67.9115,46.4428]]]}},{"type":"Feature","properties":{"TOWN":"T8 R17 WELS"},"geometry":{"type":"Polygon","coordinates":[[[-69.9872,46.3924],[-69.8625,46.3927],[-69.86,46.3031],[-69.9863,46.3028],[-69.9872,46.3924]]]}},{"type":"Feature","properties":{"TOWN":"T7 R18 WELS"},"geometry":{"type":"Polygon","coordinates":[[[-69.9863,46.3028],[-69.9858,46.2119],[-70.1156,46.2117],[-70.1163,46.3016],[-69.9863,46.3028]]]}},{"type":"Feature","properties":{"TOWN":"T7 R7 WELS"},"geometry":{"type":"Polygon","coordinates":[[[-68.5647,46.207],[-68.694,46.2079],[-68.6951,46.2946],[-68.5667,46.2946],[-68.5647,46.207]]]}},{"type":"Feature","properties":{"TOWN":"Trout Brook Twp"},"geometry":{"type":"Polygon","coordinates":[[[-68.8206,46.2151],[-68.8228,46.1255],[-68.9539,46.1261],[-68.9526,46.2163],[-68.8206,46.2151]]]}},{"type":"Feature","properties":{"TOWN":"Saint John Twp"},"geometry":{"type":"Polygon","coordinates":[[[-69.7305,46.2128],[-69.7297,46.1213],[-69.8578,46.1229],[-69.8587,46.212],[-69.7305,46.2128]]]}},{"type":"Feature","properties":{"TOWN":"T11 R17 WELS"},"geometry":{"type":"Polygon","coordinates":[[[-70.0043,46.6624],[-69.8491,46.6622],[-69.8491,46.5734],[-70.0232,46.5735],[-70.0043,46.6624]]]}},{"type":"Feature","properties":{"TOWN":"T11 R15 WELS"},"geometry":{"type":"Polygon","coordinates":[[[-69.5942,46.6624],[-69.5938,46.5738],[-69.7211,46.5741],[-69.722,46.6618],[-69.5942,46.6624]]]}},{"type":"Feature","properties":{"TOWN":"Clayton Lake Twp"},"geometry":{"type":"Polygon","coordinates":[[[-69.4677,46.6621],[-69.4676,46.5734],[-69.5938,46.5738],[-69.5942,46.6624],[-69.4677,46.6621]]]}},{"type":"Feature","properties":{"TOWN":"T11 R4 WELS"},"geometry":{"type":"Polygon","coordinates":[[[-68.1736,46.5653],[-68.3049,46.5627],[-68.303,46.6578],[-68.1726,46.6607],[-68.1736,46.5653]]]}},{"type":"Feature","properties":{"TOWN":"T11 R13 WELS"},"geometry":{"type":"Polygon","coordinates":[[[-69.34,46.6624],[-69.3397,46.573],[-69.4676,46.5734],[-69.4677,46.6621],[-69.34,46.6624]]]}},{"type":"Feature","properties":{"TOWN":"T11 R12 WELS"},"geometry":{"type":"Polygon","coordinates":[[[-69.2122,46.6622],[-69.213,46.5729],[-69.3397,46.573],[-69.34,46.6624],[-69.2122,46.6622]]]}},{"type":"Feature","properties":{"TOWN":"T11 R9 WELS"},"geometry":{"type":"Polygon","coordinates":[[[-68.8214,46.5725],[-68.9507,46.5726],[-68.9508,46.6622],[-68.8225,46.6625],[-68.8214,46.5725]]]}},{"type":"Feature","properties":{"TOWN":"T11 R11 WELS"},"geometry":{"type":"Polygon","coordinates":[[[-69.2122,46.6622],[-69.0852,46.6621],[-69.0861,46.5725],[-69.213,46.5729],[-69.2122,46.6622]]]}},{"type":"Feature","properties":{"TOWN":"T11 R10 WELS"},"geometry":{"type":"Polygon","coordinates":[[[-68.9508,46.6622],[-68.9507,46.5726],[-69.0861,46.5725],[-69.0852,46.6621],[-68.9508,46.6622]]]}},{"type":"Feature","properties":{"TOWN":"T11 R7 WELS"},"geometry":{"type":"Polygon","coordinates":[[[-68.6955,46.6557],[-68.5613,46.6552],[-68.5609,46.5608],[-68.6955,46.5604],[-68.6955,46.6557]]]}},{"type":"Feature","properties":{"TOWN":"Westfield"},"geometry":{"type":"Polygon","coordinates":[[[-67.906,46.5088],[-68.0442,46.5062],[-68.0482,46.5944],[-67.9089,46.5971],[-67.906,46.5088]]]}},{"type":"Feature","properties":{"TOWN":"Big Ten Twp"},"geometry":{"type":"Polygon","coordinates":[[[-69.8491,46.5734],[-69.8492,46.4851],[-70.042,46.4852],[-70.0232,46.5735],[-69.8491,46.5734]]]}},{"type":"Feature","properties":{"TOWN":"T10 R16 WELS"},"geometry":{"type":"Polygon","coordinates":[[[-69.8491,46.5734],[-69.7211,46.5741],[-69.7203,46.4856],[-69.8492,46.4851],[-69.8491,46.5734]]]}},{"type":"Feature","properties":{"TOWN":"T10 R15 WELS"},"geometry":{"type":"Polygon","coordinates":[[[-69.5938,46.5738],[-69.5933,46.4855],[-69.7203,46.4856],[-69.7211,46.5741],[-69.5938,46.5738]]]}},{"type":"Feature","properties":{"TOWN":"T10 R14 WELS"},"geometry":{"type":"Polygon","coordinates":[[[-69.4676,46.5734],[-69.4679,46.4852],[-69.5933,46.4855],[-69.5938,46.5738],[-69.4676,46.5734]]]}},{"type":"Feature","properties":{"TOWN":"T10 R13 WELS"},"geometry":{"type":"Polygon","coordinates":[[[-69.4676,46.5734],[-69.3397,46.573],[-69.3396,46.5001],[-69.3407,46.5001],[-69.3406,46.4844],[-69.4679,46.4852],[-69.4676,46.5734]]]}},{"type":"Feature","properties":{"TOWN":"T10 R12 WELS"},"geometry":{"type":"Polygon","coordinates":[[[-69.213,46.5729],[-69.2162,46.4821],[-69.3406,46.4844],[-69.3407,46.5001],[-69.3396,46.5001],[-69.3397,46.573],[-69.213,46.5729]]]}},{"type":"Feature","properties":{"TOWN":"T10 R11 WELS"},"geometry":{"type":"Polygon","coordinates":[[[-69.0861,46.5725],[-69.086,46.4826],[-69.2162,46.4821],[-69.213,46.5729],[-69.0861,46.5725]]]}},{"type":"Feature","properties":{"TOWN":"T10 R9 WELS"},"geometry":{"type":"Polygon","coordinates":[[[-68.9507,46.5726],[-68.8214,46.5725],[-68.8214,46.4835],[-68.9498,46.4827],[-68.9507,46.5726]]]}},{"type":"Feature","properties":{"TOWN":"T10 R3 WELS"},"geometry":{"type":"Polygon","coordinates":[[[-68.0442,46.5062],[-68.0442,46.4688],[-68.1737,46.4692],[-68.1745,46.513],[-68.1736,46.5653],[-68.0471,46.5682],[-68.0442,46.5062]]]}},{"type":"Feature","properties":{"TOWN":"Scopan Twp"},"geometry":{"type":"Polygon","coordinates":[[[-68.1737,46.4692],[-68.3047,46.4694],[-68.3053,46.5001],[-68.3049,46.5627],[-68.1736,46.5651],[-68.1745,46.513],[-68.1737,46.4692]]]}},{"type":"Feature","properties":{"TOWN":"Masardis"},"geometry":{"type":"Polygon","coordinates":[[[-68.3047,46.4694],[-68.4364,46.4702],[-68.4369,46.5612],[-68.3049,46.5627],[-68.3053,46.5001],[-68.3047,46.4694]]]}},{"type":"Feature","properties":{"TOWN":"T10 R6 WELS"},"geometry":{"type":"Polygon","coordinates":[[[-68.4364,46.4702],[-68.5639,46.4709],[-68.5609,46.5608],[-68.4369,46.5612],[-68.4364,46.4702]]]}},{"type":"Feature","properties":{"TOWN":"T10 R7 WELS"},"geometry":{"type":"Polygon","coordinates":[[[-68.5639,46.4709],[-68.6946,46.4709],[-68.6955,46.5604],[-68.5609,46.5608],[-68.5639,46.4709]]]}},{"type":"Feature","properties":{"TOWN":"E Twp"},"geometry":{"type":"Polygon","coordinates":[[[-67.9127,46.4647],[-67.9325,46.4644],[-67.9324,46.4575],[-68.0438,46.4548],[-68.0442,46.5062],[-67.9149,46.5087],[-67.9127,46.4647]]]}},{"type":"Feature","properties":{"TOWN":"T9 R18 WELS"},"geometry":{"type":"Polygon","coordinates":[[[-69.9761,46.485],[-69.9756,46.3924],[-70.1076,46.3927],[-70.1048,46.3936],[-70.1017,46.3971],[-70.1007,46.399],[-70.101,46.4013],[-70.0988,46.4011],[-70.1001,46.4022],[-70.0993,46.403],[-70.1005,46.4032],[-70.0978,46.4042],[-70.1001,46.4043],[-70.1008,46.4054],[-70.097,46.4053],[-70.0952,46.4064],[-70.0968,46.4071],[-70.0945,46.4083],[-70.0965,46.4088],[-70.0968,46.4096],[-70.0922,46.4095],[-70.0891,46.4109],[-70.0867,46.4092],[-70.0813,46.4107],[-70.0765,46.4096],[-70.0669,46.4121],[-70.065,46.4139],[-70.0619,46.4138],[-70.0565,46.4156],[-70.042,46.4852],[-69.9761,46.485]]]}},{"type":"Feature","properties":{"TOWN":"T9 R17 WELS"},"geometry":{"type":"Polygon","coordinates":[[[-69.9761,46.485],[-69.8492,46.4851],[-69.8488,46.3928],[-69.9756,46.3924],[-69.9761,46.485]]]}},{"type":"Feature","properties":{"TOWN":"T9 R16 WELS"},"geometry":{"type":"Polygon","coordinates":[[[-69.7203,46.4856],[-69.7192,46.3941],[-69.8488,46.3928],[-69.8492,46.4851],[-69.7203,46.4856]]]}},{"type":"Feature","properties":{"TOWN":"T9 R14 WELS"},"geometry":{"type":"Polygon","coordinates":[[[-69.4679,46.4852],[-69.4681,46.3961],[-69.5287,46.3961],[-69.5939,46.3946],[-69.5933,46.4855],[-69.4679,46.4852]]]}},{"type":"Feature","properties":{"TOWN":"T9 R13 WELS"},"geometry":{"type":"Polygon","coordinates":[[[-69.3406,46.4844],[-69.3401,46.3951],[-69.4681,46.3961],[-69.4679,46.4852],[-69.3406,46.4844]]]}},{"type":"Feature","properties":{"TOWN":"T9 R8 WELS"},"geometry":{"type":"Polygon","coordinates":[[[-68.6945,46.4829],[-68.6949,46.3955],[-68.8218,46.3958],[-68.8214,46.4835],[-68.6945,46.4829]]]}},{"type":"Feature","properties":{"TOWN":"T9 R9 WELS"},"geometry":{"type":"Polygon","coordinates":[[[-68.8218,46.3958],[-68.9506,46.3962],[-68.9498,46.4827],[-68.8214,46.4835],[-68.8218,46.3958]]]}},{"type":"Feature","properties":{"TOWN":"T9 R11 WELS"},"geometry":{"type":"Polygon","coordinates":[[[-69.0862,46.3955],[-69.2161,46.3944],[-69.2162,46.4821],[-69.086,46.4826],[-69.0862,46.3955]]]}},{"type":"Feature","properties":{"TOWN":"Bridgewater"},"geometry":{"type":"Polygon","coordinates":[[[-67.7833,46.373],[-67.9089,46.3717],[-67.9103,46.42],[-67.9127,46.4647],[-67.7849,46.4666],[-67.7833,46.373]]]}},{"type":"Feature","properties":{"TOWN":"T9 R3 WELS"},"geometry":{"type":"Polygon","coordinates":[[[-68.0442,46.4688],[-68.041,46.3807],[-68.1739,46.3812],[-68.1737,46.4692],[-68.0442,46.4688]]]}},{"type":"Feature","properties":{"TOWN":"T9 R4 WELS"},"geometry":{"type":"Polygon","coordinates":[[[-68.1739,46.3812],[-68.3028,46.3815],[-68.3061,46.3807],[-68.3047,46.4694],[-68.1737,46.4692],[-68.1739,46.3812]]]}},{"type":"Feature","properties":{"TOWN":"T9 R7 WELS"},"geometry":{"type":"Polygon","coordinates":[[[-68.5679,46.3825],[-68.6949,46.3826],[-68.6946,46.4709],[-68.5679,46.4709],[-68.5679,46.3825]]]}},{"type":"Feature","properties":{"TOWN":"T9 R5 WELS"},"geometry":{"type":"Polygon","coordinates":[[[-68.3047,46.4694],[-68.3061,46.3807],[-68.3894,46.381],[-68.4364,46.3821],[-68.4364,46.4702],[-68.3047,46.4694]]]}},{"type":"Feature","properties":{"TOWN":"TD R2 WELS"},"geometry":{"type":"Polygon","coordinates":[[[-67.9115,46.4428],[-67.9084,46.3661],[-67.9912,46.3658],[-68.0404,46.3645],[-68.0438,46.4548],[-67.9324,46.4575],[-67.9322,46.4426],[-67.9115,46.4428]]]}},{"type":"Feature","properties":{"TOWN":"T8 R18 WELS"},"geometry":{"type":"Polygon","coordinates":[[[-69.9872,46.3924],[-69.9863,46.3028],[-70.1163,46.3016],[-70.1156,46.3882],[-70.1146,46.3853],[-70.111,46.386],[-70.1126,46.3879],[-70.1115,46.3884],[-70.1102,46.3875],[-70.1099,46.3889],[-70.1082,46.3888],[-70.1087,46.388],[-70.1077,46.3878],[-70.1083,46.3896],[-70.1099,46.3903],[-70.1087,46.3914],[-70.1069,46.3906],[-70.1074,46.3925],[-69.9872,46.3924]]]}},{"type":"Feature","properties":{"TOWN":"T4 R3 WELS"},"geometry":{"type":"Polygon","coordinates":[[[-68.0401,45.9909],[-68.0386,45.9435],[-68.167,45.9439],[-68.1672,46.0376],[-68.04,46.0387],[-68.0401,45.9909]]]}},{"type":"Feature","properties":{"TOWN":"Nesourdnahunk Twp"},"geometry":{"type":"Polygon","coordinates":[[[-68.952,46.0363],[-69.0864,46.0369],[-69.0852,46.1263],[-68.9539,46.1261],[-68.952,46.0363]]]}},{"type":"Feature","properties":{"TOWN":"T4 R10 WELS"},"geometry":{"type":"Polygon","coordinates":[[[-68.952,46.0361],[-68.9513,46.0001],[-68.9531,45.9465],[-69.0726,45.9462],[-69.0725,45.9379],[-69.0862,45.938],[-69.0864,46.0369],[-68.952,46.0361]]]}},{"type":"Feature","properties":{"TOWN":"T4 R5 NBKP"},"geometry":{"type":"Polygon","coordinates":[[[-70.2186,45.924],[-70.2573,45.9181],[-70.2595,45.919],[-70.2606,45.9205],[-70.2623,45.92],[-70.263,45.9241],[-70.2592,45.9264],[-70.2587,45.9285],[-70.256,45.929],[-70.2516,45.9337],[-70.2468,45.9361],[-70.2431,45.937],[-70.2395,45.9397],[-70.2403,45.9429],[-70.2391,45.9439],[-70.2444,45.9446],[-70.2422,45.9467],[-70.248,45.9496],[-70.2489,45.9524],[-70.2513,45.9535],[-70.252,45.9552],[-70.2535,45.9552],[-70.2561,45.9524],[-70.2606,45.9523],[-70.2604,45.9537],[-70.2585,45.9549],[-70.2602,45.9575],[-70.2581,45.9591],[-70.2618,45.9601],[-70.2632,45.9619],[-70.2654,45.9628],[-70.2661,45.9643],[-70.2675,45.9629],[-70.2715,45.9613],[-70.2746,45.9614],[-70.2751,45.9633],[-70.2727,45.9643],[-70.2739,45.9643],[-70.275,45.9665],[-70.276,45.9669],[-70.2801,45.9656],[-70.2811,45.9641],[-70.2834,45.9637],[-70.2867,45.9645],[-70.289,45.9632],[-70.2915,45.9636],[-70.2957,45.9629],[-70.2969,45.9635],[-70.2984,45.9629],[-70.3011,45.9645],[-70.3038,45.9642],[-70.3042,45.965],[-70.3126,45.9621],[-70.3134,45.963],[-70.316,45.9631],[-70.316,45.9641],[-70.3117,45.9663],[-70.3126,45.9696],[-70.3104,45.9726],[-70.3108,45.9737],[-70.3122,45.9743],[-70.3103,45.9757],[-70.3101,45.9772],[-70.3072,45.9783],[-70.309,45.9804],[-70.3078,45.9812],[-70.3074,45.9825],[-70.3022,45.984],[-70.2997,45.9859],[-70.295,45.9861],[-70.2911,45.9897],[-70.2868,45.9921],[-70.2864,45.9926],[-70.2872,45.9934],[-70.284,45.9953],[-70.2885,45.994],[-70.2887,45.9953],[-70.2911,45.9948],[-70.2904,45.9958],[-70.2922,45.9971],[-70.2954,45.997],[-70.3004,45.9989],[-70.3025,45.9989],[-70.3041,46.0012],[-70.3028,46.0026],[-70.3045,46.003],[-70.2451,46.0124],[-70.2186,45.924]]]}},{"type":"Feature","properties":{"TOWN":"Cary Twp"},"geometry":{"type":"Polygon","coordinates":[[[-67.7811,45.9582],[-67.9132,45.9581],[-67.9118,46.002],[-67.7812,46.0008],[-67.7811,45.9582]]]}},{"type":"Feature","properties":{"TOWN":"Amity"},"geometry":{"type":"Polygon","coordinates":[[[-67.796,45.8654],[-67.914,45.8649],[-67.9132,45.9581],[-67.7811,45.9582],[-67.7812,45.9436],[-67.7802,45.9412],[-67.7804,45.9387],[-67.7782,45.9363],[-67.7777,45.9343],[-67.7735,45.9349],[-67.7719,45.932],[-67.768,45.9322],[-67.7658,45.9305],[-67.7662,45.928],[-67.7611,45.9276],[-67.7604,45.9267],[-67.7587,45.9264],[-67.759,45.9242],[-67.7583,45.9233],[-67.7538,45.9213],[-67.7526,45.919],[-67.7507,45.9174],[-67.7517,45.9173],[-67.7515,45.9163],[-67.7525,45.9164],[-67.7522,45.9147],[-67.7544,45.914],[-67.7554,45.9117],[-67.7579,45.9123],[-67.7603,45.9097],[-67.7634,45.9107],[-67.7641,45.9096],[-67.7652,45.9098],[-67.7647,45.908],[-67.7659,45.9071],[-67.7663,45.9055],[-67.768,45.9048],[-67.7683,45.9024],[-67.7694,45.901],[-67.768,45.8981],[-67.7701,45.8973],[-67.7725,45.8977],[-67.7764,45.896],[-67.7771,45.8976],[-67.7781,45.8975],[-67.7793,45.8946],[-67.7824,45.8945],[-67.7855,45.8955],[-67.7898,45.8933],[-67.7899,45.8916],[-67.7931,45.8905],[-67.795,45.8879],[-67.7967,45.8879],[-67.7979,45.8855],[-67.799,45.885],[-67.7987,45.8843],[-67.8011,45.8833],[-67.8028,45.8839],[-67.8037,45.883],[-67.8036,45.8763],[-67.8047,45.8752],[-67.803,45.8703],[-67.8043,45.8694],[-67.8018,45.8675],[-67.8005,45.8676],[-67.796,45.8654]]]}},{"type":"Feature","properties":{"TOWN":"T3 R3 WELS"},"geometry":{"type":"Polygon","coordinates":[[[-68.0386,45.9435],[-68.0342,45.8588],[-68.0325,45.8588],[-68.0326,45.8543],[-68.165,45.8559],[-68.164,45.9317],[-68.167,45.9439],[-68.0386,45.9435]]]}},{"type":"Feature","properties":{"TOWN":"Northeast Carry Twp"},"geometry":{"type":"Polygon","coordinates":[[[-69.5516,45.8169],[-69.6377,45.8033],[-69.637,45.8059],[-69.6377,45.8119],[-69.6424,45.8289],[-69.6427,45.8329],[-69.6383,45.8358],[-69.6269,45.841],[-69.6255,45.8405],[-69.628,45.8396],[-69.6249,45.8401],[-69.6242,45.839],[-69.6249,45.8405],[-69.6261,45.8413],[-69.626,45.8419],[-69.6234,45.8433],[-69.6219,45.8471],[-69.6183,45.8517],[-69.6188,45.8538],[-69.6175,45.8568],[-69.624,45.8633],[-69.6334,45.8702],[-69.6362,45.8719],[-69.6384,45.8723],[-69.6395,45.8735],[-69.6406,45.8721],[-69.639,45.8708],[-69.6424,45.8698],[-69.6428,45.8656],[-69.6444,45.8657],[-69.6466,45.864],[-69.6686,45.9351],[-69.5541,45.9366],[-69.5528,45.9169],[-69.5528,45.8939],[-69.5517,45.8751],[-69.5516,45.8169]]]}},{"type":"Feature","properties":{"TOWN":"T6 R13 WELS"},"geometry":{"type":"Polygon","coordinates":[[[-69.3454,46.2135],[-69.3458,46.1585],[-69.3451,46.1242],[-69.4705,46.124],[-69.4719,46.2127],[-69.3454,46.2135]]]}},{"type":"Feature","properties":{"TOWN":"Smyrna"},"geometry":{"type":"Polygon","coordinates":[[[-68.0403,46.1874],[-68.0411,46.1874],[-68.0412,46.1527],[-68.0397,46.1228],[-68.1673,46.1235],[-68.1667,46.2068],[-68.0402,46.2075],[-68.0403,46.1874]]]}},{"type":"Feature","properties":{"TOWN":"Merrill"},"geometry":{"type":"Polygon","coordinates":[[[-68.1673,46.1235],[-68.302,46.1242],[-68.3042,46.2068],[-68.1667,46.2068],[-68.1673,46.1235]]]}},{"type":"Feature","properties":{"TOWN":"T6 R6 WELS"},"geometry":{"type":"Polygon","coordinates":[[[-68.4363,46.1248],[-68.5634,46.125],[-68.5633,46.1667],[-68.5647,46.207],[-68.4692,46.2068],[-68.4374,46.2075],[-68.4364,46.1833],[-68.4369,46.1681],[-68.4363,46.1248]]]}},{"type":"Feature","properties":{"TOWN":"Ludlow"},"geometry":{"type":"Polygon","coordinates":[[[-67.9038,46.1896],[-67.9031,46.1613],[-67.9024,46.1612],[-67.9025,46.1504],[-67.9034,46.1504],[-67.9039,46.1411],[-68.0406,46.1391],[-68.0411,46.1874],[-67.9038,46.1896]]]}},{"type":"Feature","properties":{"TOWN":"Houlton"},"geometry":{"type":"Polygon","coordinates":[[[-67.7812,46.0962],[-67.9066,46.0953],[-67.9034,46.1504],[-67.9025,46.1504],[-67.9024,46.1516],[-67.9037,46.1855],[-67.8405,46.1853],[-67.7815,46.1862],[-67.7812,46.0962]]]}},{"type":"Feature","properties":{"TOWN":"T6 R8 WELS"},"geometry":{"type":"Polygon","coordinates":[[[-68.6941,46.1252],[-68.8228,46.1255],[-68.8206,46.2151],[-68.694,46.2143],[-68.6941,46.1252]]]}},{"type":"Feature","properties":{"TOWN":"New Limerick"},"geometry":{"type":"Polygon","coordinates":[[[-67.9066,46.0953],[-68.0396,46.0976],[-68.0406,46.1391],[-67.9039,46.1411],[-67.9066,46.0953]]]}},{"type":"Feature","properties":{"TOWN":"West Middlesex Canal Grant Twp"},"geometry":{"type":"Polygon","coordinates":[[[-69.7636,45.784],[-69.7839,45.7807],[-69.7817,45.782],[-69.7839,45.7837],[-69.7832,45.7848],[-69.7841,45.7839],[-69.785,45.7853],[-69.7878,45.785],[-69.7883,45.7846],[-69.7885,45.7837],[-69.7912,45.7843],[-69.7919,45.7853],[-69.7936,45.7831],[-69.7939,45.7837],[-69.7954,45.7836],[-69.796,45.7852],[-69.7974,45.7854],[-69.7968,45.7842],[-69.7972,45.7833],[-69.7978,45.7846],[-69.8012,45.7853],[-69.8019,45.7862],[-69.8014,45.7851],[-69.7984,45.7846],[-69.801,45.7848],[-69.7999,45.7843],[-69.8,45.7837],[-69.7984,45.7843],[-69.7973,45.7832],[-69.7959,45.7842],[-69.7964,45.7834],[-69.7942,45.7828],[-69.793,45.783],[-69.7922,45.7839],[-69.7918,45.7839],[-69.7918,45.7834],[-69.79,45.7837],[-69.7881,45.7828],[-69.7881,45.7846],[-69.7873,45.7834],[-69.7846,45.7832],[-69.7841,45.7823],[-69.7848,45.7807],[-69.7869,45.7803],[-69.8835,45.7651],[-69.9109,45.8549],[-69.7869,45.8723],[-69.7636,45.784]]]}},{"type":"Feature","properties":{"TOWN":"T5 R19 WELS"},"geometry":{"type":"Polygon","coordinates":[[[-70.1993,46.1234],[-70.1147,46.1235],[-70.1146,46.04],[-70.1195,46.04],[-70.1174,46.033],[-70.1993,46.0198],[-70.1993,46.1234]]]}},{"type":"Feature","properties":{"TOWN":"T5 R18 WELS"},"geometry":{"type":"Polygon","coordinates":[[[-70.0525,46.1226],[-69.9859,46.1232],[-69.986,46.04],[-70.1146,46.04],[-70.1147,46.1235],[-70.0549,46.1233],[-70.0526,46.1232],[-70.0525,46.1226]]]}},{"type":"Feature","properties":{"TOWN":"T5 R17 WELS"},"geometry":{"type":"Polygon","coordinates":[[[-69.8578,46.1229],[-69.8576,46.039],[-69.986,46.04],[-69.9859,46.1232],[-69.8578,46.1229]]]}},{"type":"Feature","properties":{"TOWN":"Dyer Brook"},"geometry":{"type":"Polygon","coordinates":[[[-68.1672,46.0376],[-68.2998,46.0365],[-68.302,46.1242],[-68.1673,46.1235],[-68.1672,46.0376]]]}},{"type":"Feature","properties":{"TOWN":"Hersey"},"geometry":{"type":"Polygon","coordinates":[[[-68.302,46.1242],[-68.2998,46.0365],[-68.4323,46.0356],[-68.4369,46.0429],[-68.4363,46.1248],[-68.302,46.1242]]]}},{"type":"Feature","properties":{"TOWN":"T5 R11 WELS"},"geometry":{"type":"Polygon","coordinates":[[[-69.0864,46.0369],[-69.2158,46.0375],[-69.2165,46.1256],[-69.0852,46.1263],[-69.0864,46.0369]]]}},{"type":"Feature","properties":{"TOWN":"Russell Pond Twp"},"geometry":{"type":"Polygon","coordinates":[[[-69.7297,46.1213],[-69.7288,46.0378],[-69.8576,46.039],[-69.8578,46.1229],[-69.7297,46.1213]]]}},{"type":"Feature","properties":{"TOWN":"T5 R9 WELS"},"geometry":{"type":"Polygon","coordinates":[[[-68.8228,46.1255],[-68.8233,46.0357],[-68.952,46.0363],[-68.9539,46.1261],[-68.8228,46.1255]]]}},{"type":"Feature","properties":{"TOWN":"T5 R7 WELS"},"geometry":{"type":"Polygon","coordinates":[[[-68.5634,46.125],[-68.5634,46.0355],[-68.694,46.0356],[-68.6942,46.1206],[-68.6704,46.1252],[-68.5634,46.125]]]}},{"type":"Feature","properties":{"TOWN":"T5 R12 WELS"},"geometry":{"type":"Polygon","coordinates":[[[-69.2158,46.0375],[-69.3443,46.0363],[-69.3446,46.0626],[-69.3438,46.0826],[-69.3451,46.1242],[-69.2165,46.1256],[-69.2158,46.0375]]]}},{"type":"Feature","properties":{"TOWN":"Harpswell"},"geometry":{"type":"MultiPolygon","coordinates":[[[[-70.0387,43.6554],[-70.0385,43.6554],[-70.0386,43.6554],[-70.0387,43.6554]]],[[[-70.0364,43.6557],[-70.0364,43.6556],[-70.0364,43.6557],[-70.0364,43.6557]]],[[[-70.0383,43.6558],[-70.0381,43.6558],[-70.0381,43.6558],[-70.0383,43.6558]]],[[[-70.0368,43.6558],[-70.0364,43.6558],[-70.037,43.6555],[-70.0368,43.6558]]],[[[-70.0385,43.6558],[-70.0385,43.6559],[-70.0384,43.6559],[-70.0385,43.6558]]],[[[-70.0378,43.6558],[-70.0366,43.6563],[-70.0371,43.6554],[-70.0378,43.6558]]],[[[-70.036,43.6559],[-70.0361,43.6561],[-70.036,43.6562],[-70.036,43.6559]]],[[[-70.0356,43.6565],[-70.0357,43.6563],[-70.0358,43.6565],[-70.0356,43.6565]]],[[[-69.9454,43.8523],[-69.9392,43.8532],[-69.937,43.8527],[-69.9363,43.8517],[-69.9371,43.8483],[-69.941,43.842],[-69.9406,43.8404],[-69.9375,43.8392],[-69.9347,43.8417],[-69.9296,43.8392],[-69.9258,43.8478],[-69.9225,43.8503],[-69.9209,43.8545],[-69.9175,43.8581],[-69.9117,43.8583],[-69.9052,43.8595],[-69.896,43.8662],[-69.8934,43.8627],[-69.885,43.8552],[-69.8747,43.8511],[-69.8763,43.8429],[-69.8761,43.8372],[-69.87,43.817],[-69.8826,43.7937],[-69.8873,43.7879],[-69.8881,43.7049],[-69.8819,43.6365],[-69.9637,43.6029],[-70.0539,43.681],[-70.0703,43.7414],[-70.0698,43.7711],[-70.0678,43.7731],[-70.0588,43.7764],[-70.0573,43.778],[-70.0574,43.7821],[-70.0612,43.7915],[-70.0603,43.7937],[-70.0376,43.8118],[-70.0242,43.8189],[-70.0141,43.8265],[-70.0031,43.8326],[-69.9948,43.8406],[-69.9926,43.8437],[-69.9873,43.8479],[-69.9823,43.8496],[-69.9732,43.8481],[-69.9611,43.8504],[-69.9572,43.8527],[-69.9545,43.8578],[-69.9493,43.8608],[-69.9472,43.8599],[-69.9454,43.8523]]]]}},{"type":"Feature","properties":{"TOWN":"T5 R15 WELS"},"geometry":{"type":"Polygon","coordinates":[[[-69.6009,46.1236],[-69.5998,46.0361],[-69.633,46.036],[-69.6944,46.0379],[-69.7288,46.0378],[-69.7297,46.1213],[-69.6455,46.1198],[-69.6313,46.1204],[-69.6192,46.1238],[-69.6009,46.1236]]]}},{"type":"Feature","properties":{"TOWN":"T5 R14 WELS"},"geometry":{"type":"Polygon","coordinates":[[[-69.4705,46.124],[-69.4707,46.0365],[-69.5998,46.0361],[-69.6009,46.1236],[-69.4705,46.124]]]}},{"type":"Feature","properties":{"TOWN":"Chesuncook Twp"},"geometry":{"type":"Polygon","coordinates":[[[-69.4705,46.124],[-69.3451,46.1242],[-69.3438,46.0826],[-69.3446,46.0626],[-69.3443,46.0363],[-69.4707,46.0365],[-69.4705,46.124]]]}},{"type":"Feature","properties":{"TOWN":"Hodgdon"},"geometry":{"type":"Polygon","coordinates":[[[-67.7812,46.0008],[-67.9118,46.002],[-67.9081,46.0506],[-67.9066,46.0953],[-67.7812,46.0962],[-67.7812,46.0008]]]}},{"type":"Feature","properties":{"TOWN":"Linneus"},"geometry":{"type":"Polygon","coordinates":[[[-67.9066,46.0953],[-67.9081,46.0506],[-67.9116,46.0079],[-67.9119,45.9931],[-68.0401,45.9909],[-68.0396,46.0976],[-67.9066,46.0953]]]}},{"type":"Feature","properties":{"TOWN":"Comstock Twp"},"geometry":{"type":"Polygon","coordinates":[[[-70.1195,46.04],[-69.986,46.04],[-69.9859,45.9344],[-70.0841,45.9211],[-70.1014,45.9762],[-70.1006,45.9764],[-70.1195,46.04]]]}},{"type":"Feature","properties":{"TOWN":"T4 R17 WELS"},"geometry":{"type":"Polygon","coordinates":[[[-69.8576,46.039],[-69.8587,45.9583],[-69.986,45.9414],[-69.986,46.04],[-69.8576,46.039]]]}},{"type":"Feature","properties":{"TOWN":"Elm Stream Twp"},"geometry":{"type":"Polygon","coordinates":[[[-69.7288,46.0378],[-69.7286,45.9769],[-69.8108,45.9645],[-69.8587,45.9583],[-69.8576,46.039],[-69.7288,46.0378]]]}},{"type":"Feature","properties":{"TOWN":"T8 R14 WELS"},"geometry":{"type":"Polygon","coordinates":[[[-69.4745,46.3961],[-69.4734,46.3055],[-69.6029,46.3051],[-69.6042,46.3945],[-69.5287,46.3961],[-69.4745,46.3961]]]}},{"type":"Feature","properties":{"TOWN":"Eagle Lake Twp"},"geometry":{"type":"Polygon","coordinates":[[[-69.4745,46.3961],[-69.3444,46.3951],[-69.3448,46.3056],[-69.4734,46.3055],[-69.4745,46.3961]]]}},{"type":"Feature","properties":{"TOWN":"T8 R15 WELS"},"geometry":{"type":"Polygon","coordinates":[[[-69.7323,46.394],[-69.6042,46.3945],[-69.6029,46.3051],[-69.7315,46.3047],[-69.7323,46.394]]]}},{"type":"Feature","properties":{"TOWN":"T8 R16 WELS"},"geometry":{"type":"Polygon","coordinates":[[[-69.7315,46.3047],[-69.86,46.3031],[-69.8625,46.3927],[-69.7323,46.394],[-69.7315,46.3047]]]}},{"type":"Feature","properties":{"TOWN":"T8 R10 WELS"},"geometry":{"type":"Polygon","coordinates":[[[-68.9506,46.3962],[-68.9512,46.3062],[-69.0856,46.3063],[-69.0862,46.3955],[-68.9506,46.3962]]]}},{"type":"Feature","properties":{"TOWN":"T8 R9 WELS"},"geometry":{"type":"Polygon","coordinates":[[[-68.9506,46.3962],[-68.8194,46.3958],[-68.8203,46.3051],[-68.9512,46.3062],[-68.9506,46.3962]]]}},{"type":"Feature","properties":{"TOWN":"T8 R8 WELS"},"geometry":{"type":"Polygon","coordinates":[[[-68.6949,46.3955],[-68.6953,46.3049],[-68.8203,46.3051],[-68.8194,46.3958],[-68.6949,46.3955]]]}},{"type":"Feature","properties":{"TOWN":"Soper Mountain Twp"},"geometry":{"type":"Polygon","coordinates":[[[-69.3444,46.3951],[-69.2178,46.3944],[-69.22,46.3064],[-69.2503,46.3056],[-69.3448,46.3056],[-69.3444,46.3951]]]}},{"type":"Feature","properties":{"TOWN":"T8 R19 WELS"},"geometry":{"type":"Polygon","coordinates":[[[-70.1156,46.3882],[-70.1163,46.3016],[-70.2067,46.3013],[-70.2054,46.3029],[-70.2066,46.3062],[-70.2062,46.3099],[-70.2037,46.3125],[-70.203,46.3144],[-70.2043,46.3168],[-70.2073,46.3196],[-70.2067,46.3213],[-70.2073,46.3222],[-70.206,46.3247],[-70.209,46.3295],[-70.2075,46.3315],[-70.1957,46.3408],[-70.1952,46.3421],[-70.1958,46.3433],[-70.1932,46.3469],[-70.1915,46.3476],[-70.1922,46.3491],[-70.1912,46.3502],[-70.1882,46.35],[-70.1844,46.352],[-70.1825,46.3518],[-70.1805,46.3547],[-70.1772,46.3556],[-70.1754,46.3582],[-70.1729,46.3593],[-70.1709,46.3594],[-70.166,46.3575],[-70.1643,46.3591],[-70.1631,46.3592],[-70.1617,46.3611],[-70.1598,46.3608],[-70.1604,46.3599],[-70.1587,46.3593],[-70.158,46.3595],[-70.1581,46.3607],[-70.1566,46.3615],[-70.1516,46.3594],[-70.1481,46.359],[-70.1449,46.3621],[-70.1419,46.3622],[-70.1406,46.363],[-70.1413,46.3649],[-70.1386,46.3664],[-70.1382,46.3684],[-70.1364,46.3699],[-70.1337,46.3689],[-70.1317,46.3697],[-70.1294,46.3695],[-70.1288,46.3707],[-70.1269,46.3709],[-70.1281,46.3792],[-70.1258,46.3816],[-70.1162,46.3859],[-70.1161,46.387],[-70.1171,46.3879],[-70.1156,46.3882]]]}},{"type":"Feature","properties":{"TOWN":"T8 R3 WELS"},"geometry":{"type":"Polygon","coordinates":[[[-68.041,46.3807],[-68.04,46.2952],[-68.1659,46.2945],[-68.1653,46.3594],[-68.1739,46.3812],[-68.041,46.3807]]]}},{"type":"Feature","properties":{"TOWN":"T8 R5 WELS"},"geometry":{"type":"Polygon","coordinates":[[[-68.3061,46.3807],[-68.3052,46.2947],[-68.4369,46.2946],[-68.4364,46.3821],[-68.3894,46.381],[-68.3061,46.3807]]]}},{"type":"Feature","properties":{"TOWN":"T8 R7 WELS"},"geometry":{"type":"Polygon","coordinates":[[[-68.5667,46.2946],[-68.6951,46.2946],[-68.6949,46.3826],[-68.5679,46.3825],[-68.5667,46.2946]]]}},{"type":"Feature","properties":{"TOWN":"Monticello"},"geometry":{"type":"Polygon","coordinates":[[[-67.7821,46.2794],[-67.907,46.2795],[-67.9089,46.3717],[-67.7833,46.373],[-67.7821,46.2794]]]}},{"type":"Feature","properties":{"TOWN":"TC R2 WELS"},"geometry":{"type":"Polygon","coordinates":[[[-67.9084,46.3661],[-67.9071,46.2765],[-68.0402,46.2768],[-68.0404,46.3645],[-67.9912,46.3658],[-67.9084,46.3661]]]}},{"type":"Feature","properties":{"TOWN":"T7 R15 WELS"},"geometry":{"type":"Polygon","coordinates":[[[-69.6029,46.3051],[-69.6019,46.2588],[-69.6025,46.213],[-69.7305,46.2128],[-69.7315,46.3047],[-69.6029,46.3051]]]}},{"type":"Feature","properties":{"TOWN":"T7 R16 WELS"},"geometry":{"type":"Polygon","coordinates":[[[-69.7305,46.2128],[-69.8587,46.212],[-69.86,46.3031],[-69.7315,46.3047],[-69.7305,46.2128]]]}},{"type":"Feature","properties":{"TOWN":"T7 R17 WELS"},"geometry":{"type":"Polygon","coordinates":[[[-69.9863,46.3028],[-69.86,46.3031],[-69.8587,46.212],[-69.8865,46.2125],[-69.9858,46.2119],[-69.9863,46.3028]]]}},{"type":"Feature","properties":{"TOWN":"T7 R14 WELS"},"geometry":{"type":"Polygon","coordinates":[[[-69.4734,46.3055],[-69.4719,46.2127],[-69.6025,46.213],[-69.6019,46.2588],[-69.6029,46.3051],[-69.4734,46.3055]]]}},{"type":"Feature","properties":{"TOWN":"T7 R12 WELS"},"geometry":{"type":"Polygon","coordinates":[[[-69.22,46.3064],[-69.2174,46.2501],[-69.2172,46.2149],[-69.3454,46.2135],[-69.3448,46.3056],[-69.2503,46.3056],[-69.22,46.3064]]]}},{"type":"Feature","properties":{"TOWN":"T7 R11 WELS"},"geometry":{"type":"Polygon","coordinates":[[[-69.22,46.3064],[-69.0856,46.3063],[-69.0851,46.2159],[-69.2172,46.2149],[-69.2174,46.2501],[-69.22,46.3064]]]}},{"type":"Feature","properties":{"TOWN":"T7 R13 WELS"},"geometry":{"type":"Polygon","coordinates":[[[-69.3448,46.3056],[-69.3454,46.2135],[-69.4719,46.2127],[-69.4734,46.3055],[-69.3448,46.3056]]]}},{"type":"Feature","properties":{"TOWN":"T7 R10 WELS"},"geometry":{"type":"Polygon","coordinates":[[[-68.9512,46.3062],[-68.9526,46.2163],[-69.0851,46.2159],[-69.0856,46.3063],[-68.9512,46.3062]]]}},{"type":"Feature","properties":{"TOWN":"T7 R9 WELS"},"geometry":{"type":"Polygon","coordinates":[[[-68.8203,46.3051],[-68.8206,46.2151],[-68.9526,46.2163],[-68.9512,46.3062],[-68.8203,46.3051]]]}},{"type":"Feature","properties":{"TOWN":"T7 R8 WELS"},"geometry":{"type":"Polygon","coordinates":[[[-68.6953,46.3049],[-68.694,46.2143],[-68.8206,46.2151],[-68.8203,46.3051],[-68.6953,46.3049]]]}},{"type":"Feature","properties":{"TOWN":"Boothbay"},"geometry":{"type":"Polygon","coordinates":[[[-69.5997,43.853],[-69.6022,43.8691],[-69.6394,43.8731],[-69.6652,43.8654],[-69.668,43.8664],[-69.6719,43.8647],[-69.6749,43.8644],[-69.6798,43.8665],[-69.6838,43.867],[-69.6852,43.8701],[-69.6899,43.8713],[-69.6899,43.8753],[-69.6919,43.8851],[-69.6908,43.8925],[-69.6862,43.9087],[-69.6846,43.9122],[-69.6804,43.9183],[-69.6759,43.9229],[-69.6655,43.928],[-69.6582,43.9297],[-69.6507,43.935],[-69.6373,43.9356],[-69.6361,43.9403],[-69.6346,43.9413],[-69.593,43.9357],[-69.5849,43.9331],[-69.5844,43.927],[-69.578,43.9265],[-69.5753,43.922],[-69.5715,43.9187],[-69.5707,43.9169],[-69.5711,43.9137],[-69.5727,43.9053],[-69.5742,43.9025],[-69.5799,43.8961],[-69.5807,43.8906],[-69.5843,43.8861],[-69.584,43.8785],[-69.5831,43.8755],[-69.5781,43.8671],[-69.5746,43.8635],[-69.57,43.8605],[-69.5687,43.8587],[-69.5715,43.846],[-69.5707,43.8405],[-69.5726,43.8275],[-69.5722,43.8227],[-69.5626,43.8048],[-69.5558,43.7965],[-69.5156,43.7599],[-69.5142,43.7501],[-69.5157,43.7414],[-69.5191,43.7321],[-69.5245,43.724],[-69.5353,43.7145],[-69.5509,43.7072],[-69.5666,43.7028],[-69.5846,43.702],[-69.5967,43.7033],[-69.6078,43.7004],[-69.6173,43.6998],[-69.6315,43.7009],[-69.644,43.7036],[-69.6556,43.7072],[-69.6647,43.7118],[-69.6362,43.7712],[-69.6308,43.7794],[-69.6166,43.7961],[-69.6128,43.8019],[-69.6123,43.8052],[-69.6133,43.8084],[-69.6222,43.8173],[-69.6105,43.8292],[-69.6086,43.8353],[-69.6095,43.8394],[-69.6089,43.843],[-69.5997,43.853]]]}},{"type":"Feature","properties":{"TOWN":"South Bristol"},"geometry":{"type":"Polygon","coordinates":[[[-69.5352,43.9915],[-69.5317,43.9187],[-69.5326,43.9151],[-69.5323,43.909],[-69.5335,43.9044],[-69.5397,43.9016],[-69.542,43.8981],[-69.5429,43.8956],[-69.5424,43.8903],[-69.5439,43.8806],[-69.5438,43.876],[-69.5415,43.8678],[-69.533,43.8502],[-69.531,43.8385],[-69.5311,43.8222],[-69.5058,43.7782],[-69.506,43.7757],[-69.5075,43.7724],[-69.5121,43.7644],[-69.5158,43.761],[-69.5156,43.7599],[-69.5556,43.7964],[-69.5634,43.8063],[-69.5674,43.8148],[-69.5716,43.8213],[-69.5727,43.825],[-69.5707,43.8403],[-69.5715,43.8462],[-69.5688,43.8563],[-69.5688,43.8589],[-69.5781,43.8671],[-69.5839,43.8779],[-69.5843,43.8861],[-69.5807,43.8906],[-69.5799,43.8961],[-69.5742,43.9025],[-69.5727,43.9053],[-69.5711,43.9137],[-69.5707,43.9169],[-69.5715,43.9187],[-69.5753,43.922],[-69.578,43.9265],[-69.5837,43.9267],[-69.5849,43.9287],[-69.5844,43.9407],[-69.5813,43.9446],[-69.5783,43.9533],[-69.5716,43.9577],[-69.5717,43.9596],[-69.5738,43.9623],[-69.5737,43.968],[-69.5718,43.9703],[-69.5683,43.9714],[-69.5641,43.9786],[-69.5535,43.9866],[-69.5504,43.9922],[-69.5471,43.9953],[-69.5352,43.9915]]]}},{"type":"Feature","properties":{"TOWN":"Dudley Twp"},"geometry":{"type":"Polygon","coordinates":[[[-68.04,46.2952],[-68.0402,46.2075],[-68.1667,46.2068],[-68.1659,46.2945],[-68.04,46.2952]]]}},{"type":"Feature","properties":{"TOWN":"T7 R5 WELS"},"geometry":{"type":"Polygon","coordinates":[[[-68.3042,46.2068],[-68.4374,46.2075],[-68.4369,46.2946],[-68.3052,46.2947],[-68.3042,46.2068]]]}},{"type":"Feature","properties":{"TOWN":"T7 R6 WELS"},"geometry":{"type":"Polygon","coordinates":[[[-68.4374,46.2075],[-68.4692,46.2068],[-68.5647,46.207],[-68.5667,46.2946],[-68.4369,46.2946],[-68.4374,46.2075]]]}},{"type":"Feature","properties":{"TOWN":"Littleton"},"geometry":{"type":"Polygon","coordinates":[[[-67.7815,46.1862],[-67.8405,46.1853],[-67.9037,46.1855],[-67.9038,46.1896],[-67.902,46.1897],[-67.9016,46.2282],[-67.9083,46.2281],[-67.9083,46.2501],[-67.907,46.2795],[-67.7821,46.2794],[-67.7815,46.1862]]]}},{"type":"Feature","properties":{"TOWN":"Hammond"},"geometry":{"type":"Polygon","coordinates":[[[-67.902,46.1897],[-68.0403,46.1874],[-68.0402,46.2768],[-67.9071,46.2765],[-67.9083,46.2501],[-67.9083,46.2281],[-67.9016,46.2282],[-67.902,46.1897]]]}},{"type":"Feature","properties":{"TOWN":"T6 R18 WELS"},"geometry":{"type":"Polygon","coordinates":[[[-69.9858,46.2119],[-69.9859,46.1232],[-70.0525,46.1226],[-70.0526,46.1232],[-70.0549,46.1233],[-70.1147,46.1235],[-70.1156,46.2117],[-69.9858,46.2119]]]}},{"type":"Feature","properties":{"TOWN":"T6 R10 WELS"},"geometry":{"type":"Polygon","coordinates":[[[-68.9526,46.2163],[-68.9539,46.1261],[-69.0852,46.1263],[-69.0851,46.2159],[-68.9526,46.2163]]]}},{"type":"Feature","properties":{"TOWN":"T6 R17 WELS"},"geometry":{"type":"Polygon","coordinates":[[[-69.8587,46.212],[-69.8578,46.1229],[-69.9859,46.1232],[-69.9858,46.2119],[-69.8865,46.2125],[-69.8587,46.212]]]}},{"type":"Feature","properties":{"TOWN":"Freeport"},"geometry":{"type":"Polygon","coordinates":[[[-70.0136,43.8512],[-70.0141,43.8494],[-70.0181,43.8454],[-70.0269,43.8382],[-70.0372,43.8248],[-70.0284,43.8167],[-70.0376,43.8118],[-70.0609,43.7931],[-70.0612,43.7915],[-70.0571,43.7809],[-70.0573,43.778],[-70.0588,43.7764],[-70.0678,43.7731],[-70.0698,43.7708],[-70.0843,43.781],[-70.0842,43.7841],[-70.0857,43.7868],[-70.0884,43.7895],[-70.0919,43.7913],[-70.1023,43.7914],[-70.1156,43.796],[-70.1224,43.7966],[-70.1372,43.7928],[-70.1411,43.794],[-70.1454,43.7972],[-70.1494,43.7973],[-70.1534,43.8005],[-70.155,43.8042],[-70.1518,43.8083],[-70.1519,43.8107],[-70.1536,43.8131],[-70.1534,43.815],[-70.1524,43.8151],[-70.1522,43.8143],[-70.1509,43.8156],[-70.1536,43.8172],[-70.1522,43.8183],[-70.1534,43.8213],[-70.1524,43.8229],[-70.1714,43.8407],[-70.1657,43.8464],[-70.1674,43.8472],[-70.1613,43.8538],[-70.1627,43.8544],[-70.1405,43.88],[-70.1414,43.8804],[-70.1298,43.8937],[-70.1314,43.8945],[-70.1185,43.908],[-70.1159,43.9067],[-70.0923,43.932],[-70.0808,43.9265],[-70.0879,43.919],[-70.0466,43.8836],[-70.0483,43.8816],[-70.0399,43.8758],[-70.0436,43.8718],[-70.0356,43.8685],[-70.0387,43.8649],[-70.0136,43.8512]]]}},{"type":"Feature","properties":{"TOWN":"T6 R11 WELS"},"geometry":{"type":"Polygon","coordinates":[[[-69.0852,46.1263],[-69.2165,46.1256],[-69.2172,46.2149],[-69.0851,46.2159],[-69.0852,46.1263]]]}},{"type":"Feature","properties":{"TOWN":"T6 R15 WELS"},"geometry":{"type":"Polygon","coordinates":[[[-69.7305,46.2128],[-69.6025,46.213],[-69.6009,46.1236],[-69.6192,46.1238],[-69.6313,46.1204],[-69.6455,46.1198],[-69.7297,46.1213],[-69.7305,46.2128]]]}},{"type":"Feature","properties":{"TOWN":"T6 R12 WELS"},"geometry":{"type":"Polygon","coordinates":[[[-69.2165,46.1256],[-69.3451,46.1242],[-69.3458,46.1585],[-69.3454,46.2135],[-69.2172,46.2149],[-69.2165,46.1256]]]}},{"type":"Feature","properties":{"TOWN":"T6 R14 WELS"},"geometry":{"type":"Polygon","coordinates":[[[-69.4719,46.2127],[-69.4705,46.124],[-69.6009,46.1236],[-69.6025,46.213],[-69.4719,46.2127]]]}},{"type":"Feature","properties":{"TOWN":"Moro Plt"},"geometry":{"type":"Polygon","coordinates":[[[-68.4374,46.2075],[-68.3042,46.2068],[-68.302,46.1242],[-68.4363,46.1248],[-68.4369,46.1681],[-68.4364,46.1833],[-68.4374,46.2075]]]}},{"type":"Feature","properties":{"TOWN":"Oakfield"},"geometry":{"type":"Polygon","coordinates":[[[-68.0397,46.1228],[-68.04,46.0387],[-68.1672,46.0376],[-68.1673,46.1235],[-68.0397,46.1228]]]}},{"type":"Feature","properties":{"TOWN":"Mount Chase"},"geometry":{"type":"Polygon","coordinates":[[[-68.5634,46.125],[-68.4363,46.1248],[-68.4369,46.0429],[-68.4323,46.0356],[-68.5634,46.0355],[-68.5634,46.125]]]}},{"type":"Feature","properties":{"TOWN":"Island Falls"},"geometry":{"type":"Polygon","coordinates":[[[-68.167,45.9439],[-68.2973,45.9442],[-68.2987,45.9504],[-68.2998,46.0365],[-68.1672,46.0376],[-68.167,45.9439]]]}},{"type":"Feature","properties":{"TOWN":"T4 R15 WELS"},"geometry":{"type":"Polygon","coordinates":[[[-69.5998,46.0361],[-69.6002,45.9738],[-69.5993,45.936],[-69.6686,45.9351],[-69.6836,45.9836],[-69.7286,45.9769],[-69.7288,46.0378],[-69.6944,46.0379],[-69.633,46.036],[-69.5998,46.0361]]]}},{"type":"Feature","properties":{"TOWN":"Crystal"},"geometry":{"type":"Polygon","coordinates":[[[-68.2975,45.9454],[-68.3077,45.9453],[-68.3077,45.9442],[-68.4276,45.9446],[-68.4317,45.9525],[-68.4318,45.9543],[-68.4323,46.0356],[-68.2998,46.0365],[-68.2988,45.9537],[-68.2986,45.9488],[-68.2975,45.9454]]]}},{"type":"Feature","properties":{"TOWN":"Dole Brook Twp"},"geometry":{"type":"Polygon","coordinates":[[[-70.0909,45.943],[-70.2186,45.924],[-70.2451,46.0124],[-70.1174,46.033],[-70.1006,45.9764],[-70.1014,45.9762],[-70.0909,45.943]]]}},{"type":"Feature","properties":{"TOWN":"T4 R14 WELS"},"geometry":{"type":"Polygon","coordinates":[[[-69.5998,46.0361],[-69.4707,46.0365],[-69.47,45.9376],[-69.5993,45.936],[-69.6002,45.9738],[-69.5998,46.0361]]]}},{"type":"Feature","properties":{"TOWN":"T4 R11 WELS"},"geometry":{"type":"Polygon","coordinates":[[[-69.0864,46.0369],[-69.0862,45.938],[-69.2151,45.9378],[-69.2158,46.0375],[-69.0864,46.0369]]]}},{"type":"Feature","properties":{"TOWN":"T4 R12 WELS"},"geometry":{"type":"Polygon","coordinates":[[[-69.2151,45.9378],[-69.2709,45.9391],[-69.3264,45.9393],[-69.3334,45.9452],[-69.3362,45.9514],[-69.3363,45.9556],[-69.3335,45.9629],[-69.3333,45.9654],[-69.3378,45.9772],[-69.3375,45.9862],[-69.3381,45.9896],[-69.3478,46.0041],[-69.3655,46.0263],[-69.3701,46.0364],[-69.2158,46.0375],[-69.2151,45.9378]]]}},{"type":"Feature","properties":{"TOWN":"T4 R13 WELS"},"geometry":{"type":"Polygon","coordinates":[[[-69.3701,46.0364],[-69.3655,46.0263],[-69.3478,46.0041],[-69.3381,45.9896],[-69.3375,45.9862],[-69.3378,45.9772],[-69.3333,45.9654],[-69.3335,45.9629],[-69.3363,45.9556],[-69.3362,45.9514],[-69.3334,45.9452],[-69.3264,45.9393],[-69.47,45.9376],[-69.4707,46.0365],[-69.3701,46.0364]]]}},{"type":"Feature","properties":{"TOWN":"T3 R13 WELS"},"geometry":{"type":"Polygon","coordinates":[[[-69.3264,45.9393],[-69.3207,45.9363],[-69.3224,45.8503],[-69.4505,45.8484],[-69.4528,45.9378],[-69.3264,45.9393]]]}},{"type":"Feature","properties":{"TOWN":"T3 R12 WELS"},"geometry":{"type":"Polygon","coordinates":[[[-69.2709,45.9391],[-69.1917,45.9374],[-69.1944,45.8972],[-69.1941,45.8787],[-69.195,45.8519],[-69.2928,45.8515],[-69.3224,45.8503],[-69.3207,45.9363],[-69.3264,45.9393],[-69.2709,45.9391]]]}},{"type":"Feature","properties":{"TOWN":"Lobster Twp"},"geometry":{"type":"Polygon","coordinates":[[[-69.4528,45.9378],[-69.4501,45.8319],[-69.5004,45.8311],[-69.4979,45.8244],[-69.4995,45.8241],[-69.4995,45.8252],[-69.5516,45.8169],[-69.5517,45.8751],[-69.5528,45.8939],[-69.5528,45.9169],[-69.5541,45.9366],[-69.4528,45.9378]]]}},{"type":"Feature","properties":{"TOWN":"T3 R11 WELS"},"geometry":{"type":"Polygon","coordinates":[[[-69.1917,45.9374],[-69.0725,45.9379],[-69.0721,45.8534],[-69.1393,45.8521],[-69.195,45.8519],[-69.1941,45.8787],[-69.1944,45.8972],[-69.1917,45.9374]]]}},{"type":"Feature","properties":{"TOWN":"Prentiss Twp T4 R4 NBKP"},"geometry":{"type":"Polygon","coordinates":[[[-70.1858,45.8367],[-70.3142,45.8195],[-70.3227,45.8555],[-70.3215,45.8562],[-70.3187,45.8558],[-70.3137,45.8581],[-70.3078,45.8589],[-70.303,45.8633],[-70.2952,45.8658],[-70.2876,45.8709],[-70.2845,45.8717],[-70.2813,45.874],[-70.2797,45.8765],[-70.2739,45.8798],[-70.2729,45.8826],[-70.2705,45.8843],[-70.2622,45.888],[-70.2598,45.8899],[-70.2591,45.8916],[-70.263,45.8922],[-70.2657,45.8937],[-70.2633,45.8963],[-70.2609,45.8973],[-70.2601,45.899],[-70.2553,45.9014],[-70.2534,45.9035],[-70.2539,45.9039],[-70.2534,45.9074],[-70.2595,45.9097],[-70.2596,45.9108],[-70.2582,45.9125],[-70.2589,45.9151],[-70.2575,45.9158],[-70.2573,45.9181],[-70.2137,45.9247],[-70.1858,45.8367]]]}},{"type":"Feature","properties":{"TOWN":"Haynesville"},"geometry":{"type":"Polygon","coordinates":[[[-67.914,45.7806],[-67.9387,45.7763],[-67.9374,45.7732],[-67.9651,45.7733],[-67.9655,45.7716],[-67.9648,45.7701],[-67.9596,45.7669],[-67.9594,45.7647],[-67.9566,45.7595],[-67.9583,45.7566],[-67.957,45.7532],[-67.9578,45.7492],[-68.0346,45.7485],[-68.0325,45.8588],[-68.0342,45.8588],[-68.0345,45.8642],[-67.914,45.8649],[-67.9153,45.8049],[-67.914,45.8049],[-67.914,45.7806]]]}},{"type":"Feature","properties":{"TOWN":"Glenwood Plt"},"geometry":{"type":"Polygon","coordinates":[[[-68.0326,45.8543],[-68.0341,45.7655],[-68.1666,45.766],[-68.165,45.8559],[-68.0326,45.8543]]]}},{"type":"Feature","properties":{"TOWN":"Herseytown Twp"},"geometry":{"type":"Polygon","coordinates":[[[-68.5586,45.8555],[-68.4266,45.8534],[-68.4276,45.7599],[-68.5594,45.7615],[-68.5586,45.8555]]]}},{"type":"Feature","properties":{"TOWN":"T2 R10 WELS"},"geometry":{"type":"Polygon","coordinates":[[[-68.9488,45.8558],[-68.9491,45.7609],[-69.0736,45.7605],[-69.0739,45.823],[-69.072,45.8231],[-69.0721,45.8534],[-68.9488,45.8558]]]}},{"type":"Feature","properties":{"TOWN":"T2 R9 WELS"},"geometry":{"type":"Polygon","coordinates":[[[-68.824,45.857],[-68.8259,45.7611],[-68.9491,45.7609],[-68.9488,45.8558],[-68.824,45.857]]]}},{"type":"Feature","properties":{"TOWN":"TX R14 WELS"},"geometry":{"type":"Polygon","coordinates":[[[-69.4501,45.8319],[-69.4462,45.7551],[-69.4727,45.754],[-69.5004,45.8311],[-69.4501,45.8319]]]}},{"type":"Feature","properties":{"TOWN":"East Middlesex Canal Grant Twp"},"geometry":{"type":"Polygon","coordinates":[[[-69.4995,45.8241],[-69.4979,45.8244],[-69.4727,45.754],[-69.6261,45.7289],[-69.6364,45.7615],[-69.6399,45.7716],[-69.6408,45.7722],[-69.64,45.7727],[-69.6417,45.7736],[-69.6449,45.7736],[-69.6446,45.7729],[-69.6471,45.7734],[-69.6458,45.7742],[-69.6464,45.7767],[-69.6521,45.7812],[-69.6528,45.7887],[-69.6509,45.7911],[-69.6456,45.7925],[-69.639,45.7899],[-69.6347,45.7869],[-69.6373,45.7911],[-69.6359,45.7936],[-69.6374,45.796],[-69.6369,45.7994],[-69.6389,45.8018],[-69.6377,45.8033],[-69.4995,45.8252],[-69.4995,45.8241]]]}},{"type":"Feature","properties":{"TOWN":"Friendship"},"geometry":{"type":"Polygon","coordinates":[[[-69.3546,44.0143],[-69.3482,44.0181],[-69.3452,44.0186],[-69.3434,44.0168],[-69.3436,44.0146],[-69.338,44.0114],[-69.3383,44.0094],[-69.3368,44.0091],[-69.3367,44.0074],[-69.3343,44.0056],[-69.3347,44.0047],[-69.3296,44.0067],[-69.3281,44.0059],[-69.3264,44.0076],[-69.3293,44.0089],[-69.3273,44.0095],[-69.3274,44.0125],[-69.3284,44.0135],[-69.3269,44.015],[-69.3268,44.0176],[-69.3258,44.0187],[-69.3261,44.0198],[-69.3247,44.0206],[-69.325,44.0215],[-69.3222,44.0225],[-69.3232,44.0238],[-69.3222,44.0251],[-69.3202,44.0258],[-69.3199,44.0268],[-69.3189,44.0266],[-69.3186,44.0275],[-69.3186,44.0304],[-69.3194,44.0308],[-69.3185,44.0317],[-69.3204,44.0334],[-69.3186,44.0355],[-69.3186,44.0372],[-69.3169,44.0389],[-69.3154,44.0396],[-69.3147,44.0392],[-69.3125,44.0408],[-69.3116,44.0417],[-69.3118,44.0427],[-69.3093,44.0453],[-69.3054,44.0448],[-69.3032,44.0467],[-69.2998,44.0461],[-69.2986,44.0467],[-69.2982,44.048],[-69.2992,44.0504],[-69.2973,44.0511],[-69.297,44.0525],[-69.2997,44.0527],[-69.3006,44.0538],[-69.2991,44.0559],[-69.2995,44.0577],[-69.2982,44.058],[-69.298,44.059],[-69.2823,44.0526],[-69.2818,44.0225],[-69.2767,44.0205],[-69.2846,44.0161],[-69.2855,44.0133],[-69.2872,44.0118],[-69.2898,44.0064],[-69.2975,43.9977],[-69.3006,43.9913],[-69.3023,43.9897],[-69.3092,43.9866],[-69.3168,43.9751],[-69.3213,43.9719],[-69.3215,43.9661],[-69.3181,43.9541],[-69.3236,43.9375],[-69.3236,43.931],[-69.3219,43.9252],[-69.3334,43.9162],[-69.3741,43.8753],[-69.3787,43.8713],[-69.3845,43.8683],[-69.3942,43.858],[-69.3978,43.8642],[-69.3977,43.8719],[-69.364,44.0129],[-69.3611,44.0111],[-69.3578,44.0108],[-69.3546,44.0143]]]}},{"type":"Feature","properties":{"TOWN":"Weston"},"geometry":{"type":"Polygon","coordinates":[[[-67.8829,45.7737],[-67.8048,45.7737],[-67.8054,45.7696],[-67.8092,45.7674],[-67.8061,45.7553],[-67.793,45.7506],[-67.7818,45.7311],[-67.8096,45.7296],[-67.8029,45.6961],[-67.818,45.6938],[-67.8057,45.6801],[-67.8736,45.6693],[-67.8782,45.6722],[-67.8867,45.6729],[-67.8891,45.6718],[-67.8911,45.6737],[-67.8966,45.6753],[-67.8986,45.6781],[-67.9023,45.6801],[-67.9083,45.6969],[-67.9173,45.6953],[-67.9196,45.7024],[-67.9273,45.7011],[-67.9302,45.709],[-67.9223,45.7104],[-67.9246,45.7174],[-67.916,45.7189],[-67.9387,45.7763],[-67.8873,45.7855],[-67.8829,45.7737]]]}},{"type":"Feature","properties":{"TOWN":"Days Academy Grant Twp"},"geometry":{"type":"Polygon","coordinates":[[[-69.6643,45.7754],[-69.6611,45.7742],[-69.6583,45.7714],[-69.6555,45.7713],[-69.6548,45.7699],[-69.6535,45.7693],[-69.6482,45.77],[-69.6439,45.767],[-69.6421,45.7666],[-69.6383,45.7668],[-69.643,45.7676],[-69.6422,45.7688],[-69.641,45.769],[-69.6399,45.7716],[-69.6328,45.7509],[-69.6111,45.6824],[-69.6393,45.6784],[-69.6384,45.6792],[-69.6389,45.6792],[-69.64,45.6779],[-69.6411,45.6783],[-69.6775,45.6726],[-69.6777,45.6765],[-69.6758,45.6798],[-69.6756,45.6839],[-69.6739,45.6874],[-69.6755,45.6913],[-69.674,45.6935],[-69.6755,45.6941],[-69.6727,45.6971],[-69.674,45.6975],[-69.6755,45.6994],[-69.6731,45.6986],[-69.673,45.6996],[-69.6741,45.7001],[-69.6741,45.701],[-69.6724,45.7007],[-69.6727,45.7018],[-69.6711,45.7036],[-69.6728,45.7031],[-69.6742,45.7043],[-69.6771,45.7032],[-69.677,45.7044],[-69.6783,45.7044],[-69.681,45.7064],[-69.6821,45.7048],[-69.6834,45.7054],[-69.6832,45.7041],[-69.6843,45.7044],[-69.6849,45.7021],[-69.6841,45.7023],[-69.6836,45.7014],[-69.6829,45.7023],[-69.6822,45.7023],[-69.6838,45.6991],[-69.6847,45.6996],[-69.6851,45.6934],[-69.6831,45.6911],[-69.6835,45.6893],[-69.6813,45.6882],[-69.6833,45.6856],[-69.684,45.683],[-69.6867,45.6819],[-69.6889,45.6831],[-69.6906,45.6861],[-69.6943,45.6886],[-69.6996,45.6942],[-69.702,45.6942],[-69.7041,45.6892],[-69.7072,45.6887],[-69.7076,45.6899],[-69.7081,45.6889],[-69.7086,45.6887],[-69.7083,45.6893],[-69.7098,45.6897],[-69.7068,45.6935],[-69.708,45.6938],[-69.7093,45.6928],[-69.7131,45.6944],[-69.7133,45.6953],[-69.7169,45.6952],[-69.7178,45.6963],[-69.717,45.6978],[-69.718,45.6998],[-69.7189,45.7005],[-69.7215,45.7],[-69.7181,45.7015],[-69.7159,45.707],[-69.7125,45.711],[-69.7123,45.7126],[-69.714,45.7143],[-69.7155,45.7179],[-69.7215,45.7237],[-69.7232,45.7291],[-69.7232,45.7342],[-69.7221,45.7363],[-69.7178,45.7405],[-69.7121,45.7442],[-69.7093,45.7492],[-69.7048,45.7549],[-69.6989,45.7585],[-69.6933,45.7647],[-69.6898,45.7664],[-69.6837,45.7667],[-69.6818,45.7706],[-69.6756,45.7752],[-69.6723,45.7764],[-69.6643,45.7754]]]}},{"type":"Feature","properties":{"TOWN":"T1 R6 WELS"},"geometry":{"type":"Polygon","coordinates":[[[-68.4307,45.7599],[-68.4325,45.6678],[-68.5616,45.6693],[-68.5594,45.7615],[-68.4307,45.7599]]]}},{"type":"Feature","properties":{"TOWN":"Upper Molunkus Twp"},"geometry":{"type":"Polygon","coordinates":[[[-68.1669,45.7164],[-68.2988,45.7169],[-68.2986,45.7586],[-68.1668,45.7579],[-68.1669,45.7164]]]}},{"type":"Feature","properties":{"TOWN":"Spencer Bay Twp"},"geometry":{"type":"MultiPolygon","coordinates":[[[[-69.6775,45.6726],[-69.6414,45.678],[-69.6411,45.6776],[-69.6445,45.6758],[-69.644,45.6754],[-69.646,45.6748],[-69.6492,45.6706],[-69.6529,45.6689],[-69.6534,45.6674],[-69.6601,45.6681],[-69.6637,45.6659],[-69.6683,45.6652],[-69.6716,45.6618],[-69.6723,45.6632],[-69.6734,45.6626],[-69.6773,45.6632],[-69.678,45.6649],[-69.6778,45.6671],[-69.6766,45.6682],[-69.6774,45.6693],[-69.6775,45.6726]]],[[[-69.4521,45.6721],[-69.5688,45.6712],[-69.5678,45.6736],[-69.5689,45.6754],[-69.5678,45.6767],[-69.5687,45.6777],[-69.5662,45.6786],[-69.5634,45.6785],[-69.5619,45.68],[-69.5618,45.6813],[-69.5598,45.6821],[-69.5563,45.6814],[-69.556,45.6843],[-69.5529,45.6823],[-69.5477,45.684],[-69.5547,45.6891],[-69.5556,45.6918],[-69.5569,45.6919],[-69.5569,45.6945],[-69.5542,45.698],[-69.5529,45.6983],[-69.5537,45.6973],[-69.5499,45.6985],[-69.5438,45.6973],[-69.542,45.6975],[-69.5426,45.6981],[-69.5407,45.6989],[-69.5454,45.6988],[-69.5567,45.7097],[-69.5556,45.7105],[-69.5562,45.712],[-69.5579,45.7131],[-69.56,45.717],[-69.5613,45.7172],[-69.5608,45.7182],[-69.5674,45.7213],[-69.5672,45.7252],[-69.5678,45.7217],[-69.5692,45.7213],[-69.5703,45.7181],[-69.5725,45.7174],[-69.5723,45.7149],[-69.5735,45.7125],[-69.573,45.7104],[-69.5736,45.7088],[-69.5747,45.7085],[-69.5748,45.7094],[-69.5775,45.7087],[-69.5801,45.7093],[-69.5842,45.7089],[-69.5843,45.7099],[-69.586,45.7104],[-69.5871,45.7119],[-69.5873,45.711],[-69.5859,45.7099],[-69.5872,45.7088],[-69.5862,45.7042],[-69.5869,45.7039],[-69.5893,45.7056],[-69.5917,45.7031],[-69.5892,45.7033],[-69.5883,45.6994],[-69.5865,45.6976],[-69.5872,45.692],[-69.5883,45.6911],[-69.5892,45.6912],[-69.589,45.6921],[-69.5907,45.692],[-69.592,45.6932],[-69.5939,45.6935],[-69.5933,45.6954],[-69.5939,45.6955],[-69.5926,45.697],[-69.5932,45.6992],[-69.5947,45.6984],[-69.5953,45.6991],[-69.5989,45.6994],[-69.5998,45.6981],[-69.6038,45.6989],[-69.6038,45.6979],[-69.6023,45.6965],[-69.6029,45.6942],[-69.6009,45.6923],[-69.5994,45.6921],[-69.6039,45.6838],[-69.6078,45.6821],[-69.6129,45.6774],[-69.6126,45.6763],[-69.6112,45.6757],[-69.6118,45.6744],[-69.6147,45.6744],[-69.6148,45.6728],[-69.6134,45.6733],[-69.6127,45.6725],[-69.6126,45.6707],[-69.6136,45.6702],[-69.6121,45.6701],[-69.612,45.6692],[-69.6148,45.6687],[-69.6168,45.6705],[-69.6165,45.672],[-69.6195,45.6701],[-69.6197,45.6709],[-69.6215,45.6707],[-69.6208,45.6717],[-69.6216,45.6722],[-69.6231,45.6714],[-69.6269,45.6721],[-69.6248,45.672],[-69.626,45.6726],[-69.6276,45.6727],[-69.6273,45.672],[-69.6293,45.6725],[-69.6307,45.6732],[-69.6292,45.6738],[-69.6294,45.6748],[-69.633,45.6774],[-69.6385,45.6784],[-69.6111,45.6824],[-69.6261,45.7289],[-69.4729,45.754],[-69.4462,45.7551],[-69.444,45.6834],[-69.4521,45.6721]]]]}},{"type":"Feature","properties":{"TOWN":"North Yarmouth Academy Grant Twp"},"geometry":{"type":"Polygon","coordinates":[[[-68.1669,45.7164],[-68.1662,45.6733],[-68.2994,45.6731],[-68.2988,45.7169],[-68.1669,45.7164]]]}},{"type":"Feature","properties":{"TOWN":"T3 Indian Purchase Twp"},"geometry":{"type":"Polygon","coordinates":[[[-68.6823,45.6771],[-68.686,45.6766],[-68.6863,45.6773],[-68.7533,45.6654],[-68.7409,45.6388],[-68.7351,45.6393],[-68.7234,45.6368],[-68.7186,45.6297],[-68.7181,45.6261],[-68.7139,45.6232],[-68.7136,45.6213],[-68.7121,45.6206],[-68.7115,45.6188],[-68.7121,45.6177],[-68.7111,45.6165],[-68.7045,45.6143],[-68.7004,45.6107],[-68.6949,45.614],[-68.6896,45.611],[-68.6843,45.6114],[-68.6829,45.6125],[-68.6796,45.6185],[-68.6765,45.6274],[-68.6702,45.6321],[-68.6643,45.6131],[-68.7208,45.604],[-68.7957,45.5932],[-68.8056,45.6251],[-68.8271,45.6848],[-68.7495,45.6968],[-68.6921,45.7071],[-68.6823,45.6771]]]}},{"type":"Feature","properties":{"TOWN":"Knox County Island"},"geometry":{"type":"MultiPolygon","coordinates":[[[[-69.083,43.8257],[-69.0942,43.8189],[-69.1056,43.8141],[-69.1189,43.811],[-69.1222,43.8077],[-69.1413,43.7984],[-69.1498,43.7957],[-69.1605,43.7937],[-69.171,43.7932],[-69.1858,43.7938],[-69.1972,43.796],[-69.2068,43.8],[-69.2181,43.8063],[-69.2266,43.8122],[-69.2328,43.8192],[-69.2366,43.8256],[-69.1196,43.9458],[-69.1119,43.9426],[-69.1072,43.942],[-69.1018,43.9429],[-69.0775,43.9529],[-69.0683,43.9537],[-69.054,43.9568],[-69.0433,43.9633],[-69.0373,43.9655],[-68.9887,43.961],[-68.9806,43.9594],[-68.9773,43.9563],[-68.9722,43.9495],[-68.9632,43.9455],[-68.9564,43.9412],[-68.9497,43.9347],[-68.9434,43.9269],[-68.9388,43.914],[-68.9387,43.9126],[-68.9412,43.908],[-69.0228,43.8425],[-69.0343,43.8464],[-69.0444,43.8515],[-69.0559,43.8589],[-69.058,43.8525],[-69.0649,43.8419],[-69.0709,43.8356],[-69.0762,43.8323],[-69.083,43.8257]]],[[[-69.3666,44.0018],[-69.3665,44.0012],[-69.3669,44.0008],[-69.3666,44.0018]]],[[[-69.3648,44.0097],[-69.3645,44.0095],[-69.3648,44.0094],[-69.3648,44.0097]]],[[[-68.7761,43.8895],[-68.7747,43.887],[-68.7519,43.8642],[-68.7489,43.8325],[-68.8177,43.8705],[-68.7761,43.8895]]],[[[-68.8043,44.098],[-68.8046,44.0985],[-68.804,44.0983],[-68.8043,44.098]]],[[[-68.8049,44.099],[-68.8047,44.0993],[-68.8046,44.099],[-68.8049,44.099]]],[[[-68.7989,44.0991],[-68.799,44.0992],[-68.7988,44.0993],[-68.7989,44.0991]]],[[[-68.8057,44.1],[-68.8052,44.0986],[-68.8069,44.0998],[-68.8057,44.1]]],[[[-68.8014,44.0994],[-68.8027,44.099],[-68.8021,44.0997],[-68.804,44.1015],[-68.8015,44.102],[-68.799,44.1004],[-68.8001,44.0988],[-68.8014,44.0994]]],[[[-68.8063,44.1007],[-68.8061,44.1007],[-68.8062,44.1006],[-68.8063,44.1007]]],[[[-68.9783,44.1592],[-68.9782,44.1594],[-68.9781,44.1593],[-68.9783,44.1592]]],[[[-68.9778,44.1599],[-68.9788,44.1598],[-68.9793,44.1595],[-68.978,44.1609],[-68.9778,44.1599]]],[[[-68.9789,44.1624],[-68.9785,44.1623],[-68.9789,44.1623],[-68.9789,44.1624]]],[[[-68.9785,44.1632],[-68.9783,44.1633],[-68.9782,44.1632],[-68.9785,44.1632]]],[[[-68.8863,44.1902],[-68.8859,44.1904],[-68.8858,44.1903],[-68.8863,44.1902]]]]}},{"type":"Feature","properties":{"TOWN":"Danforth"},"geometry":{"type":"Polygon","coordinates":[[[-67.7543,45.6676],[-67.7542,45.6629],[-67.7524,45.6597],[-67.7396,45.6493],[-67.728,45.6357],[-67.7207,45.6305],[-67.7125,45.6263],[-67.7051,45.6204],[-67.6973,45.6105],[-67.7751,45.596],[-67.8745,45.5796],[-67.9396,45.568],[-67.9392,45.5703],[-67.9402,45.571],[-67.9394,45.5717],[-67.9394,45.5738],[-67.9404,45.5765],[-67.9438,45.579],[-67.9437,45.5801],[-67.9453,45.5834],[-67.9443,45.5856],[-67.947,45.5872],[-67.9464,45.5896],[-67.9471,45.59],[-67.9465,45.5913],[-67.9431,45.5932],[-67.9434,45.5953],[-67.9425,45.5952],[-67.9421,45.5979],[-67.9411,45.5984],[-67.9417,45.6005],[-67.9435,45.6011],[-67.9383,45.6066],[-67.9378,45.6121],[-67.9343,45.62],[-67.9347,45.6235],[-67.9371,45.6268],[-67.9384,45.6306],[-67.9374,45.6324],[-67.9346,45.6326],[-67.934,45.6353],[-67.9395,45.6472],[-67.9393,45.6509],[-67.9335,45.6592],[-67.897,45.6653],[-67.9023,45.6801],[-67.8986,45.6781],[-67.8966,45.6753],[-67.8911,45.6737],[-67.8893,45.6718],[-67.8867,45.6729],[-67.8782,45.6722],[-67.8736,45.6693],[-67.8057,45.6801],[-67.8035,45.6777],[-67.7687,45.6775],[-67.7543,45.6676]]]}},{"type":"Feature","properties":{"TOWN":"Lily Bay Twp"},"geometry":{"type":"Polygon","coordinates":[[[-69.4494,45.5826],[-69.5246,45.5817],[-69.5242,45.5838],[-69.526,45.5837],[-69.5294,45.5874],[-69.5276,45.5882],[-69.528,45.5905],[-69.5244,45.5893],[-69.5233,45.5868],[-69.5232,45.5873],[-69.5215,45.5867],[-69.5217,45.5874],[-69.521,45.587],[-69.5207,45.588],[-69.5189,45.588],[-69.5188,45.5887],[-69.517,45.5881],[-69.5164,45.5869],[-69.5169,45.5845],[-69.5153,45.5835],[-69.5134,45.5839],[-69.5115,45.5821],[-69.5115,45.5841],[-69.5128,45.5853],[-69.5115,45.5858],[-69.5133,45.5891],[-69.512,45.5896],[-69.5112,45.589],[-69.5122,45.5923],[-69.5112,45.5939],[-69.5105,45.5942],[-69.5097,45.594],[-69.5094,45.5942],[-69.5137,45.5945],[-69.5154,45.5959],[-69.5152,45.5967],[-69.5174,45.5978],[-69.5094,45.6006],[-69.5119,45.6007],[-69.511,45.601],[-69.5111,45.6022],[-69.5153,45.6018],[-69.518,45.6037],[-69.5238,45.606],[-69.5218,45.6046],[-69.5223,45.6041],[-69.5262,45.6063],[-69.5255,45.6075],[-69.526,45.6081],[-69.5269,45.608],[-69.5264,45.6072],[-69.5271,45.6063],[-69.5296,45.6067],[-69.5291,45.6051],[-69.5301,45.6043],[-69.5289,45.6046],[-69.5303,45.6033],[-69.5329,45.6033],[-69.535,45.605],[-69.5389,45.6062],[-69.5422,45.6116],[-69.5521,45.6124],[-69.562,45.616],[-69.5641,45.6157],[-69.5692,45.619],[-69.5745,45.6196],[-69.5801,45.6234],[-69.5821,45.6238],[-69.5817,45.6247],[-69.5824,45.6258],[-69.5824,45.6243],[-69.5841,45.6248],[-69.5834,45.6252],[-69.584,45.6256],[-69.5852,45.6252],[-69.5844,45.6246],[-69.5847,45.6227],[-69.587,45.624],[-69.589,45.6226],[-69.5895,45.6201],[-69.5911,45.621],[-69.5927,45.6203],[-69.5891,45.6186],[-69.5866,45.6197],[-69.5879,45.6186],[-69.5882,45.6169],[-69.5931,45.616],[-69.5938,45.6183],[-69.5927,45.6216],[-69.5908,45.6219],[-69.5908,45.6235],[-69.5889,45.623],[-69.5879,45.6238],[-69.5917,45.6241],[-69.5968,45.6227],[-69.5988,45.6236],[-69.6029,45.6233],[-69.6132,45.6312],[-69.6155,45.6369],[-69.6105,45.6444],[-69.6062,45.6462],[-69.5998,45.6456],[-69.5976,45.6468],[-69.5967,45.649],[-69.5993,45.6524],[-69.6004,45.6576],[-69.5979,45.6569],[-69.5958,45.6541],[-69.594,45.653],[-69.5927,45.6528],[-69.5948,45.6544],[-69.5929,45.6553],[-69.5909,45.6536],[-69.5871,45.654],[-69.5893,45.6545],[-69.587,45.6548],[-69.5872,45.6562],[-69.5855,45.6582],[-69.5823,45.6592],[-69.5823,45.6598],[-69.5787,45.6603],[-69.5791,45.6611],[-69.577,45.6619],[-69.5772,45.6626],[-69.5755,45.6619],[-69.5717,45.6646],[-69.5718,45.6674],[-69.5707,45.6681],[-69.5704,45.6695],[-69.5688,45.6692],[-69.5688,45.6712],[-69.4521,45.6721],[-69.4494,45.5826]]]}},{"type":"Feature","properties":{"TOWN":"East Millinocket"},"geometry":{"type":"Polygon","coordinates":[[[-68.5616,45.6693],[-68.5624,45.6156],[-68.5727,45.6203],[-68.5868,45.6222],[-68.6073,45.6325],[-68.6116,45.6355],[-68.6141,45.6391],[-68.6151,45.6704],[-68.5616,45.6693]]]}},{"type":"Feature","properties":{"TOWN":"Jackman"},"geometry":{"type":"Polygon","coordinates":[[[-70.1177,45.5637],[-70.2438,45.5473],[-70.2547,45.5972],[-70.2551,45.5994],[-70.2545,45.6007],[-70.2576,45.6089],[-70.2584,45.6149],[-70.2573,45.6187],[-70.2578,45.6215],[-70.2589,45.6231],[-70.2585,45.6246],[-70.2638,45.6304],[-70.2669,45.6318],[-70.2665,45.6326],[-70.2687,45.641],[-70.2391,45.6455],[-70.201,45.6547],[-70.1961,45.6547],[-70.1375,45.6637],[-70.129,45.6298],[-70.1351,45.6265],[-70.1177,45.5637]]]}},{"type":"Feature","properties":{"TOWN":"T8 R4 NBPP"},"geometry":{"type":"Polygon","coordinates":[[[-67.9394,45.5677],[-68.0204,45.5533],[-68.048,45.6399],[-67.9335,45.6592],[-67.9385,45.6528],[-67.9397,45.6487],[-67.9341,45.6359],[-67.9346,45.6326],[-67.9374,45.6324],[-67.9384,45.6306],[-67.9371,45.6268],[-67.9347,45.6235],[-67.9343,45.62],[-67.9378,45.6121],[-67.9383,45.6066],[-67.9435,45.6011],[-67.9417,45.6005],[-67.9411,45.5984],[-67.9421,45.5979],[-67.9425,45.5952],[-67.9434,45.5953],[-67.9431,45.5932],[-67.9465,45.5913],[-67.9471,45.59],[-67.9464,45.5896],[-67.947,45.5872],[-67.9443,45.5856],[-67.9453,45.5834],[-67.9437,45.5801],[-67.9438,45.579],[-67.9402,45.5762],[-67.9393,45.5735],[-67.9394,45.5717],[-67.9402,45.5709],[-67.9392,45.5704],[-67.9394,45.5677]]]}},{"type":"Feature","properties":{"TOWN":"Attean Twp"},"geometry":{"type":"Polygon","coordinates":[[[-70.2438,45.5473],[-70.3703,45.5309],[-70.4013,45.621],[-70.2687,45.641],[-70.2665,45.6326],[-70.2669,45.6318],[-70.2638,45.6304],[-70.2585,45.6246],[-70.2589,45.6231],[-70.2578,45.6215],[-70.2573,45.6187],[-70.2584,45.6149],[-70.2576,45.6089],[-70.2545,45.6007],[-70.2551,45.5994],[-70.2547,45.5972],[-70.2438,45.5473]]]}},{"type":"Feature","properties":{"TOWN":"Piscataquis County Island"},"geometry":{"type":"MultiPolygon","coordinates":[[[[-69.7174,45.6005],[-69.7176,45.6004],[-69.7176,45.6005],[-69.7174,45.6005]]],[[[-69.719,45.6018],[-69.7189,45.6019],[-69.7189,45.6018],[-69.719,45.6018]]],[[[-69.7104,45.6019],[-69.7122,45.6021],[-69.71,45.6025],[-69.7104,45.6019]]],[[[-69.7098,45.6023],[-69.7098,45.6024],[-69.7097,45.6024],[-69.7098,45.6023]]],[[[-69.7125,45.6027],[-69.7128,45.6024],[-69.7129,45.6025],[-69.7125,45.6027]]],[[[-69.7142,45.6434],[-69.7151,45.6439],[-69.7149,45.6441],[-69.7142,45.6434]]],[[[-69.735,45.6592],[-69.7363,45.6587],[-69.7374,45.6576],[-69.7375,45.6594],[-69.735,45.6592]]],[[[-69.7629,45.6835],[-69.7624,45.6837],[-69.7623,45.6836],[-69.7629,45.6835]]],[[[-69.7295,45.6938],[-69.729,45.6937],[-69.7298,45.6936],[-69.7295,45.6938]]],[[[-69.7154,45.6944],[-69.7157,45.6948],[-69.7153,45.6947],[-69.7154,45.6944]]],[[[-69.7188,45.698],[-69.7187,45.6977],[-69.719,45.6978],[-69.7188,45.698]]],[[[-69.7981,45.724],[-69.7979,45.7242],[-69.7978,45.7239],[-69.7981,45.724]]],[[[-69.7748,45.7431],[-69.7623,45.7354],[-69.7572,45.7294],[-69.7577,45.7269],[-69.7557,45.7253],[-69.7578,45.7221],[-69.7583,45.7199],[-69.7606,45.7179],[-69.7634,45.7134],[-69.767,45.7133],[-69.7718,45.7174],[-69.7737,45.7177],[-69.7767,45.7207],[-69.7759,45.7318],[-69.7777,45.7383],[-69.7777,45.7416],[-69.7748,45.7431]]],[[[-69.8102,45.7387],[-69.81,45.7385],[-69.8102,45.7385],[-69.8102,45.7387]]],[[[-69.8188,45.7392],[-69.8186,45.739],[-69.8188,45.7391],[-69.8188,45.7392]]],[[[-69.7878,45.7453],[-69.7873,45.7449],[-69.7881,45.7451],[-69.7878,45.7453]]],[[[-69.8148,45.7461],[-69.8149,45.7458],[-69.8152,45.7459],[-69.8148,45.7461]]],[[[-69.7872,45.7497],[-69.7873,45.7495],[-69.7874,45.7496],[-69.7872,45.7497]]],[[[-69.7854,45.7508],[-69.7842,45.7508],[-69.7841,45.7505],[-69.7854,45.7508]]],[[[-69.7901,45.7514],[-69.7903,45.7513],[-69.7903,45.7513],[-69.7901,45.7514]]],[[[-69.7895,45.7544],[-69.7894,45.7542],[-69.7897,45.7543],[-69.7895,45.7544]]],[[[-69.7908,45.7587],[-69.7911,45.7588],[-69.7907,45.7588],[-69.7908,45.7587]]],[[[-69.7838,45.7665],[-69.7839,45.7659],[-69.7844,45.7661],[-69.7838,45.7665]]],[[[-69.7822,45.769],[-69.7801,45.7689],[-69.7809,45.7686],[-69.7822,45.769]]],[[[-69.7806,45.7706],[-69.7807,45.7704],[-69.7809,45.7705],[-69.7806,45.7706]]],[[[-69.7826,45.7711],[-69.7824,45.7716],[-69.7814,45.7714],[-69.7817,45.7712],[-69.7826,45.7711]]],[[[-69.7825,45.7743],[-69.7827,45.7743],[-69.7824,45.7744],[-69.7825,45.7743]]],[[[-69.7874,45.7779],[-69.7858,45.7778],[-69.7858,45.7773],[-69.787,45.777],[-69.7874,45.7779]]],[[[-69.7268,45.7775],[-69.7263,45.7778],[-69.7263,45.7776],[-69.7268,45.7775]]],[[[-69.7257,45.7781],[-69.7258,45.7778],[-69.726,45.778],[-69.7257,45.7781]]],[[[-69.7262,45.7783],[-69.7262,45.7781],[-69.7264,45.7781],[-69.7262,45.7783]]],[[[-69.7224,45.7786],[-69.7216,45.7789],[-69.7214,45.7788],[-69.7219,45.7783],[-69.7224,45.7786]]],[[[-69.7862,45.7788],[-69.7862,45.7786],[-69.7864,45.7786],[-69.7862,45.7788]]],[[[-69.7883,45.7834],[-69.788,45.7833],[-69.7882,45.783],[-69.7883,45.7834]]],[[[-69.794,45.7834],[-69.7945,45.7832],[-69.795,45.7834],[-69.7949,45.7835],[-69.794,45.7834]]],[[[-69.7994,45.7839],[-69.7988,45.7844],[-69.7988,45.7839],[-69.7994,45.7839]]],[[[-69.7866,45.7841],[-69.7866,45.7842],[-69.7865,45.7842],[-69.7866,45.7841]]],[[[-69.7861,45.7844],[-69.7854,45.7846],[-69.7851,45.7846],[-69.7855,45.7841],[-69.7861,45.7844]]],[[[-69.7922,45.7848],[-69.7923,45.7842],[-69.7924,45.7848],[-69.7922,45.7848]]],[[[-69.7859,45.7846],[-69.7862,45.7845],[-69.7862,45.7845],[-69.7859,45.7846]]],[[[-69.7962,45.7848],[-69.796,45.7845],[-69.7964,45.7847],[-69.7962,45.7848]]],[[[-69.7972,45.7851],[-69.7967,45.7847],[-69.7967,45.7845],[-69.7971,45.7846],[-69.7972,45.7851]]],[[[-69.7233,45.8757],[-69.7235,45.8753],[-69.7235,45.8757],[-69.7233,45.8757]]],[[[-69.7335,45.8782],[-69.7323,45.8781],[-69.7322,45.8778],[-69.7329,45.8776],[-69.7335,45.8782]]],[[[-69.7126,45.8826],[-69.7119,45.8822],[-69.7124,45.8816],[-69.7129,45.8819],[-69.7126,45.8826]]],[[[-69.6566,45.5086],[-69.6567,45.5085],[-69.6567,45.5087],[-69.6566,45.5086]]],[[[-69.6592,45.5182],[-69.6593,45.518],[-69.6594,45.5182],[-69.6592,45.5182]]],[[[-69.649,45.5557],[-69.6505,45.5514],[-69.6517,45.5509],[-69.6581,45.5534],[-69.6595,45.5533],[-69.6664,45.5584],[-69.6692,45.5595],[-69.6707,45.5595],[-69.6721,45.5579],[-69.6762,45.5639],[-69.677,45.5663],[-69.6756,45.5694],[-69.6745,45.5704],[-69.6708,45.5712],[-69.6747,45.5782],[-69.6755,45.5815],[-69.6771,45.5821],[-69.6773,45.5831],[-69.6764,45.5843],[-69.6785,45.595],[-69.6744,45.6007],[-69.6711,45.6018],[-69.6639,45.6011],[-69.6536,45.5975],[-69.6516,45.5959],[-69.6481,45.596],[-69.6472,45.5934],[-69.6454,45.5931],[-69.6478,45.589],[-69.6466,45.5872],[-69.6498,45.5848],[-69.6563,45.5829],[-69.6582,45.5811],[-69.6569,45.5814],[-69.6561,45.5808],[-69.6615,45.5804],[-69.6638,45.5773],[-69.6613,45.5777],[-69.6615,45.5756],[-69.66,45.5746],[-69.662,45.5728],[-69.6618,45.5708],[-69.6632,45.5703],[-69.6638,45.5649],[-69.6585,45.5648],[-69.6513,45.5614],[-69.6477,45.5581],[-69.6475,45.557],[-69.649,45.5557]]],[[[-69.7027,45.5999],[-69.7026,45.5997],[-69.7028,45.5998],[-69.7027,45.5999]]],[[[-69.7062,45.603],[-69.7055,45.6029],[-69.7053,45.6021],[-69.7055,45.602],[-69.7062,45.603]]],[[[-69.7085,45.6041],[-69.708,45.6044],[-69.7078,45.6039],[-69.7079,45.6038],[-69.7085,45.6041]]],[[[-69.7018,45.6041],[-69.7024,45.6048],[-69.7013,45.6047],[-69.7018,45.6041]]],[[[-69.7069,45.6059],[-69.7062,45.606],[-69.7059,45.6051],[-69.7063,45.6052],[-69.7069,45.6059]]],[[[-69.7045,45.6067],[-69.7046,45.6066],[-69.7047,45.6066],[-69.7045,45.6067]]],[[[-69.7047,45.6075],[-69.7048,45.6074],[-69.7049,45.6074],[-69.7047,45.6075]]],[[[-69.7035,45.6075],[-69.7038,45.6075],[-69.7033,45.6076],[-69.7035,45.6075]]],[[[-69.6841,45.6277],[-69.6843,45.6267],[-69.6848,45.6284],[-69.6841,45.6277]]],[[[-69.6853,45.629],[-69.6865,45.6298],[-69.6865,45.6312],[-69.6853,45.629]]],[[[-69.7059,45.6369],[-69.705,45.6365],[-69.705,45.6364],[-69.7056,45.6361],[-69.7059,45.6369]]],[[[-69.7025,45.638],[-69.7029,45.6386],[-69.7025,45.6388],[-69.7025,45.638]]],[[[-69.6972,45.6402],[-69.6972,45.64],[-69.6973,45.6402],[-69.6972,45.6402]]],[[[-69.7032,45.6413],[-69.7026,45.6393],[-69.705,45.6393],[-69.7051,45.6407],[-69.7043,45.6416],[-69.7032,45.6413]]],[[[-69.6903,45.6524],[-69.6908,45.6513],[-69.69,45.651],[-69.6907,45.6507],[-69.6899,45.6509],[-69.6873,45.649],[-69.6861,45.6449],[-69.688,45.6465],[-69.69,45.6466],[-69.6887,45.6482],[-69.6919,45.6507],[-69.6903,45.6524]],[[-69.6893,45.65],[-69.6892,45.6495],[-69.6885,45.6496],[-69.6893,45.65]]],[[[-69.6792,45.6677],[-69.6792,45.6675],[-69.6793,45.6677],[-69.6792,45.6677]]],[[[-69.704,45.6724],[-69.7032,45.6732],[-69.7028,45.6731],[-69.7033,45.6722],[-69.704,45.6724]]],[[[-69.7073,45.6753],[-69.7058,45.6755],[-69.706,45.6743],[-69.7049,45.674],[-69.7064,45.6739],[-69.7075,45.6746],[-69.7073,45.6753]]],[[[-69.7041,45.6749],[-69.6989,45.677],[-69.7006,45.6752],[-69.7041,45.6749]]],[[[-69.6825,45.6814],[-69.683,45.6808],[-69.6842,45.6807],[-69.6839,45.6809],[-69.6825,45.6814]]],[[[-69.7089,45.6879],[-69.7087,45.6877],[-69.709,45.6878],[-69.7089,45.6879]]],[[[-69.6788,45.6881],[-69.6783,45.6885],[-69.6783,45.688],[-69.6788,45.6881]]],[[[-69.6766,45.7026],[-69.6759,45.7024],[-69.6766,45.7023],[-69.6766,45.7026]]],[[[-69.681,45.7037],[-69.6806,45.7024],[-69.6814,45.7024],[-69.6821,45.7035],[-69.681,45.7037]]],[[[-69.6842,45.7036],[-69.6838,45.7033],[-69.6843,45.7034],[-69.6842,45.7036]]],[[[-69.6754,45.7038],[-69.6754,45.7035],[-69.6755,45.7036],[-69.6754,45.7038]]],[[[-69.6774,45.7041],[-69.6775,45.7039],[-69.6776,45.704],[-69.6774,45.7041]]],[[[-69.6826,45.704],[-69.6814,45.7044],[-69.6828,45.7038],[-69.6826,45.704]]],[[[-69.6817,45.7055],[-69.6815,45.7053],[-69.6818,45.7054],[-69.6817,45.7055]]],[[[-69.6907,45.8226],[-69.6907,45.8222],[-69.6914,45.8226],[-69.6907,45.8226]]],[[[-69.6867,45.8487],[-69.689,45.8476],[-69.6905,45.8476],[-69.6895,45.8482],[-69.6897,45.8494],[-69.6867,45.8487]]],[[[-69.6903,45.8519],[-69.6895,45.8502],[-69.6903,45.8498],[-69.69,45.8505],[-69.6908,45.8505],[-69.691,45.8516],[-69.6903,45.8519]]],[[[-69.6889,45.8517],[-69.6888,45.852],[-69.6886,45.8519],[-69.6889,45.8517]]],[[[-69.6908,45.8524],[-69.6908,45.8522],[-69.6909,45.8522],[-69.6908,45.8524]]],[[[-69.6657,45.8526],[-69.6649,45.8534],[-69.6645,45.8534],[-69.6645,45.8532],[-69.6657,45.8526]]],[[[-69.6913,45.8542],[-69.6913,45.8538],[-69.6918,45.8538],[-69.6913,45.8542]]],[[[-69.6598,45.8581],[-69.6595,45.8581],[-69.6597,45.8579],[-69.6598,45.8581]]],[[[-69.6594,45.8586],[-69.6593,45.8584],[-69.6595,45.8585],[-69.6594,45.8586]]],[[[-69.661,45.8584],[-69.6614,45.8586],[-69.6611,45.8589],[-69.661,45.8584]]],[[[-69.6582,45.8603],[-69.6582,45.86],[-69.6583,45.8602],[-69.6582,45.8603]]],[[[-69.6725,45.8607],[-69.6723,45.8603],[-69.6727,45.8602],[-69.6725,45.8607]]],[[[-69.6066,45.4784],[-69.6066,45.4785],[-69.6065,45.4784],[-69.6066,45.4784]]],[[[-69.6089,45.4789],[-69.6083,45.4787],[-69.609,45.4785],[-69.6089,45.4789]]],[[[-69.6083,45.48],[-69.6078,45.4799],[-69.6083,45.4797],[-69.6083,45.48]]],[[[-69.6075,45.4803],[-69.6078,45.4803],[-69.6075,45.4804],[-69.6075,45.4803]]],[[[-69.6059,45.4812],[-69.6068,45.4812],[-69.6059,45.4814],[-69.6059,45.4812]]],[[[-69.6155,45.4837],[-69.6156,45.4836],[-69.6157,45.4837],[-69.6155,45.4837]]],[[[-69.6137,45.4851],[-69.6134,45.4848],[-69.6141,45.4848],[-69.6137,45.4851]]],[[[-69.6126,45.4856],[-69.612,45.4857],[-69.6125,45.4852],[-69.6126,45.4856]]],[[[-69.6115,45.486],[-69.6117,45.4861],[-69.6116,45.4861],[-69.6115,45.486]]],[[[-69.6261,45.4898],[-69.6257,45.4896],[-69.6261,45.4896],[-69.6261,45.4898]]],[[[-69.6506,45.5012],[-69.6508,45.5007],[-69.6512,45.5008],[-69.6506,45.5012]]],[[[-69.6519,45.5016],[-69.6519,45.5014],[-69.652,45.5014],[-69.6519,45.5016]]],[[[-69.6453,45.5022],[-69.6453,45.502],[-69.6454,45.5022],[-69.6453,45.5022]]],[[[-69.6492,45.508],[-69.6489,45.5077],[-69.6494,45.5079],[-69.6492,45.508]]],[[[-69.6489,45.5083],[-69.6489,45.5081],[-69.649,45.5082],[-69.6489,45.5083]]],[[[-69.6491,45.5092],[-69.6493,45.5092],[-69.6493,45.5093],[-69.6491,45.5092]]],[[[-69.6559,45.512],[-69.6559,45.5116],[-69.6561,45.5117],[-69.6559,45.512]]],[[[-69.6376,45.515],[-69.6426,45.5179],[-69.6386,45.5184],[-69.6376,45.5202],[-69.633,45.5205],[-69.6245,45.5193],[-69.623,45.5183],[-69.6232,45.5165],[-69.6216,45.5143],[-69.619,45.5138],[-69.6209,45.5113],[-69.6205,45.5098],[-69.6213,45.5086],[-69.6205,45.5068],[-69.6181,45.5056],[-69.6178,45.504],[-69.6232,45.5062],[-69.6276,45.5094],[-69.6286,45.511],[-69.6316,45.5121],[-69.6344,45.5145],[-69.6376,45.515]]],[[[-69.6529,45.5129],[-69.6525,45.5127],[-69.6526,45.5126],[-69.6529,45.5129]]],[[[-69.6473,45.5209],[-69.6473,45.5207],[-69.6474,45.5208],[-69.6473,45.5209]]],[[[-69.6457,45.5215],[-69.6466,45.5209],[-69.6477,45.522],[-69.6457,45.5215]]],[[[-69.6136,45.5382],[-69.6137,45.5382],[-69.6137,45.5383],[-69.6136,45.5382]]],[[[-69.6106,45.5409],[-69.6108,45.5409],[-69.6107,45.541],[-69.6106,45.5409]]],[[[-69.6062,45.5425],[-69.6063,45.5424],[-69.6064,45.5425],[-69.6062,45.5425]]],[[[-69.6081,45.5429],[-69.6084,45.5428],[-69.6084,45.5429],[-69.6081,45.5429]]],[[[-69.6211,45.5722],[-69.6194,45.5709],[-69.6221,45.5711],[-69.6211,45.5722]]],[[[-69.6103,45.5743],[-69.6103,45.5741],[-69.6104,45.5742],[-69.6103,45.5743]]],[[[-69.6561,45.5797],[-69.6555,45.5797],[-69.6562,45.5796],[-69.6561,45.5797]]],[[[-69.6495,45.5964],[-69.6497,45.5962],[-69.6499,45.5963],[-69.6495,45.5964]]],[[[-69.5819,45.5744],[-69.589,45.5731],[-69.5884,45.5723],[-69.5912,45.5717],[-69.5906,45.5704],[-69.5929,45.5713],[-69.5947,45.57],[-69.5975,45.5702],[-69.6012,45.5732],[-69.6049,45.5735],[-69.6126,45.5799],[-69.6169,45.5814],[-69.6219,45.5866],[-69.624,45.5907],[-69.6238,45.5919],[-69.6297,45.5952],[-69.6319,45.5941],[-69.6349,45.5953],[-69.6358,45.5971],[-69.6405,45.5994],[-69.6403,45.6024],[-69.6413,45.6026],[-69.6419,45.605],[-69.6439,45.6069],[-69.6446,45.6161],[-69.6373,45.6228],[-69.635,45.6234],[-69.6306,45.6226],[-69.6197,45.6175],[-69.6089,45.6109],[-69.6064,45.6065],[-69.6009,45.6034],[-69.5972,45.6028],[-69.5926,45.6052],[-69.5903,45.605],[-69.5835,45.6034],[-69.5765,45.5996],[-69.5707,45.5942],[-69.5709,45.5923],[-69.57,45.5909],[-69.5709,45.5889],[-69.5703,45.5882],[-69.572,45.5854],[-69.5704,45.585],[-69.5695,45.5835],[-69.5716,45.5783],[-69.5713,45.5764],[-69.5731,45.5761],[-69.5769,45.5734],[-69.5803,45.5734],[-69.5819,45.5744]]],[[[-69.61,45.6642],[-69.61,45.664],[-69.6102,45.6641],[-69.61,45.6642]]],[[[-69.6091,45.6645],[-69.6093,45.6644],[-69.6093,45.6645],[-69.6091,45.6645]]],[[[-69.6097,45.6646],[-69.6099,45.6645],[-69.6099,45.6646],[-69.6097,45.6646]]],[[[-69.6113,45.6663],[-69.6123,45.6677],[-69.61,45.6696],[-69.6087,45.6688],[-69.6089,45.666],[-69.6113,45.6663]]],[[[-69.6182,45.6695],[-69.6185,45.67],[-69.6181,45.6696],[-69.6182,45.6695]]],[[[-69.6123,45.6716],[-69.6121,45.6708],[-69.6124,45.6709],[-69.6123,45.6716]]],[[[-69.6458,45.6748],[-69.6455,45.6745],[-69.6459,45.6745],[-69.6458,45.6748]]],[[[-69.6093,45.6783],[-69.609,45.6782],[-69.6091,45.6781],[-69.6093,45.6783]]],[[[-69.639,45.6788],[-69.6389,45.6785],[-69.6392,45.6786],[-69.639,45.6788]]],[[[-69.6393,45.6787],[-69.6395,45.6787],[-69.6396,45.6787],[-69.6393,45.6787]]],[[[-69.6079,45.6802],[-69.6085,45.6791],[-69.6091,45.679],[-69.6091,45.6797],[-69.6079,45.6802]]],[[[-69.6475,45.7732],[-69.6475,45.7729],[-69.6477,45.7731],[-69.6475,45.7732]]],[[[-69.6478,45.7733],[-69.648,45.7733],[-69.6478,45.7734],[-69.6478,45.7733]]],[[[-69.6471,45.7738],[-69.6472,45.774],[-69.647,45.774],[-69.6471,45.7738]]],[[[-69.6373,45.7902],[-69.637,45.7906],[-69.637,45.79],[-69.6373,45.7902]]],[[[-69.5963,45.4759],[-69.5966,45.4757],[-69.5965,45.4759],[-69.5963,45.4759]]],[[[-69.6054,45.4772],[-69.604,45.4779],[-69.6054,45.477],[-69.6054,45.4772]]],[[[-69.6046,45.4788],[-69.6071,45.4773],[-69.6078,45.4772],[-69.6046,45.4788]]],[[[-69.5988,45.4801],[-69.5987,45.4799],[-69.599,45.48],[-69.5988,45.4801]]],[[[-69.6055,45.4818],[-69.6055,45.4817],[-69.6055,45.4817],[-69.6055,45.4818]]],[[[-69.6052,45.482],[-69.6047,45.482],[-69.6045,45.4819],[-69.6052,45.482]]],[[[-69.6,45.4834],[-69.6001,45.4834],[-69.6,45.4835],[-69.6,45.4834]]],[[[-69.5997,45.4838],[-69.5997,45.4839],[-69.5996,45.4839],[-69.5997,45.4838]]],[[[-69.6002,45.4841],[-69.6003,45.4838],[-69.6007,45.4842],[-69.6002,45.4841]]],[[[-69.5982,45.4868],[-69.5982,45.4869],[-69.5982,45.4868],[-69.5982,45.4868]]],[[[-69.6033,45.4867],[-69.604,45.4873],[-69.6029,45.4869],[-69.6033,45.4867]]],[[[-69.6001,45.4872],[-69.6,45.487],[-69.6002,45.4872],[-69.6001,45.4872]]],[[[-69.5987,45.4875],[-69.5987,45.4877],[-69.5986,45.4876],[-69.5987,45.4875]]],[[[-69.6009,45.4878],[-69.6011,45.4877],[-69.601,45.4879],[-69.6009,45.4878]]],[[[-69.5992,45.4885],[-69.5993,45.489],[-69.5991,45.4892],[-69.5987,45.4889],[-69.5992,45.4885]]],[[[-69.6003,45.4898],[-69.6001,45.4891],[-69.6005,45.4897],[-69.6003,45.4898]]],[[[-69.5977,45.4896],[-69.5966,45.4906],[-69.5963,45.4905],[-69.5977,45.4896]]],[[[-69.5977,45.4907],[-69.5986,45.4907],[-69.5985,45.4901],[-69.5993,45.49],[-69.5984,45.4912],[-69.599,45.4917],[-69.5977,45.4916],[-69.5977,45.4907]]],[[[-69.5963,45.4916],[-69.5961,45.4915],[-69.5961,45.4913],[-69.5963,45.4916]]],[[[-69.5967,45.4921],[-69.5968,45.492],[-69.5967,45.4921],[-69.5967,45.4921]]],[[[-69.5994,45.4928],[-69.6009,45.4923],[-69.6012,45.4926],[-69.6005,45.493],[-69.5994,45.4928]]],[[[-69.6,45.4937],[-69.6001,45.4935],[-69.6005,45.4936],[-69.6,45.4937]]],[[[-69.5993,45.4938],[-69.5995,45.4937],[-69.5996,45.4938],[-69.5993,45.4938]]],[[[-69.5963,45.4944],[-69.5964,45.4944],[-69.5965,45.4944],[-69.5963,45.4944]]],[[[-69.5911,45.4946],[-69.5912,45.4947],[-69.5911,45.4946],[-69.5911,45.4946]]],[[[-69.588,45.5033],[-69.5884,45.5029],[-69.5885,45.503],[-69.588,45.5033]]],[[[-69.5872,45.504],[-69.5871,45.5037],[-69.5873,45.5038],[-69.5872,45.504]]],[[[-69.5905,45.5128],[-69.5906,45.5126],[-69.5907,45.5126],[-69.5905,45.5128]]],[[[-69.5924,45.5147],[-69.5925,45.5147],[-69.5926,45.5147],[-69.5924,45.5147]]],[[[-69.5905,45.5157],[-69.5908,45.5157],[-69.5907,45.5158],[-69.5905,45.5157]]],[[[-69.5972,45.5199],[-69.5978,45.5198],[-69.5978,45.5199],[-69.5972,45.5199]]],[[[-69.5991,45.5204],[-69.5993,45.5205],[-69.5991,45.5205],[-69.5991,45.5204]]],[[[-69.5914,45.5477],[-69.593,45.5475],[-69.5938,45.5476],[-69.5923,45.5485],[-69.5914,45.5477]]],[[[-69.6038,45.6614],[-69.6039,45.6612],[-69.604,45.6614],[-69.6038,45.6614]]],[[[-69.5965,45.6906],[-69.5965,45.6903],[-69.5967,45.6905],[-69.5965,45.6906]]],[[[-69.5985,45.6948],[-69.5974,45.6942],[-69.5981,45.6925],[-69.5998,45.6935],[-69.5985,45.6948]]],[[[-69.5956,45.6937],[-69.595,45.6943],[-69.5948,45.6942],[-69.5948,45.6936],[-69.5956,45.6937]]],[[[-69.5941,45.695],[-69.5941,45.6947],[-69.5943,45.6949],[-69.5941,45.695]]],[[[-69.5966,45.6951],[-69.5967,45.6948],[-69.5968,45.695],[-69.5966,45.6951]]],[[[-69.5962,45.6954],[-69.5958,45.6954],[-69.596,45.6952],[-69.5962,45.6954]]],[[[-69.6002,45.696],[-69.5998,45.6962],[-69.5998,45.6959],[-69.6002,45.696]]],[[[-69.5964,45.6965],[-69.5964,45.6963],[-69.5965,45.6964],[-69.5964,45.6965]]],[[[-69.597,45.6964],[-69.5975,45.6967],[-69.5971,45.6968],[-69.597,45.6964]]],[[[-69.5964,45.6972],[-69.5957,45.6969],[-69.5958,45.6967],[-69.5964,45.6972]]],[[[-69.5858,45.7088],[-69.5854,45.7086],[-69.5858,45.7085],[-69.5858,45.7088]]],[[[-69.5847,45.507],[-69.5845,45.5072],[-69.5846,45.5069],[-69.5847,45.507]]],[[[-69.5786,45.5155],[-69.5786,45.5153],[-69.5788,45.5154],[-69.5786,45.5155]]],[[[-69.5624,45.5427],[-69.5602,45.5396],[-69.5602,45.5395],[-69.5621,45.5399],[-69.5612,45.5401],[-69.5622,45.5406],[-69.5624,45.5427]]],[[[-69.5755,45.5438],[-69.5764,45.5442],[-69.576,45.5448],[-69.5752,45.5445],[-69.5755,45.5438]]],[[[-69.5753,45.546],[-69.5751,45.5456],[-69.5754,45.5457],[-69.5753,45.546]]],[[[-69.5628,45.5468],[-69.5625,45.5472],[-69.5625,45.5468],[-69.5628,45.5468]]],[[[-69.5677,45.5476],[-69.5684,45.548],[-69.5675,45.5479],[-69.5677,45.5476]]],[[[-69.5846,45.5501],[-69.5836,45.5506],[-69.5832,45.55],[-69.5846,45.5501]]],[[[-69.5717,45.5602],[-69.5713,45.5601],[-69.5713,45.56],[-69.5717,45.5602]]],[[[-69.5764,45.5651],[-69.5765,45.5647],[-69.5769,45.5648],[-69.5764,45.5651]]],[[[-69.5752,45.5658],[-69.5751,45.5655],[-69.5754,45.5656],[-69.5752,45.5658]]],[[[-69.5724,45.5713],[-69.5723,45.5711],[-69.5724,45.5711],[-69.5724,45.5713]]],[[[-69.5823,45.5722],[-69.5816,45.5722],[-69.5822,45.5721],[-69.5823,45.5722]]],[[[-69.571,45.5724],[-69.5712,45.5723],[-69.5712,45.5724],[-69.571,45.5724]]],[[[-69.5716,45.5753],[-69.5733,45.5727],[-69.5743,45.5729],[-69.5732,45.5754],[-69.5716,45.5753]]],[[[-69.5705,45.5768],[-69.5706,45.5766],[-69.5706,45.5766],[-69.5705,45.5768]]],[[[-69.5671,45.5776],[-69.5658,45.5778],[-69.5654,45.5776],[-69.5667,45.5773],[-69.5671,45.5776]]],[[[-69.558,45.579],[-69.5582,45.5791],[-69.5581,45.5793],[-69.558,45.579]]],[[[-69.5575,45.5817],[-69.558,45.5815],[-69.5576,45.5818],[-69.5575,45.5817]]],[[[-69.5509,45.5818],[-69.5511,45.5816],[-69.5511,45.5818],[-69.5509,45.5818]]],[[[-69.545,45.5839],[-69.5474,45.5829],[-69.5478,45.5831],[-69.545,45.5839]]],[[[-69.5513,45.5838],[-69.5511,45.5835],[-69.5513,45.5835],[-69.5513,45.5838]]],[[[-69.5559,45.5836],[-69.5561,45.5838],[-69.5558,45.5838],[-69.5559,45.5836]]],[[[-69.549,45.585],[-69.5484,45.5848],[-69.549,45.5848],[-69.549,45.585]]],[[[-69.5473,45.5865],[-69.5474,45.5863],[-69.548,45.5862],[-69.5473,45.5865]]],[[[-69.5482,45.587],[-69.5484,45.587],[-69.5481,45.587],[-69.5482,45.587]]],[[[-69.5482,45.5874],[-69.549,45.5877],[-69.5478,45.5879],[-69.5482,45.5874]]],[[[-69.5493,45.5885],[-69.5488,45.5882],[-69.5494,45.5883],[-69.5493,45.5885]]],[[[-69.551,45.5928],[-69.5514,45.5924],[-69.5516,45.5925],[-69.551,45.5928]]],[[[-69.5717,45.6178],[-69.5718,45.6177],[-69.5719,45.6178],[-69.5717,45.6178]]],[[[-69.5724,45.6179],[-69.5726,45.6177],[-69.5726,45.6178],[-69.5724,45.6179]]],[[[-69.5736,45.6187],[-69.5733,45.6191],[-69.5723,45.6186],[-69.5726,45.6185],[-69.5736,45.6187]]],[[[-69.5805,45.6606],[-69.5804,45.6605],[-69.5806,45.6605],[-69.5805,45.6606]]],[[[-69.5779,45.6621],[-69.5776,45.6619],[-69.5779,45.6619],[-69.5779,45.6621]]],[[[-69.5738,45.6643],[-69.5753,45.6635],[-69.5757,45.6643],[-69.5743,45.6646],[-69.5738,45.6643]]],[[[-69.5701,45.675],[-69.5701,45.6744],[-69.5705,45.6743],[-69.5701,45.675]]],[[[-69.5717,45.679],[-69.5729,45.6787],[-69.5744,45.6801],[-69.572,45.6794],[-69.5717,45.679]]],[[[-69.5804,45.6871],[-69.5806,45.687],[-69.5806,45.6871],[-69.5804,45.6871]]],[[[-69.5821,45.7079],[-69.5817,45.7077],[-69.5821,45.7078],[-69.5821,45.7079]]],[[[-69.575,45.7081],[-69.5748,45.7078],[-69.5751,45.7079],[-69.575,45.7081]]],[[[-69.5727,45.7109],[-69.5721,45.7118],[-69.5721,45.7109],[-69.5727,45.7109]]],[[[-69.565,45.7156],[-69.5651,45.7155],[-69.5652,45.7156],[-69.565,45.7156]]],[[[-69.567,45.7158],[-69.567,45.7157],[-69.5672,45.7158],[-69.567,45.7158]]],[[[-69.5708,45.7172],[-69.5706,45.7168],[-69.571,45.7169],[-69.5708,45.7172]]],[[[-69.5642,45.7191],[-69.5638,45.7188],[-69.5644,45.7188],[-69.5642,45.7191]]],[[[-69.5373,45.5787],[-69.5374,45.5785],[-69.5374,45.5787],[-69.5373,45.5787]]],[[[-69.5387,45.5789],[-69.5386,45.5786],[-69.5389,45.5789],[-69.5387,45.5789]]],[[[-69.5381,45.579],[-69.5381,45.5788],[-69.5383,45.579],[-69.5381,45.579]]],[[[-69.5344,45.5785],[-69.5335,45.5799],[-69.5326,45.5797],[-69.5344,45.5785]]],[[[-69.5397,45.5799],[-69.54,45.5799],[-69.54,45.58],[-69.5397,45.5799]]],[[[-69.5354,45.5804],[-69.5356,45.5805],[-69.5352,45.5805],[-69.5354,45.5804]]],[[[-69.5407,45.5812],[-69.5405,45.5812],[-69.5406,45.5812],[-69.5407,45.5812]]],[[[-69.5292,45.5835],[-69.5266,45.5812],[-69.5276,45.5805],[-69.5262,45.5804],[-69.5273,45.5796],[-69.5286,45.5809],[-69.5292,45.5835]]],[[[-69.5429,45.5816],[-69.5429,45.5814],[-69.5431,45.5816],[-69.5429,45.5816]]],[[[-69.5432,45.5827],[-69.5432,45.5823],[-69.5433,45.5825],[-69.5432,45.5827]]],[[[-69.5323,45.5827],[-69.5324,45.5824],[-69.5324,45.5826],[-69.5323,45.5827]]],[[[-69.5438,45.5824],[-69.5451,45.5825],[-69.5453,45.5827],[-69.5447,45.583],[-69.5438,45.5824]]],[[[-69.5439,45.5828],[-69.5431,45.583],[-69.5439,45.5828],[-69.5439,45.5828]]],[[[-69.5436,45.5834],[-69.5437,45.5832],[-69.5439,45.5833],[-69.5436,45.5834]]],[[[-69.5323,45.5834],[-69.5325,45.5834],[-69.5326,45.5835],[-69.5323,45.5834]]],[[[-69.541,45.5843],[-69.5411,45.5843],[-69.541,45.5844],[-69.541,45.5843]]],[[[-69.5428,45.5841],[-69.5428,45.5847],[-69.542,45.5845],[-69.542,45.5843],[-69.5428,45.5841]]],[[[-69.5307,45.5846],[-69.5303,45.5843],[-69.5304,45.5842],[-69.5307,45.5846]]],[[[-69.5405,45.585],[-69.5407,45.5849],[-69.5407,45.5849],[-69.5405,45.585]]],[[[-69.541,45.5881],[-69.5395,45.5865],[-69.5431,45.5852],[-69.5439,45.5839],[-69.545,45.5842],[-69.5455,45.5864],[-69.5432,45.5858],[-69.5428,45.5873],[-69.541,45.5881]]],[[[-69.5346,45.5868],[-69.5347,45.5865],[-69.5348,45.5867],[-69.5346,45.5868]]],[[[-69.5167,45.5892],[-69.5148,45.5893],[-69.5143,45.5873],[-69.5132,45.5866],[-69.5139,45.584],[-69.515,45.5838],[-69.5159,45.5853],[-69.5151,45.5867],[-69.5167,45.5892]]],[[[-69.544,45.5869],[-69.5441,45.5866],[-69.5443,45.5868],[-69.544,45.5869]]],[[[-69.5349,45.5869],[-69.5353,45.587],[-69.5353,45.587],[-69.5349,45.5869]]],[[[-69.5396,45.5876],[-69.5394,45.5873],[-69.5399,45.5875],[-69.5396,45.5876]]],[[[-69.5304,45.588],[-69.5303,45.5878],[-69.5306,45.5879],[-69.5304,45.588]]],[[[-69.5165,45.588],[-69.5168,45.5879],[-69.5167,45.5881],[-69.5165,45.588]]],[[[-69.5298,45.5887],[-69.5298,45.5885],[-69.5299,45.5887],[-69.5298,45.5887]]],[[[-69.5176,45.5897],[-69.5175,45.5897],[-69.5175,45.5896],[-69.5176,45.5897]]],[[[-69.5186,45.5892],[-69.5191,45.5901],[-69.5189,45.5909],[-69.5183,45.5906],[-69.5186,45.5892]]],[[[-69.5138,45.5904],[-69.5139,45.5904],[-69.5138,45.5904],[-69.5138,45.5904]]],[[[-69.5228,45.5926],[-69.5227,45.5917],[-69.521,45.5907],[-69.5201,45.5887],[-69.5232,45.5897],[-69.5237,45.5913],[-69.5251,45.5925],[-69.5241,45.593],[-69.5228,45.5926]]],[[[-69.5131,45.5924],[-69.5124,45.5906],[-69.5142,45.5913],[-69.5145,45.5906],[-69.5162,45.5909],[-69.5179,45.5924],[-69.5173,45.594],[-69.5131,45.5924]]],[[[-69.5188,45.5922],[-69.5206,45.5916],[-69.5215,45.5935],[-69.5189,45.5929],[-69.5188,45.5922]]],[[[-69.5255,45.5937],[-69.5258,45.5936],[-69.5258,45.5936],[-69.5255,45.5937]]],[[[-69.5173,45.5949],[-69.5175,45.595],[-69.5172,45.5949],[-69.5173,45.5949]]],[[[-69.5201,45.5956],[-69.5194,45.5956],[-69.5202,45.5955],[-69.5201,45.5956]]],[[[-69.5157,45.5963],[-69.5159,45.5964],[-69.5157,45.5964],[-69.5157,45.5963]]],[[[-69.5242,45.6046],[-69.524,45.6044],[-69.5243,45.6044],[-69.5242,45.6046]]],[[[-69.5359,45.6048],[-69.5362,45.6051],[-69.5358,45.6048],[-69.5359,45.6048]]],[[[-69.5439,45.6112],[-69.5443,45.6111],[-69.544,45.6113],[-69.5439,45.6112]]]]}},{"type":"Feature","properties":{"TOWN":"Sapling Twp"},"geometry":{"type":"Polygon","coordinates":[[[-69.7148,45.5854],[-69.7171,45.585],[-69.7197,45.583],[-69.7235,45.5817],[-69.726,45.578],[-69.7266,45.5742],[-69.7286,45.5721],[-69.7281,45.5703],[-69.7317,45.5668],[-69.7434,45.5628],[-69.7449,45.5609],[-69.7478,45.5603],[-69.7521,45.5576],[-69.754,45.5576],[-69.7602,45.5542],[-69.764,45.5545],[-69.7697,45.5536],[-69.7735,45.5546],[-69.7747,45.5534],[-69.7754,45.5499],[-69.7745,45.5467],[-69.7733,45.5456],[-69.7746,45.5448],[-69.7873,45.5402],[-69.846,45.5316],[-69.8692,45.5951],[-69.7047,45.619],[-69.7085,45.6163],[-69.7104,45.6129],[-69.7122,45.614],[-69.714,45.6121],[-69.7143,45.6129],[-69.7172,45.6121],[-69.7193,45.6146],[-69.7174,45.6107],[-69.7174,45.6087],[-69.7181,45.6078],[-69.7201,45.6079],[-69.7212,45.6034],[-69.7176,45.5975],[-69.7148,45.5967],[-69.7131,45.5949],[-69.713,45.5917],[-69.7137,45.59],[-69.7144,45.59],[-69.7148,45.5897],[-69.7142,45.5898],[-69.714,45.5883],[-69.7148,45.5854]]]}},{"type":"Feature","properties":{"TOWN":"Kingman Twp"},"geometry":{"type":"Polygon","coordinates":[[[-68.1485,45.5328],[-68.1631,45.5301],[-68.1617,45.5256],[-68.228,45.5154],[-68.2601,45.6045],[-68.1804,45.618],[-68.1485,45.5328]]]}},{"type":"Feature","properties":{"TOWN":"Big Moose Twp"},"geometry":{"type":"Polygon","coordinates":[[[-69.6339,45.4988],[-69.6292,45.4842],[-69.7567,45.4675],[-69.7799,45.5428],[-69.7733,45.5455],[-69.7745,45.5467],[-69.7754,45.5499],[-69.7747,45.5534],[-69.7735,45.5546],[-69.7697,45.5536],[-69.764,45.5545],[-69.7602,45.5542],[-69.754,45.5576],[-69.7521,45.5576],[-69.7478,45.5603],[-69.7449,45.5609],[-69.7434,45.5628],[-69.7313,45.5671],[-69.7281,45.5703],[-69.7286,45.5721],[-69.7266,45.5742],[-69.7256,45.5789],[-69.7228,45.5822],[-69.7197,45.583],[-69.7171,45.585],[-69.7148,45.5854],[-69.7127,45.5852],[-69.7129,45.5833],[-69.711,45.5824],[-69.7085,45.5836],[-69.7085,45.5844],[-69.7074,45.5837],[-69.7052,45.5843],[-69.7059,45.5835],[-69.7052,45.5832],[-69.7014,45.5855],[-69.7004,45.5885],[-69.6991,45.5896],[-69.6911,45.5898],[-69.6838,45.5869],[-69.6835,45.5853],[-69.6855,45.5816],[-69.683,45.5808],[-69.6833,45.5819],[-69.6821,45.5819],[-69.6807,45.5804],[-69.6826,45.5803],[-69.6828,45.5775],[-69.6839,45.5765],[-69.6873,45.5782],[-69.687,45.5766],[-69.6854,45.5755],[-69.6853,45.5725],[-69.6881,45.5712],[-69.6883,45.5685],[-69.6896,45.5669],[-69.6931,45.5664],[-69.6948,45.5653],[-69.6944,45.5644],[-69.6979,45.5607],[-69.6979,45.5593],[-69.6965,45.5579],[-69.6832,45.5524],[-69.6835,45.549],[-69.6823,45.5461],[-69.6815,45.5457],[-69.6801,45.5375],[-69.6804,45.5344],[-69.679,45.5325],[-69.6632,45.5225],[-69.6597,45.5169],[-69.6538,45.5154],[-69.6537,45.5147],[-69.6552,45.5147],[-69.6552,45.5136],[-69.6535,45.5117],[-69.6581,45.5135],[-69.6592,45.5125],[-69.6601,45.5129],[-69.6597,45.5107],[-69.659,45.5111],[-69.6583,45.5098],[-69.657,45.5098],[-69.6575,45.5081],[-69.6619,45.509],[-69.6649,45.5068],[-69.6626,45.5026],[-69.6617,45.5027],[-69.6615,45.5054],[-69.66,45.5057],[-69.66,45.5082],[-69.657,45.5067],[-69.6591,45.5043],[-69.6587,45.5036],[-69.6552,45.5055],[-69.6559,45.5066],[-69.6547,45.5076],[-69.6496,45.5086],[-69.6503,45.5078],[-69.6497,45.5069],[-69.6519,45.5059],[-69.6517,45.5046],[-69.6524,45.504],[-69.6525,45.5008],[-69.6507,45.5001],[-69.6536,45.4997],[-69.6563,45.5009],[-69.6585,45.4999],[-69.6618,45.4955],[-69.6602,45.496],[-69.6616,45.4927],[-69.659,45.4977],[-69.6533,45.4979],[-69.6488,45.501],[-69.6462,45.5005],[-69.6445,45.5011],[-69.6449,45.5024],[-69.6435,45.503],[-69.6408,45.5028],[-69.6393,45.5019],[-69.6392,45.5003],[-69.6339,45.4988]]]}},{"type":"Feature","properties":{"TOWN":"Big W Twp"},"geometry":{"type":"MultiPolygon","coordinates":[[[[-69.7869,45.8723],[-69.7336,45.879],[-69.7346,45.8784],[-69.7337,45.877],[-69.727,45.8757],[-69.727,45.8747],[-69.7248,45.8738],[-69.7248,45.872],[-69.7237,45.871],[-69.7244,45.8678],[-69.7256,45.8671],[-69.7245,45.8658],[-69.7172,45.8657],[-69.715,45.8624],[-69.7115,45.8607],[-69.7121,45.8594],[-69.7109,45.8563],[-69.7091,45.8557],[-69.7094,45.855],[-69.7087,45.8544],[-69.7057,45.8539],[-69.7084,45.8499],[-69.7075,45.8469],[-69.7043,45.8461],[-69.7071,45.8423],[-69.7073,45.8398],[-69.7088,45.8373],[-69.7082,45.8365],[-69.7118,45.8337],[-69.712,45.8323],[-69.715,45.8318],[-69.718,45.8333],[-69.7173,45.8345],[-69.7183,45.834],[-69.72,45.8349],[-69.724,45.8339],[-69.7258,45.8344],[-69.7243,45.8333],[-69.7203,45.8341],[-69.7193,45.8336],[-69.7179,45.8315],[-69.7184,45.8298],[-69.7163,45.8289],[-69.7149,45.8255],[-69.7125,45.8231],[-69.7125,45.8196],[-69.7096,45.8152],[-69.7087,45.8112],[-69.7126,45.8062],[-69.7142,45.8021],[-69.7174,45.7988],[-69.7169,45.7986],[-69.7189,45.7945],[-69.7193,45.7911],[-69.7636,45.784],[-69.7869,45.8723]]],[[[-69.7325,45.8798],[-69.7232,45.8812],[-69.7219,45.8813],[-69.7244,45.8796],[-69.7242,45.8791],[-69.7269,45.8802],[-69.7321,45.8784],[-69.7325,45.8798]]]]}},{"type":"Feature","properties":{"TOWN":"Orient"},"geometry":{"type":"Polygon","coordinates":[[[-67.8048,45.7737],[-67.8829,45.7737],[-67.8873,45.7855],[-67.914,45.7806],[-67.914,45.8049],[-67.9153,45.8049],[-67.914,45.8649],[-67.796,45.8654],[-67.7983,45.8641],[-67.7958,45.8619],[-67.7971,45.8604],[-67.7943,45.8583],[-67.7898,45.852],[-67.7824,45.8464],[-67.7774,45.8435],[-67.7715,45.8414],[-67.7688,45.839],[-67.7691,45.8383],[-67.7683,45.8373],[-67.7665,45.8363],[-67.7667,45.8349],[-67.7652,45.8344],[-67.7654,45.8321],[-67.764,45.8313],[-67.7637,45.8289],[-67.7553,45.8234],[-67.7639,45.8201],[-67.7656,45.8186],[-67.7721,45.8195],[-67.778,45.8192],[-67.7805,45.8178],[-67.7807,45.8154],[-67.802,45.8031],[-67.8063,45.7944],[-67.8037,45.7813],[-67.8048,45.7737]]]}},{"type":"Feature","properties":{"TOWN":"Blake Gore"},"geometry":{"type":"Polygon","coordinates":[[[-70.3142,45.8195],[-70.3581,45.8141],[-70.3943,45.8099],[-70.3879,45.8143],[-70.3881,45.8188],[-70.3768,45.8268],[-70.3722,45.8281],[-70.3719,45.8294],[-70.3693,45.8313],[-70.3705,45.8318],[-70.37,45.833],[-70.3719,45.8341],[-70.3708,45.8352],[-70.3685,45.8361],[-70.3671,45.8348],[-70.3595,45.8354],[-70.3561,45.8379],[-70.3565,45.8393],[-70.3524,45.8407],[-70.3529,45.8425],[-70.3499,45.8449],[-70.3492,45.8471],[-70.3435,45.85],[-70.3419,45.8523],[-70.3291,45.8541],[-70.3278,45.8552],[-70.3227,45.8555],[-70.3142,45.8195]]]}},{"type":"Feature","properties":{"TOWN":"Alder Brook Twp"},"geometry":{"type":"Polygon","coordinates":[[[-70.0603,45.8324],[-70.042,45.7685],[-70.1601,45.7514],[-70.1717,45.7928],[-70.1813,45.82],[-70.1858,45.8367],[-70.1056,45.8483],[-70.0661,45.8552],[-70.0603,45.8324]]]}},{"type":"Feature","properties":{"TOWN":"Soldiertown Twp T2 R3 NBKP"},"geometry":{"type":"Polygon","coordinates":[[[-69.8835,45.7651],[-70.0347,45.7429],[-70.0603,45.8324],[-69.9109,45.8549],[-69.8835,45.7651]]]}},{"type":"Feature","properties":{"TOWN":"T2 R8 WELS"},"geometry":{"type":"Polygon","coordinates":[[[-68.824,45.857],[-68.6939,45.8548],[-68.6943,45.7611],[-68.8259,45.7611],[-68.824,45.857]]]}},{"type":"Feature","properties":{"TOWN":"Benedicta Twp"},"geometry":{"type":"Polygon","coordinates":[[[-68.3598,45.8517],[-68.363,45.7589],[-68.4276,45.7599],[-68.4266,45.8534],[-68.3768,45.8518],[-68.3769,45.8442],[-68.3696,45.844],[-68.3695,45.8517],[-68.3598,45.8517]]]}},{"type":"Feature","properties":{"TOWN":"Silver Ridge Twp"},"geometry":{"type":"Polygon","coordinates":[[[-68.2975,45.8515],[-68.2973,45.7954],[-68.2986,45.7586],[-68.363,45.7589],[-68.3598,45.8517],[-68.34,45.8516],[-68.3401,45.8468],[-68.3088,45.8466],[-68.3087,45.8516],[-68.2975,45.8515]]]}},{"type":"Feature","properties":{"TOWN":"T2 R4 WELS"},"geometry":{"type":"Polygon","coordinates":[[[-68.1652,45.8484],[-68.1668,45.7579],[-68.2986,45.7586],[-68.2973,45.7954],[-68.2975,45.8515],[-68.1652,45.8484]]]}},{"type":"Feature","properties":{"TOWN":"Rainbow Twp"},"geometry":{"type":"Polygon","coordinates":[[[-69.0736,45.7605],[-69.2025,45.7604],[-69.195,45.8519],[-69.1393,45.8521],[-69.0721,45.8534],[-69.072,45.8231],[-69.0739,45.823],[-69.0736,45.7605]]]}},{"type":"Feature","properties":{"TOWN":"T2 R12 WELS"},"geometry":{"type":"Polygon","coordinates":[[[-69.2024,45.7627],[-69.3249,45.7623],[-69.3224,45.8503],[-69.2928,45.8515],[-69.195,45.8519],[-69.2024,45.7627]]]}},{"type":"Feature","properties":{"TOWN":"T2 R13 WELS"},"geometry":{"type":"Polygon","coordinates":[[[-69.3249,45.7623],[-69.4465,45.7619],[-69.4505,45.8484],[-69.3224,45.8503],[-69.3249,45.7623]]]}},{"type":"Feature","properties":{"TOWN":"Saint George"},"geometry":{"type":"Polygon","coordinates":[[[-69.3838,43.8688],[-69.3787,43.8713],[-69.3741,43.8753],[-69.3334,43.9162],[-69.2963,43.9453],[-69.2495,43.9905],[-69.2352,44.0002],[-69.2345,44.002],[-69.2348,44.0054],[-69.2278,44.0069],[-69.2151,44.0162],[-69.2108,44.0203],[-69.2103,44.0238],[-69.2088,44.0261],[-69.202,44.0303],[-69.2013,44.0342],[-69.197,44.0394],[-69.1559,44.033],[-69.1499,44.0111],[-69.1438,44.0129],[-69.1327,44.0112],[-69.1309,44.0103],[-69.1312,44.0092],[-69.1286,44.0088],[-69.1284,44.0051],[-69.1301,44.0019],[-69.1302,44.0001],[-69.1283,43.9953],[-69.1239,43.9891],[-69.1178,43.9857],[-69.105,43.9825],[-69.1084,43.9756],[-69.1201,43.9451],[-69.2366,43.8256],[-69.2495,43.8192],[-69.2623,43.8154],[-69.257,43.8121],[-69.2425,43.7998],[-69.2333,43.781],[-69.2335,43.778],[-69.2779,43.796],[-69.3319,43.8195],[-69.369,43.8395],[-69.3836,43.8482],[-69.3942,43.858],[-69.3838,43.8688]]]}},{"type":"Feature","properties":{"TOWN":"Phippsburg"},"geometry":{"type":"Polygon","coordinates":[[[-69.8023,43.8272],[-69.8045,43.8207],[-69.8046,43.8152],[-69.7971,43.8109],[-69.7895,43.8008],[-69.7872,43.7955],[-69.7868,43.7843],[-69.7839,43.7751],[-69.7834,43.7708],[-69.7852,43.7622],[-69.7848,43.7603],[-69.7824,43.7563],[-69.7805,43.755],[-69.7696,43.7499],[-69.7684,43.7446],[-69.7656,43.7411],[-69.7637,43.7343],[-69.7649,43.7297],[-69.7728,43.7201],[-69.7856,43.6579],[-69.7866,43.6581],[-69.7936,43.6531],[-69.8089,43.6474],[-69.8276,43.645],[-69.8417,43.6449],[-69.8552,43.647],[-69.8819,43.6365],[-69.8881,43.7049],[-69.8873,43.7879],[-69.8826,43.7937],[-69.8713,43.8145],[-69.8502,43.8317],[-69.8473,43.8363],[-69.8429,43.8401],[-69.8404,43.8438],[-69.8368,43.8464],[-69.8381,43.8474],[-69.8382,43.8489],[-69.8355,43.8536],[-69.8351,43.8567],[-69.8334,43.8591],[-69.8347,43.863],[-69.8333,43.8658],[-69.8321,43.8666],[-69.8262,43.8671],[-69.824,43.8682],[-69.8233,43.8693],[-69.8246,43.8733],[-69.8241,43.8757],[-69.8221,43.8772],[-69.8147,43.8795],[-69.8105,43.8826],[-69.8057,43.8808],[-69.7967,43.8801],[-69.7954,43.8785],[-69.795,43.8759],[-69.7967,43.8715],[-69.7943,43.8672],[-69.7962,43.8544],[-69.7942,43.8497],[-69.7935,43.8435],[-69.7959,43.8395],[-69.7966,43.8348],[-69.8023,43.8272]]]}},{"type":"Feature","properties":{"TOWN":"Muscle Ridge Twp"},"geometry":{"type":"Polygon","coordinates":[[[-69.105,43.9825],[-69.0907,44.0001],[-69.0682,44.0332],[-69.0601,44.0503],[-69.0212,44.0737],[-68.9937,44.0937],[-68.9312,44.0897],[-68.9398,44.0782],[-68.957,44.0436],[-68.9743,44.0],[-68.987,43.9609],[-69.0373,43.9655],[-69.0433,43.9633],[-69.054,43.9568],[-69.0683,43.9537],[-69.0775,43.9529],[-69.1018,43.9429],[-69.1072,43.942],[-69.1119,43.9426],[-69.1196,43.9458],[-69.1084,43.9756],[-69.105,43.9825]]]}},{"type":"Feature","properties":{"TOWN":"Bald Mountain Twp T4 R3"},"geometry":{"type":"Polygon","coordinates":[[[-70.1601,45.7514],[-70.2921,45.7309],[-70.2982,45.7501],[-70.3142,45.8195],[-70.1858,45.8367],[-70.1813,45.82],[-70.1717,45.7928],[-70.1601,45.7514]]]}},{"type":"Feature","properties":{"TOWN":"Sandy Bay Twp"},"geometry":{"type":"Polygon","coordinates":[[[-70.2921,45.7309],[-70.3444,45.723],[-70.418,45.7133],[-70.4132,45.7155],[-70.413,45.7166],[-70.4077,45.7168],[-70.4005,45.7198],[-70.3996,45.7207],[-70.4007,45.7216],[-70.3979,45.7233],[-70.3971,45.7254],[-70.398,45.7267],[-70.3972,45.727],[-70.3968,45.7289],[-70.3952,45.7297],[-70.3903,45.7285],[-70.3858,45.7327],[-70.3858,45.7335],[-70.384,45.7343],[-70.3859,45.7346],[-70.3849,45.7357],[-70.3856,45.7362],[-70.3902,45.7362],[-70.3905,45.7369],[-70.3895,45.7374],[-70.3921,45.7381],[-70.3919,45.7392],[-70.394,45.7401],[-70.393,45.7415],[-70.3947,45.7425],[-70.3946,45.7436],[-70.3891,45.7471],[-70.3881,45.7483],[-70.3885,45.7503],[-70.3944,45.7546],[-70.396,45.7567],[-70.4009,45.7574],[-70.4071,45.7626],[-70.4064,45.7686],[-70.4055,45.77],[-70.4077,45.7732],[-70.4057,45.7765],[-70.4087,45.7799],[-70.4082,45.7803],[-70.4103,45.7842],[-70.4149,45.7844],[-70.4158,45.7853],[-70.4145,45.7902],[-70.4168,45.7936],[-70.4179,45.794],[-70.417,45.7955],[-70.4085,45.7977],[-70.4067,45.7978],[-70.4029,45.796],[-70.399,45.7967],[-70.3958,45.7995],[-70.3967,45.8001],[-70.3958,45.8026],[-70.3979,45.8041],[-70.3969,45.8056],[-70.3969,45.808],[-70.3943,45.8099],[-70.3142,45.8195],[-70.2982,45.7501],[-70.2921,45.7309]]]}},{"type":"Feature","properties":{"TOWN":"Bancroft Twp"},"geometry":{"type":"Polygon","coordinates":[[[-67.9083,45.6969],[-67.897,45.6653],[-68.0349,45.6422],[-68.0358,45.6996],[-68.0346,45.7485],[-67.9578,45.7492],[-67.957,45.7532],[-67.9583,45.7566],[-67.9566,45.7595],[-67.9594,45.7647],[-67.9596,45.7669],[-67.9648,45.7701],[-67.9655,45.7716],[-67.9651,45.7733],[-67.9374,45.7732],[-67.916,45.7189],[-67.9246,45.7174],[-67.9223,45.7104],[-67.9302,45.709],[-67.9273,45.7011],[-67.9196,45.7024],[-67.9173,45.6953],[-67.9083,45.6969]]]}},{"type":"Feature","properties":{"TOWN":"Thorndike Twp"},"geometry":{"type":"Polygon","coordinates":[[[-70.042,45.7685],[-70.0174,45.6809],[-70.1375,45.6637],[-70.1601,45.7514],[-70.042,45.7685]]]}},{"type":"Feature","properties":{"TOWN":"Reed Plt"},"geometry":{"type":"Polygon","coordinates":[[[-68.0341,45.7655],[-68.0358,45.6996],[-68.0349,45.6422],[-68.0989,45.6309],[-68.1668,45.6204],[-68.1662,45.668],[-68.1671,45.7366],[-68.1666,45.766],[-68.0341,45.7655]]]}},{"type":"Feature","properties":{"TOWN":"Brassua Twp"},"geometry":{"type":"Polygon","coordinates":[[[-69.881,45.6712],[-70.0088,45.6517],[-70.0347,45.7429],[-69.9087,45.7614],[-69.881,45.6712]]]}},{"type":"Feature","properties":{"TOWN":"T1 R12 WELS"},"geometry":{"type":"Polygon","coordinates":[[[-69.2024,45.7627],[-69.2027,45.6733],[-69.2495,45.6733],[-69.2495,45.6745],[-69.3282,45.6736],[-69.3258,45.7242],[-69.3249,45.7623],[-69.2024,45.7627]]]}},{"type":"Feature","properties":{"TOWN":"T1 R13 WELS"},"geometry":{"type":"Polygon","coordinates":[[[-69.3249,45.7623],[-69.3258,45.7242],[-69.3282,45.6736],[-69.4521,45.6721],[-69.444,45.6834],[-69.4465,45.7619],[-69.3249,45.7623]]]}},{"type":"Feature","properties":{"TOWN":"T1 R8 WELS"},"geometry":{"type":"Polygon","coordinates":[[[-68.6945,45.7067],[-68.7495,45.6968],[-68.827,45.6848],[-68.8259,45.7611],[-68.6943,45.7611],[-68.6945,45.7067]]]}},{"type":"Feature","properties":{"TOWN":"T1 R5 WELS"},"geometry":{"type":"Polygon","coordinates":[[[-68.4307,45.7599],[-68.2986,45.7586],[-68.2994,45.669],[-68.3945,45.6688],[-68.4325,45.6678],[-68.4307,45.7599]]]}},{"type":"Feature","properties":{"TOWN":"T4 R7 WELS"},"geometry":{"type":"Polygon","coordinates":[[[-68.694,46.0356],[-68.5585,46.0355],[-68.5593,45.9959],[-68.5588,45.9449],[-68.6935,45.9453],[-68.6929,45.9991],[-68.694,46.0356]]]}},{"type":"Feature","properties":{"TOWN":"T4 R9 WELS"},"geometry":{"type":"Polygon","coordinates":[[[-68.8233,46.0357],[-68.8226,46.0001],[-68.8229,45.9462],[-68.9531,45.9465],[-68.9513,46.0001],[-68.952,46.0363],[-68.8233,46.0357]]]}},{"type":"Feature","properties":{"TOWN":"TA R2 WELS"},"geometry":{"type":"Polygon","coordinates":[[[-67.9119,45.9931],[-67.9134,45.944],[-68.0386,45.9435],[-68.0401,45.9909],[-67.9119,45.9931]]]}},{"type":"Feature","properties":{"TOWN":"Plymouth Twp"},"geometry":{"type":"Polygon","coordinates":[[[-69.7869,45.8723],[-69.9109,45.8549],[-69.9237,45.8942],[-69.9313,45.9059],[-69.9435,45.9471],[-69.8132,45.9642],[-69.7959,45.9058],[-69.7869,45.8723]]]}},{"type":"Feature","properties":{"TOWN":"Pittston Academy Grant"},"geometry":{"type":"Polygon","coordinates":[[[-69.9109,45.8549],[-70.0603,45.8324],[-70.0841,45.9211],[-69.9859,45.9344],[-69.986,45.9414],[-69.9435,45.9471],[-69.9313,45.9059],[-69.9237,45.8942],[-69.9109,45.8549]]]}},{"type":"Feature","properties":{"TOWN":"Forkstown Twp"},"geometry":{"type":"Polygon","coordinates":[[[-67.914,45.8649],[-68.0345,45.8642],[-68.0386,45.9435],[-67.9134,45.944],[-67.914,45.8649]]]}},{"type":"Feature","properties":{"TOWN":"Hammond Twp"},"geometry":{"type":"Polygon","coordinates":[[[-70.0841,45.9211],[-70.0661,45.8552],[-70.1056,45.8483],[-70.1858,45.8367],[-70.2137,45.9247],[-70.0909,45.943],[-70.0841,45.9211]]]}},{"type":"Feature","properties":{"TOWN":"Sherman"},"geometry":{"type":"Polygon","coordinates":[[[-68.2975,45.9454],[-68.2975,45.8515],[-68.3087,45.8516],[-68.3088,45.8466],[-68.3401,45.8468],[-68.34,45.8516],[-68.3695,45.8517],[-68.3696,45.844],[-68.3769,45.8442],[-68.3768,45.8518],[-68.4266,45.8534],[-68.4262,45.8708],[-68.4276,45.9446],[-68.3077,45.9442],[-68.3077,45.9453],[-68.2975,45.9454]]]}},{"type":"Feature","properties":{"TOWN":"T3 R4 WELS"},"geometry":{"type":"Polygon","coordinates":[[[-68.164,45.9317],[-68.1652,45.8484],[-68.2975,45.8515],[-68.2973,45.9442],[-68.167,45.9439],[-68.164,45.9317]]]}},{"type":"Feature","properties":{"TOWN":"T3 R10 WELS"},"geometry":{"type":"Polygon","coordinates":[[[-68.9488,45.8558],[-69.0721,45.8534],[-69.0726,45.9462],[-68.9494,45.9465],[-68.9488,45.8558]]]}},{"type":"Feature","properties":{"TOWN":"T3 R7 WELS"},"geometry":{"type":"Polygon","coordinates":[[[-68.5586,45.8555],[-68.617,45.8559],[-68.6158,45.8544],[-68.6939,45.8533],[-68.6935,45.9453],[-68.5588,45.9449],[-68.5586,45.8555]]]}},{"type":"Feature","properties":{"TOWN":"Hopkins Academy Grant Twp"},"geometry":{"type":"Polygon","coordinates":[[[-68.6952,45.5579],[-68.6951,45.5609],[-68.7729,45.5471],[-68.7715,45.5966],[-68.7035,45.6067],[-68.6312,45.6188],[-68.631,45.5687],[-68.6952,45.5579]]]}},{"type":"Feature","properties":{"TOWN":"Vanceboro"},"geometry":{"type":"Polygon","coordinates":[[[-67.4247,45.504],[-67.5351,45.5547],[-67.5192,45.5876],[-67.499,45.5867],[-67.4915,45.5909],[-67.4911,45.5932],[-67.4894,45.5937],[-67.4879,45.596],[-67.4877,45.5969],[-67.4903,45.597],[-67.4916,45.5985],[-67.494,45.5989],[-67.4933,45.6013],[-67.4908,45.6008],[-67.486,45.6014],[-67.477,45.6039],[-67.4723,45.6005],[-67.4685,45.6006],[-67.465,45.6035],[-67.4567,45.6043],[-67.45,45.6025],[-67.4473,45.5966],[-67.4453,45.5964],[-67.4311,45.5841],[-67.4256,45.5784],[-67.4233,45.5716],[-67.4291,45.5686],[-67.4281,45.5675],[-67.4282,45.5651],[-67.4267,45.5631],[-67.4266,45.5606],[-67.4221,45.5566],[-67.4228,45.5537],[-67.4207,45.5497],[-67.424,45.5469],[-67.4244,45.5429],[-67.4256,45.5415],[-67.4251,45.5402],[-67.4325,45.5404],[-67.4348,45.5359],[-67.4345,45.5327],[-67.4352,45.5315],[-67.435,45.5282],[-67.4319,45.5238],[-67.4328,45.5198],[-67.4286,45.519],[-67.4258,45.5172],[-67.4265,45.5152],[-67.421,45.5118],[-67.4165,45.5043],[-67.4163,45.5014],[-67.4182,45.5013],[-67.423,45.5055],[-67.4253,45.505],[-67.4247,45.504]]]}},{"type":"Feature","properties":{"TOWN":"Brookton Twp"},"geometry":{"type":"Polygon","coordinates":[[[-67.743,45.5105],[-67.8713,45.493],[-67.8744,45.5001],[-67.8765,45.5001],[-67.9035,45.5743],[-67.7716,45.5966],[-67.743,45.5105]]]}},{"type":"Feature","properties":{"TOWN":"Mattawamkeag"},"geometry":{"type":"Polygon","coordinates":[[[-68.228,45.5154],[-68.3134,45.5035],[-68.3695,45.4945],[-68.3608,45.5016],[-68.3591,45.5038],[-68.3605,45.5079],[-68.3599,45.5115],[-68.3625,45.5168],[-68.3636,45.5227],[-68.3667,45.5276],[-68.3698,45.5361],[-68.3745,45.5429],[-68.3866,45.5536],[-68.3941,45.5596],[-68.4015,45.564],[-68.407,45.5692],[-68.4144,45.5729],[-68.3139,45.5882],[-68.2575,45.598],[-68.228,45.5154]]]}},{"type":"Feature","properties":{"TOWN":"Misery Twp"},"geometry":{"type":"Polygon","coordinates":[[[-69.846,45.5316],[-70.005,45.5084],[-70.0088,45.5233],[-70.0271,45.5738],[-69.8692,45.5951],[-69.846,45.5316]]]}},{"type":"Feature","properties":{"TOWN":"Bremen"},"geometry":{"type":"Polygon","coordinates":[[[-69.4443,43.9679],[-69.4732,43.9822],[-69.4909,43.9855],[-69.4837,43.997],[-69.4683,44.0174],[-69.4626,44.0193],[-69.461,44.0189],[-69.4568,44.0227],[-69.4521,44.0249],[-69.4512,44.0305],[-69.4451,44.0406],[-69.4436,44.0468],[-69.4445,44.0531],[-69.4485,44.057],[-69.4376,44.0634],[-69.4059,44.0477],[-69.4079,44.0456],[-69.4073,44.0423],[-69.4082,44.0404],[-69.405,44.0387],[-69.406,44.0369],[-69.4046,44.0318],[-69.4051,44.0299],[-69.4039,44.0286],[-69.4044,44.0278],[-69.3986,44.0266],[-69.3893,44.0184],[-69.3871,44.0132],[-69.3845,44.0109],[-69.3819,44.0097],[-69.3786,44.0099],[-69.3755,44.0108],[-69.3727,44.0132],[-69.3695,44.0141],[-69.364,44.0129],[-69.3666,44.0018],[-69.3686,44.0016],[-69.368,44.0028],[-69.3695,44.0041],[-69.369,44.0054],[-69.3674,44.0063],[-69.3667,44.0041],[-69.3678,44.0033],[-69.3662,44.0037],[-69.3663,44.0066],[-69.3679,44.0084],[-69.3655,44.0095],[-69.3661,44.0103],[-69.3669,44.0099],[-69.3672,44.0112],[-69.3718,44.009],[-69.3731,44.006],[-69.3745,44.0001],[-69.3744,43.9965],[-69.3754,43.9954],[-69.3747,43.995],[-69.3723,43.9967],[-69.3704,43.9968],[-69.3692,43.9999],[-69.3669,44.0008],[-69.3803,43.9445],[-69.4182,43.9464],[-69.4216,43.9487],[-69.4248,43.9524],[-69.438,43.9571],[-69.4364,43.9659],[-69.4372,43.968],[-69.4443,43.9679]],[[-69.3687,43.9979],[-69.3686,43.9982],[-69.3688,43.9982],[-69.3687,43.9979]],[[-69.3711,43.996],[-69.371,43.9963],[-69.3712,43.9959],[-69.3711,43.996]],[[-69.3686,43.9976],[-69.3688,43.9977],[-69.3687,43.9976],[-69.3686,43.9976]]]}},{"type":"Feature","properties":{"TOWN":"Long A Twp"},"geometry":{"type":"Polygon","coordinates":[[[-68.6951,45.5609],[-68.6953,45.5505],[-68.8745,45.5245],[-68.9647,45.5124],[-68.9517,45.5818],[-68.932,45.5818],[-68.9279,45.5693],[-68.7951,45.5933],[-68.7715,45.5966],[-68.7729,45.5471],[-68.6951,45.5609]]]}},{"type":"Feature","properties":{"TOWN":"TB R11 WELS"},"geometry":{"type":"Polygon","coordinates":[[[-69.1268,45.5838],[-69.0744,45.5826],[-69.0675,45.5122],[-69.0694,45.4976],[-69.2158,45.4771],[-69.2456,45.575],[-69.2026,45.5827],[-69.2026,45.584],[-69.1268,45.5838]]]}},{"type":"Feature","properties":{"TOWN":"TB R10 WELS"},"geometry":{"type":"Polygon","coordinates":[[[-68.9517,45.5818],[-68.9647,45.5124],[-68.9995,45.5067],[-69.0694,45.4976],[-69.0675,45.5122],[-69.0744,45.5826],[-68.9517,45.5818]]]}},{"type":"Feature","properties":{"TOWN":"Woodville"},"geometry":{"type":"Polygon","coordinates":[[[-68.4144,45.5729],[-68.4079,45.5698],[-68.4015,45.564],[-68.3931,45.5588],[-68.3745,45.5429],[-68.3694,45.5354],[-68.3667,45.5276],[-68.3638,45.5233],[-68.3625,45.5168],[-68.3597,45.5108],[-68.3605,45.5079],[-68.3591,45.5038],[-68.3599,45.5025],[-68.3695,45.4945],[-68.5064,45.4722],[-68.5345,45.5594],[-68.4269,45.577],[-68.4144,45.5729]]]}},{"type":"Feature","properties":{"TOWN":"T5 R7 BKP WKR"},"geometry":{"type":"Polygon","coordinates":[[[-70.2621,45.4839],[-70.3795,45.4665],[-70.3961,45.5275],[-70.2806,45.5426],[-70.2621,45.4839]]]}},{"type":"Feature","properties":{"TOWN":"Greenville"},"geometry":{"type":"MultiPolygon","coordinates":[[[[-69.4943,45.495],[-69.4732,45.4198],[-69.6017,45.3999],[-69.6243,45.4692],[-69.6071,45.4722],[-69.6073,45.4729],[-69.6101,45.4727],[-69.6072,45.4749],[-69.6063,45.4749],[-69.6067,45.4732],[-69.6057,45.4725],[-69.5952,45.4743],[-69.5952,45.4759],[-69.5936,45.478],[-69.5962,45.4784],[-69.5967,45.4789],[-69.5962,45.4795],[-69.5978,45.4796],[-69.5966,45.4821],[-69.5988,45.4837],[-69.5982,45.4855],[-69.5948,45.4876],[-69.5961,45.4879],[-69.5968,45.4895],[-69.5917,45.4928],[-69.5894,45.493],[-69.589,45.4943],[-69.5906,45.4952],[-69.59,45.4958],[-69.5901,45.4976],[-69.5875,45.4993],[-69.5868,45.5027],[-69.5816,45.5028],[-69.5781,45.5046],[-69.5774,45.5056],[-69.5776,45.5079],[-69.5764,45.5084],[-69.5766,45.5098],[-69.5759,45.5109],[-69.574,45.5124],[-69.5701,45.5128],[-69.5779,45.5148],[-69.5773,45.5158],[-69.5782,45.5169],[-69.5808,45.5147],[-69.5819,45.5152],[-69.5837,45.5145],[-69.5867,45.5154],[-69.5931,45.5196],[-69.5919,45.5218],[-69.5928,45.5221],[-69.507,45.5353],[-69.4943,45.495]]],[[[-69.6002,45.521],[-69.6011,45.5204],[-69.6001,45.5197],[-69.6009,45.5195],[-69.6056,45.5202],[-69.6002,45.521]]]]}},{"type":"Feature","properties":{"TOWN":"Upper Enchanted Twp"},"geometry":{"type":"Polygon","coordinates":[[[-70.1079,45.4164],[-70.2365,45.3982],[-70.2621,45.4839],[-70.1719,45.497],[-70.1334,45.5038],[-70.1228,45.4667],[-70.1169,45.45],[-70.1079,45.4164]]]}},{"type":"Feature","properties":{"TOWN":"Lower Enchanted Twp"},"geometry":{"type":"Polygon","coordinates":[[[-70.0805,45.3308],[-70.0857,45.3326],[-70.1084,45.3273],[-70.1113,45.3276],[-70.1151,45.3295],[-70.1222,45.3298],[-70.1301,45.332],[-70.1386,45.3316],[-70.1426,45.3303],[-70.1479,45.3302],[-70.1547,45.3287],[-70.1624,45.3249],[-70.1668,45.3217],[-70.1717,45.3154],[-70.171,45.3133],[-70.1696,45.3123],[-70.1717,45.3102],[-70.1768,45.3095],[-70.1866,45.3066],[-70.1938,45.3025],[-70.1996,45.3004],[-70.2033,45.3015],[-70.206,45.3014],[-70.224,45.3601],[-70.2365,45.3982],[-70.1079,45.4164],[-70.1056,45.4075],[-70.094,45.3751],[-70.0805,45.3308]]]}},{"type":"Feature","properties":{"TOWN":"Kibby Twp"},"geometry":{"type":"Polygon","coordinates":[[[-70.4896,45.4109],[-70.4663,45.3258],[-70.5884,45.3085],[-70.6095,45.3068],[-70.6309,45.3947],[-70.4896,45.4109]]]}},{"type":"Feature","properties":{"TOWN":"Merrill Strip Twp"},"geometry":{"type":"MultiPolygon","coordinates":[[[[-70.6688,45.3898],[-70.707,45.3848],[-70.7085,45.3917],[-70.7067,45.3931],[-70.6993,45.3945],[-70.6961,45.3925],[-70.6876,45.3929],[-70.6829,45.3952],[-70.6782,45.3943],[-70.6688,45.3898]]],[[[-70.6053,45.3976],[-70.6365,45.394],[-70.6364,45.3952],[-70.6333,45.3984],[-70.6285,45.3998],[-70.6235,45.4001],[-70.6215,45.4025],[-70.6245,45.4062],[-70.6302,45.4071],[-70.633,45.4087],[-70.6357,45.413],[-70.6349,45.4156],[-70.6315,45.4158],[-70.6312,45.4178],[-70.6279,45.4208],[-70.6299,45.4264],[-70.6358,45.4274],[-70.6407,45.431],[-70.6431,45.4336],[-70.6426,45.4363],[-70.6462,45.4377],[-70.6502,45.4429],[-70.6507,45.4449],[-70.6629,45.446],[-70.666,45.4483],[-70.6747,45.4518],[-70.6812,45.4522],[-70.6809,45.4566],[-70.682,45.4619],[-70.6858,45.4633],[-70.6904,45.4636],[-70.6916,45.4641],[-70.6928,45.4664],[-70.6917,45.4698],[-70.6916,45.4742],[-70.6995,45.479],[-70.7049,45.479],[-70.7103,45.4828],[-70.631,45.4977],[-70.6053,45.3976]]]]}},{"type":"Feature","properties":{"TOWN":"Williamsburg Twp"},"geometry":{"type":"Polygon","coordinates":[[[-69.0521,45.2954],[-69.1002,45.2885],[-69.1037,45.3007],[-69.094,45.3021],[-69.0989,45.3201],[-69.1088,45.3188],[-69.1112,45.3279],[-69.1276,45.3256],[-69.13,45.3353],[-69.1472,45.3333],[-69.1613,45.3939],[-69.0824,45.4058],[-69.0521,45.2954]]]}},{"type":"Feature","properties":{"TOWN":"Pukakon Twp"},"geometry":{"type":"Polygon","coordinates":[[[-67.9398,45.2679],[-67.9985,45.2598],[-68.0026,45.2598],[-68.0089,45.2787],[-68.016,45.3086],[-68.0204,45.3199],[-68.027,45.3437],[-67.9669,45.3519],[-67.9398,45.2679]]]}},{"type":"Feature","properties":{"TOWN":"Alder Stream Twp"},"geometry":{"type":"Polygon","coordinates":[[[-70.5664,45.221],[-70.6906,45.2052],[-70.7141,45.2944],[-70.6095,45.3068],[-70.5884,45.3085],[-70.5664,45.221]]]}},{"type":"Feature","properties":{"TOWN":"Parmachenee Twp"},"geometry":{"type":"Polygon","coordinates":[[[-70.9463,45.1753],[-71.0707,45.161],[-71.0745,45.2043],[-71.0772,45.2503],[-70.9668,45.2635],[-70.9463,45.1753]]]}},{"type":"Feature","properties":{"TOWN":"T8 R3 NBPP"},"geometry":{"type":"Polygon","coordinates":[[[-67.8713,45.493],[-67.8745,45.4926],[-67.8745,45.4881],[-67.9932,45.467],[-68.0204,45.5533],[-67.9035,45.5743],[-67.8765,45.5001],[-67.8744,45.5001],[-67.8713,45.493]]]}},{"type":"Feature","properties":{"TOWN":"Parlin Pond Twp"},"geometry":{"type":"Polygon","coordinates":[[[-70.0086,45.5225],[-70.0838,45.5102],[-70.1334,45.5038],[-70.1389,45.5223],[-70.1518,45.5589],[-70.0271,45.5738],[-70.0086,45.5225]]]}},{"type":"Feature","properties":{"TOWN":"Bowdoin College Grant East Twp"},"geometry":{"type":"Polygon","coordinates":[[[-69.2158,45.4771],[-69.3464,45.4589],[-69.3752,45.5555],[-69.2456,45.575],[-69.2158,45.4771]]]}},{"type":"Feature","properties":{"TOWN":"Bradstreet Twp"},"geometry":{"type":"Polygon","coordinates":[[[-70.1334,45.5038],[-70.1719,45.497],[-70.2621,45.4839],[-70.2806,45.5426],[-70.1518,45.5589],[-70.1389,45.5223],[-70.1334,45.5038]]]}},{"type":"Feature","properties":{"TOWN":"Lambert Lake Twp"},"geometry":{"type":"Polygon","coordinates":[[[-67.4247,45.504],[-67.4274,45.501],[-67.4303,45.5011],[-67.4309,45.5014],[-67.4307,45.5031],[-67.4326,45.5039],[-67.4346,45.5035],[-67.4371,45.5051],[-67.442,45.5053],[-67.448,45.5099],[-67.4502,45.5104],[-67.4535,45.5088],[-67.4532,45.5071],[-67.45,45.5051],[-67.4489,45.5021],[-67.4496,45.4992],[-67.4514,45.4989],[-67.4619,45.507],[-67.4623,45.508],[-67.4636,45.5084],[-67.4666,45.5067],[-67.4669,45.5058],[-67.4699,45.5058],[-67.4711,45.5041],[-67.4703,45.502],[-67.4713,45.5008],[-67.4705,45.4996],[-67.4676,45.4984],[-67.4645,45.4983],[-67.4637,45.4971],[-67.4656,45.496],[-67.4676,45.4952],[-67.4712,45.4972],[-67.4734,45.4961],[-67.4776,45.497],[-67.4816,45.494],[-67.483,45.4942],[-67.4838,45.4954],[-67.4855,45.4955],[-67.489,45.493],[-67.4881,45.4912],[-67.4895,45.4891],[-67.4951,45.4887],[-67.4971,45.4902],[-67.5001,45.4909],[-67.5035,45.4896],[-67.5037,45.4867],[-67.5015,45.4827],[-67.501,45.4789],[-67.4967,45.4755],[-67.4943,45.4724],[-67.4873,45.4678],[-67.486,45.4646],[-67.4825,45.4602],[-67.4823,45.4576],[-67.4849,45.4559],[-67.4849,45.4539],[-67.5806,45.4444],[-67.5968,45.4984],[-67.6078,45.5439],[-67.5351,45.5547],[-67.4247,45.504]]]}},{"type":"Feature","properties":{"TOWN":"T1 R9 WELS"},"geometry":{"type":"Polygon","coordinates":[[[-68.827,45.6848],[-68.9509,45.6636],[-68.9491,45.7609],[-68.8259,45.7611],[-68.827,45.6848]]]}},{"type":"Feature","properties":{"TOWN":"T1 R11 WELS"},"geometry":{"type":"Polygon","coordinates":[[[-69.0736,45.7605],[-69.0729,45.7327],[-69.0737,45.6727],[-69.2027,45.6733],[-69.2025,45.7604],[-69.0736,45.7605]]]}},{"type":"Feature","properties":{"TOWN":"Moose River"},"geometry":{"type":"Polygon","coordinates":[[[-70.1375,45.6637],[-70.1961,45.6547],[-70.201,45.6547],[-70.2391,45.6455],[-70.2687,45.641],[-70.2921,45.7309],[-70.1601,45.7514],[-70.1375,45.6637]]]}},{"type":"Feature","properties":{"TOWN":"Dennistown Plt"},"geometry":{"type":"Polygon","coordinates":[[[-70.2687,45.641],[-70.4013,45.621],[-70.418,45.7133],[-70.3444,45.723],[-70.2921,45.7309],[-70.2687,45.641]]]}},{"type":"Feature","properties":{"TOWN":"Forsyth Twp"},"geometry":{"type":"Polygon","coordinates":[[[-70.4013,45.621],[-70.5338,45.6024],[-70.5529,45.6679],[-70.5469,45.666],[-70.5448,45.6669],[-70.5423,45.6665],[-70.5333,45.671],[-70.526,45.6665],[-70.5232,45.6682],[-70.5199,45.6691],[-70.5192,45.6701],[-70.5197,45.6715],[-70.5177,45.6726],[-70.5172,45.6741],[-70.5108,45.6782],[-70.5107,45.6792],[-70.5023,45.6818],[-70.5024,45.6832],[-70.4965,45.6857],[-70.4971,45.6862],[-70.4946,45.6877],[-70.4943,45.6887],[-70.4895,45.6901],[-70.4865,45.6917],[-70.4848,45.6936],[-70.4796,45.6948],[-70.475,45.6978],[-70.475,45.6986],[-70.4691,45.7017],[-70.4705,45.7031],[-70.4676,45.7043],[-70.4656,45.7065],[-70.4614,45.7056],[-70.456,45.7071],[-70.4509,45.704],[-70.449,45.7045],[-70.4453,45.7037],[-70.441,45.7054],[-70.4392,45.7039],[-70.4289,45.7074],[-70.4289,45.708],[-70.426,45.7071],[-70.4256,45.7077],[-70.4288,45.7087],[-70.4296,45.7102],[-70.4285,45.7098],[-70.4258,45.7117],[-70.418,45.7133],[-70.4013,45.621]]]}},{"type":"Feature","properties":{"TOWN":"Kineo Twp"},"geometry":{"type":"Polygon","coordinates":[[[-69.7215,45.7],[-69.7225,45.6993],[-69.7215,45.6991],[-69.7199,45.6967],[-69.7208,45.6925],[-69.7243,45.6905],[-69.7273,45.6918],[-69.7288,45.6943],[-69.7303,45.6941],[-69.7303,45.6926],[-69.7314,45.6926],[-69.7311,45.6904],[-69.7279,45.6883],[-69.7281,45.6874],[-69.7315,45.6868],[-69.7343,45.6907],[-69.7393,45.6909],[-69.7421,45.6924],[-69.7458,45.692],[-69.7487,45.6957],[-69.7532,45.7056],[-69.7539,45.7085],[-69.753,45.7127],[-69.7425,45.7133],[-69.7353,45.7106],[-69.7319,45.7084],[-69.7298,45.7056],[-69.7311,45.7038],[-69.7301,45.6979],[-69.7268,45.6978],[-69.7215,45.7]]]}},{"type":"Feature","properties":{"TOWN":"Forest City Twp"},"geometry":{"type":"Polygon","coordinates":[[[-67.6536,45.6188],[-67.6973,45.6105],[-67.7051,45.6204],[-67.7125,45.6263],[-67.7207,45.6305],[-67.728,45.6357],[-67.7396,45.6493],[-67.7524,45.6597],[-67.7542,45.6629],[-67.7543,45.6676],[-67.7474,45.6705],[-67.7444,45.673],[-67.7387,45.6678],[-67.7357,45.6669],[-67.7324,45.6634],[-67.7272,45.6627],[-67.7247,45.6642],[-67.7216,45.6621],[-67.7204,45.6622],[-67.7176,45.6651],[-67.718,45.6677],[-67.7235,45.67],[-67.7238,45.6722],[-67.73,45.6767],[-67.7336,45.6844],[-67.7346,45.689],[-67.7289,45.6892],[-67.7273,45.6886],[-67.7254,45.6855],[-67.7178,45.6795],[-67.713,45.6812],[-67.7095,45.6814],[-67.7106,45.6793],[-67.7058,45.6732],[-67.7014,45.6691],[-67.6979,45.6596],[-67.6912,45.6535],[-67.6923,45.6501],[-67.6795,45.6381],[-67.6752,45.6309],[-67.6662,45.6242],[-67.6631,45.6254],[-67.6536,45.6188]]]}},{"type":"Feature","properties":{"TOWN":"Millinocket"},"geometry":{"type":"Polygon","coordinates":[[[-68.6244,45.6705],[-68.6243,45.6495],[-68.6258,45.6461],[-68.6436,45.6418],[-68.6497,45.6417],[-68.6536,45.6388],[-68.659,45.6388],[-68.6647,45.64],[-68.6676,45.6392],[-68.6702,45.6365],[-68.6702,45.6321],[-68.6768,45.627],[-68.6792,45.6194],[-68.6829,45.6125],[-68.6866,45.6109],[-68.6898,45.611],[-68.6949,45.614],[-68.7008,45.6108],[-68.7045,45.6143],[-68.7111,45.6165],[-68.712,45.6175],[-68.7115,45.6188],[-68.7121,45.6206],[-68.7136,45.6213],[-68.7139,45.6232],[-68.7181,45.6261],[-68.7186,45.6297],[-68.7234,45.6368],[-68.7351,45.6393],[-68.7409,45.6388],[-68.7533,45.6654],[-68.6863,45.6773],[-68.686,45.6766],[-68.6823,45.6771],[-68.6816,45.6752],[-68.6625,45.6755],[-68.6456,45.6787],[-68.6333,45.6867],[-68.6286,45.6839],[-68.6215,45.6839],[-68.6244,45.6705]]]}},{"type":"Feature","properties":{"TOWN":"Long Pond Twp"},"geometry":{"type":"Polygon","coordinates":[[[-70.0174,45.6809],[-69.9978,45.6133],[-69.99,45.5826],[-70.1177,45.5637],[-70.1351,45.6265],[-70.129,45.6298],[-70.1375,45.6637],[-70.0174,45.6809]]]}},{"type":"Feature","properties":{"TOWN":"T4 Indian Purchase Twp"},"geometry":{"type":"Polygon","coordinates":[[[-68.7957,45.5932],[-68.9279,45.5693],[-68.9589,45.6622],[-68.8271,45.6848],[-68.8056,45.6251],[-68.7957,45.5932]]]}},{"type":"Feature","properties":{"TOWN":"Gorham Gore"},"geometry":{"type":"Polygon","coordinates":[[[-70.5338,45.6024],[-70.6637,45.5843],[-70.6637,45.5844],[-70.6596,45.5867],[-70.6592,45.5896],[-70.6557,45.5913],[-70.6503,45.597],[-70.6496,45.598],[-70.6508,45.5994],[-70.6463,45.6037],[-70.6449,45.6068],[-70.6361,45.6099],[-70.6323,45.6092],[-70.6268,45.6102],[-70.6245,45.6116],[-70.6193,45.6121],[-70.6189,45.6143],[-70.6171,45.6168],[-70.6112,45.621],[-70.6087,45.6218],[-70.6072,45.6239],[-70.6069,45.6258],[-70.6004,45.6274],[-70.5967,45.6298],[-70.5926,45.6295],[-70.5911,45.6303],[-70.5902,45.6335],[-70.5868,45.6355],[-70.586,45.6378],[-70.5838,45.6391],[-70.5834,45.6424],[-70.5798,45.6434],[-70.5755,45.6484],[-70.5728,45.6488],[-70.5669,45.6541],[-70.5648,45.6549],[-70.565,45.6572],[-70.5632,45.6582],[-70.5621,45.6603],[-70.5635,45.6627],[-70.5602,45.6641],[-70.5604,45.6648],[-70.5576,45.667],[-70.5556,45.6666],[-70.5529,45.6679],[-70.5338,45.6024]]]}},{"type":"Feature","properties":{"TOWN":"Macwahoc Plt"},"geometry":{"type":"Polygon","coordinates":[[[-68.1668,45.6204],[-68.2601,45.6045],[-68.2575,45.598],[-68.3008,45.5905],[-68.2994,45.6731],[-68.1662,45.6733],[-68.1668,45.6204]]]}},{"type":"Feature","properties":{"TOWN":"Shawtown Twp"},"geometry":{"type":"Polygon","coordinates":[[[-69.2027,45.6733],[-69.2026,45.5827],[-69.2495,45.5743],[-69.3245,45.563],[-69.3282,45.6736],[-69.2495,45.6745],[-69.2495,45.6733],[-69.2027,45.6733]]]}},{"type":"Feature","properties":{"TOWN":"Frenchtown Twp"},"geometry":{"type":"Polygon","coordinates":[[[-69.3252,45.584],[-69.4494,45.5826],[-69.4521,45.6721],[-69.3282,45.6736],[-69.3252,45.584]]]}},{"type":"Feature","properties":{"TOWN":"TA R11 WELS"},"geometry":{"type":"Polygon","coordinates":[[[-69.0737,45.6727],[-69.0744,45.5826],[-69.1245,45.5837],[-69.2026,45.584],[-69.2027,45.6733],[-69.0737,45.6727]]]}},{"type":"Feature","properties":{"TOWN":"TA R10 WELS"},"geometry":{"type":"Polygon","coordinates":[[[-68.9507,45.6725],[-68.9509,45.6636],[-68.9589,45.6622],[-68.9507,45.6384],[-68.9517,45.5818],[-69.0744,45.5826],[-69.0737,45.6727],[-68.9507,45.6725]]]}},{"type":"Feature","properties":{"TOWN":"TA R7 WELS"},"geometry":{"type":"Polygon","coordinates":[[[-68.6151,45.6704],[-68.6145,45.6402],[-68.6116,45.6355],[-68.6073,45.6325],[-68.5868,45.6222],[-68.5727,45.6203],[-68.5624,45.6156],[-68.5629,45.5697],[-68.6953,45.5505],[-68.6952,45.5579],[-68.631,45.5687],[-68.6312,45.6188],[-68.6643,45.6131],[-68.6702,45.6321],[-68.6704,45.6358],[-68.6692,45.6379],[-68.6661,45.6399],[-68.6536,45.6388],[-68.6497,45.6417],[-68.6436,45.6418],[-68.6263,45.6457],[-68.6244,45.6482],[-68.6244,45.6705],[-68.6151,45.6704]]]}},{"type":"Feature","properties":{"TOWN":"Molunkus Twp"},"geometry":{"type":"Polygon","coordinates":[[[-68.3008,45.5905],[-68.4144,45.5729],[-68.433,45.5785],[-68.4325,45.6678],[-68.3945,45.6688],[-68.2994,45.669],[-68.3008,45.5905]]]}},{"type":"Feature","properties":{"TOWN":"Medway"},"geometry":{"type":"Polygon","coordinates":[[[-68.4325,45.6678],[-68.433,45.5785],[-68.4269,45.577],[-68.5345,45.5594],[-68.539,45.573],[-68.5629,45.5697],[-68.5616,45.6693],[-68.4325,45.6678]]]}},{"type":"Feature","properties":{"TOWN":"Sandwich Academy Grant Twp"},"geometry":{"type":"Polygon","coordinates":[[[-69.8558,45.6029],[-69.99,45.5826],[-69.9978,45.6133],[-70.0043,45.6346],[-69.8718,45.6526],[-69.8592,45.6116],[-69.8558,45.6029]]]}},{"type":"Feature","properties":{"TOWN":"Drew Twp"},"geometry":{"type":"Polygon","coordinates":[[[-68.0204,45.5533],[-68.1098,45.5386],[-68.1119,45.5399],[-68.1118,45.5441],[-68.1096,45.5448],[-68.1097,45.5463],[-68.1115,45.5474],[-68.1115,45.5461],[-68.1135,45.5447],[-68.1168,45.5455],[-68.1321,45.5427],[-68.1297,45.5363],[-68.1485,45.5328],[-68.1804,45.618],[-68.0989,45.6309],[-68.048,45.6399],[-68.0204,45.5533]]]}},{"type":"Feature","properties":{"TOWN":"Sandbar Tract Twp"},"geometry":{"type":"MultiPolygon","coordinates":[[[[-69.7111,45.6377],[-69.7089,45.6379],[-69.7071,45.6362],[-69.707,45.6329],[-69.7016,45.6279],[-69.7027,45.625],[-69.7127,45.6245],[-69.7174,45.6398],[-69.715,45.6398],[-69.7111,45.6377]]],[[[-69.7005,45.6445],[-69.7051,45.6446],[-69.7096,45.6494],[-69.7134,45.6504],[-69.7138,45.6497],[-69.7126,45.6475],[-69.716,45.6481],[-69.7178,45.6411],[-69.7226,45.6575],[-69.7192,45.6561],[-69.7124,45.6554],[-69.7056,45.6525],[-69.7052,45.653],[-69.7013,45.6517],[-69.6918,45.645],[-69.6941,45.6409],[-69.6953,45.6406],[-69.6969,45.6409],[-69.7005,45.6445]]]]}},{"type":"Feature","properties":{"TOWN":"Veazie Gore"},"geometry":{"type":"Polygon","coordinates":[[[-68.932,45.5818],[-68.9517,45.5818],[-68.9507,45.6384],[-68.9421,45.6126],[-68.932,45.5818]]]}},{"type":"Feature","properties":{"TOWN":"Forest Twp"},"geometry":{"type":"Polygon","coordinates":[[[-67.6266,45.6179],[-67.6052,45.5339],[-67.743,45.5105],[-67.7716,45.5966],[-67.6536,45.6188],[-67.6456,45.6133],[-67.6397,45.616],[-67.644,45.6231],[-67.6389,45.6251],[-67.6266,45.6179]]]}},{"type":"Feature","properties":{"TOWN":"Bristol"},"geometry":{"type":"Polygon","coordinates":[[[-69.543,43.998],[-69.5418,43.9998],[-69.5409,44.0043],[-69.4995,44.0087],[-69.4843,44.0068],[-69.4757,44.007],[-69.4837,43.997],[-69.4909,43.9855],[-69.4732,43.9822],[-69.4443,43.9679],[-69.4372,43.968],[-69.4364,43.9659],[-69.438,43.9571],[-69.4248,43.9524],[-69.4216,43.9487],[-69.4182,43.9464],[-69.3803,43.9445],[-69.3977,43.8719],[-69.3978,43.8642],[-69.3966,43.8611],[-69.3929,43.8563],[-69.3858,43.8498],[-69.3704,43.8403],[-69.3528,43.8307],[-69.3646,43.8241],[-69.3731,43.8176],[-69.3793,43.8105],[-69.3873,43.799],[-69.4006,43.8045],[-69.4093,43.8108],[-69.4594,43.7963],[-69.4699,43.7939],[-69.4804,43.7882],[-69.5058,43.7782],[-69.5311,43.8222],[-69.531,43.8385],[-69.533,43.8502],[-69.5415,43.8678],[-69.5437,43.8754],[-69.5439,43.8806],[-69.5424,43.8903],[-69.5429,43.8956],[-69.5399,43.9014],[-69.5331,43.9048],[-69.5323,43.909],[-69.5326,43.9151],[-69.5317,43.9187],[-69.5352,43.9915],[-69.5471,43.9953],[-69.543,43.998]],[[-69.4419,43.9114],[-69.4408,43.9094],[-69.4371,43.9101],[-69.4358,43.9132],[-69.4338,43.9159],[-69.4337,43.9169],[-69.4345,43.9176],[-69.4314,43.9216],[-69.4317,43.9242],[-69.4306,43.926],[-69.4332,43.9265],[-69.4324,43.9294],[-69.4314,43.9294],[-69.4321,43.9287],[-69.4315,43.9274],[-69.4273,43.9291],[-69.4242,43.9341],[-69.4222,43.9355],[-69.4222,43.9367],[-69.4206,43.9364],[-69.4202,43.9372],[-69.4202,43.938],[-69.4223,43.9389],[-69.4236,43.9419],[-69.426,43.9421],[-69.4272,43.9409],[-69.4267,43.9426],[-69.4298,43.9442],[-69.4296,43.9491],[-69.4313,43.9519],[-69.4332,43.952],[-69.4332,43.9501],[-69.435,43.949],[-69.4334,43.9462],[-69.4339,43.9437],[-69.4355,43.9418],[-69.4372,43.9412],[-69.4372,43.9396],[-69.4385,43.9381],[-69.4376,43.9371],[-69.4378,43.9321],[-69.4419,43.9167],[-69.4419,43.9114]],[[-69.4288,43.917],[-69.4278,43.9161],[-69.4274,43.9136],[-69.4242,43.9147],[-69.4222,43.9177],[-69.4234,43.9205],[-69.423,43.923],[-69.4248,43.9229],[-69.425,43.9238],[-69.4261,43.923],[-69.4259,43.9239],[-69.4275,43.9241],[-69.4278,43.9229],[-69.4269,43.9221],[-69.4288,43.9184],[-69.4288,43.917]],[[-69.4362,43.8956],[-69.4353,43.895],[-69.4325,43.8976],[-69.4332,43.8985],[-69.4327,43.8999],[-69.4336,43.9004],[-69.4352,43.8993],[-69.4362,43.8956]],[[-69.401,43.9116],[-69.4018,43.909],[-69.3999,43.909],[-69.3986,43.9104],[-69.401,43.9116]],[[-69.4413,43.8859],[-69.439,43.8872],[-69.4379,43.8904],[-69.4414,43.887],[-69.4413,43.8859]],[[-69.4178,43.8776],[-69.4157,43.8779],[-69.4158,43.8797],[-69.418,43.8785],[-69.4178,43.8776]],[[-69.409,43.9303],[-69.4082,43.9299],[-69.4074,43.9308],[-69.4083,43.9325],[-69.409,43.9303]],[[-69.4492,43.8945],[-69.448,43.8956],[-69.449,43.8966],[-69.4498,43.8961],[-69.4492,43.8945]],[[-69.4172,43.9266],[-69.4162,43.9269],[-69.4151,43.93],[-69.4171,43.9278],[-69.4172,43.9266]],[[-69.4412,43.9069],[-69.4404,43.905],[-69.4402,43.9077],[-69.4412,43.9069]],[[-69.4189,43.9396],[-69.4183,43.9393],[-69.4174,43.9393],[-69.4182,43.9401],[-69.4189,43.9396]],[[-69.3887,43.9299],[-69.388,43.9295],[-69.3878,43.93],[-69.3884,43.9306],[-69.3887,43.9299]],[[-69.3951,43.9174],[-69.3945,43.9169],[-69.3947,43.9174],[-69.3951,43.9174]],[[-69.4296,43.9126],[-69.4288,43.9125],[-69.4291,43.9129],[-69.4296,43.9126]],[[-69.3983,43.9143],[-69.3976,43.9141],[-69.3978,43.9145],[-69.3983,43.9143]],[[-69.4276,43.9434],[-69.4272,43.9434],[-69.4271,43.9437],[-69.4276,43.9434]],[[-69.428,43.9221],[-69.4277,43.9224],[-69.4279,43.9223],[-69.428,43.9221]],[[-69.428,43.9072],[-69.4277,43.9073],[-69.4282,43.9072],[-69.428,43.9072]],[[-69.4347,43.9142],[-69.4344,43.9146],[-69.4348,43.9142],[-69.4347,43.9142]],[[-69.4288,43.9164],[-69.4288,43.9166],[-69.4289,43.9164],[-69.4288,43.9164]],[[-69.43,43.9511],[-69.4298,43.9512],[-69.43,43.9512],[-69.43,43.9511]],[[-69.421,43.9389],[-69.4208,43.939],[-69.421,43.9391],[-69.421,43.9389]],[[-69.4261,43.9276],[-69.4259,43.9278],[-69.4262,43.9277],[-69.4261,43.9276]],[[-69.4226,43.9143],[-69.4225,43.9145],[-69.4227,43.9145],[-69.4226,43.9143]],[[-69.4253,43.9091],[-69.4251,43.9093],[-69.4254,43.9091],[-69.4253,43.9091]],[[-69.4348,43.9126],[-69.4348,43.9128],[-69.4349,43.9127],[-69.4348,43.9126]],[[-69.428,43.9227],[-69.428,43.9229],[-69.428,43.9228],[-69.428,43.9227]],[[-69.3867,43.9308],[-69.3868,43.9309],[-69.3868,43.9307],[-69.3867,43.9308]],[[-69.4197,43.9357],[-69.4198,43.9358],[-69.4197,43.9356],[-69.4197,43.9357]],[[-69.4181,43.9403],[-69.4182,43.9405],[-69.4183,43.9403],[-69.4181,43.9403]],[[-69.3867,43.9303],[-69.3868,43.9305],[-69.3868,43.9304],[-69.3867,43.9303]],[[-69.422,43.9178],[-69.4221,43.9179],[-69.4221,43.9177],[-69.422,43.9178]],[[-69.4174,43.9271],[-69.4174,43.9272],[-69.4175,43.9271],[-69.4174,43.9271]],[[-69.4263,43.9271],[-69.4263,43.9272],[-69.4264,43.9271],[-69.4263,43.9271]],[[-69.4198,43.9361],[-69.4199,43.9361],[-69.4199,43.936],[-69.4198,43.9361]],[[-69.4326,43.8992],[-69.4326,43.8993],[-69.4326,43.8992],[-69.4326,43.8992]],[[-69.4305,43.9261],[-69.4304,43.9262],[-69.4305,43.9262],[-69.4305,43.9261]],[[-69.428,43.9225],[-69.4279,43.9226],[-69.428,43.9226],[-69.428,43.9225]],[[-69.4272,43.9129],[-69.4273,43.913],[-69.4273,43.9129],[-69.4272,43.9129]],[[-69.4325,43.8998],[-69.4324,43.8999],[-69.4325,43.8999],[-69.4325,43.8998]],[[-69.4275,43.9126],[-69.4275,43.9127],[-69.4276,43.9126],[-69.4275,43.9126]],[[-69.4276,43.9129],[-69.4276,43.913],[-69.4277,43.9129],[-69.4276,43.9129]],[[-69.4201,43.9369],[-69.4202,43.9369],[-69.4202,43.9369],[-69.4201,43.9369]],[[-69.426,43.9275],[-69.426,43.9274],[-69.426,43.9275],[-69.426,43.9275]],[[-69.4232,43.921],[-69.4232,43.9211],[-69.4233,43.921],[-69.4232,43.921]],[[-69.3867,43.9306],[-69.3868,43.9307],[-69.3868,43.9306],[-69.3867,43.9306]],[[-69.4202,43.9365],[-69.4202,43.9366],[-69.4202,43.9365],[-69.4202,43.9365]],[[-69.4252,43.914],[-69.4253,43.914],[-69.4253,43.914],[-69.4252,43.914]],[[-69.4252,43.9139],[-69.4253,43.9139],[-69.4253,43.9138],[-69.4252,43.9139]],[[-69.4248,43.9136],[-69.4248,43.9136],[-69.4248,43.9136],[-69.4248,43.9136]],[[-69.4247,43.9137],[-69.4247,43.9137],[-69.4247,43.9137],[-69.4247,43.9137]]]}},{"type":"Feature","properties":{"TOWN":"Lincoln County Island"},"geometry":{"type":"MultiPolygon","coordinates":[[[[-69.4414,43.887],[-69.4404,43.888],[-69.4379,43.8904],[-69.439,43.8872],[-69.4414,43.8858],[-69.4414,43.887]]],[[[-69.4498,43.8957],[-69.449,43.8966],[-69.448,43.8956],[-69.4492,43.8945],[-69.4498,43.8957]]],[[[-69.4324,43.8983],[-69.4353,43.895],[-69.4364,43.8954],[-69.4347,43.8998],[-69.4336,43.9004],[-69.4327,43.8999],[-69.4332,43.8985],[-69.4324,43.8983]]],[[[-69.4326,43.8993],[-69.4325,43.8993],[-69.4326,43.8992],[-69.4326,43.8993]]],[[[-69.4325,43.8999],[-69.4323,43.8999],[-69.4325,43.8999],[-69.4325,43.8999]]],[[[-69.4402,43.9077],[-69.4399,43.9058],[-69.4404,43.905],[-69.4412,43.9069],[-69.4402,43.9077]]],[[[-69.428,43.9072],[-69.4278,43.9074],[-69.4277,43.9073],[-69.428,43.9072]]],[[[-69.4291,43.9129],[-69.4293,43.9122],[-69.4296,43.9125],[-69.4291,43.9129]]],[[[-69.4276,43.9126],[-69.4275,43.9127],[-69.4274,43.9126],[-69.4276,43.9126]]],[[[-69.4347,43.9127],[-69.4349,43.9127],[-69.4348,43.9128],[-69.4347,43.9127]]],[[[-69.4277,43.9129],[-69.4276,43.913],[-69.4276,43.9129],[-69.4277,43.9129]]],[[[-69.4344,43.9145],[-69.4348,43.9142],[-69.4344,43.9146],[-69.4344,43.9145]]],[[[-69.4289,43.9164],[-69.4288,43.9166],[-69.4287,43.9166],[-69.4289,43.9164]]],[[[-69.4276,43.9221],[-69.4279,43.9223],[-69.4277,43.9224],[-69.4276,43.9221]]],[[[-69.4278,43.9226],[-69.428,43.9225],[-69.428,43.9226],[-69.4278,43.9226]]],[[[-69.4279,43.9227],[-69.428,43.9229],[-69.4279,43.9228],[-69.4279,43.9227]]],[[[-69.4305,43.9261],[-69.4304,43.9262],[-69.4304,43.9261],[-69.4305,43.9261]]],[[[-69.4214,43.9383],[-69.4202,43.938],[-69.4205,43.9365],[-69.4222,43.9367],[-69.4222,43.9355],[-69.4242,43.9341],[-69.4273,43.9291],[-69.4315,43.9274],[-69.4321,43.9287],[-69.4314,43.9294],[-69.4324,43.9294],[-69.4332,43.9265],[-69.4306,43.926],[-69.4317,43.9242],[-69.4312,43.923],[-69.4319,43.9205],[-69.4345,43.9176],[-69.4337,43.9169],[-69.4338,43.9159],[-69.4374,43.9099],[-69.4412,43.9095],[-69.4422,43.912],[-69.4415,43.913],[-69.4419,43.9167],[-69.4381,43.9305],[-69.4376,43.937],[-69.4385,43.9381],[-69.4372,43.9396],[-69.4372,43.9412],[-69.4355,43.9418],[-69.4339,43.9436],[-69.4334,43.9462],[-69.4351,43.9488],[-69.4332,43.9501],[-69.4332,43.952],[-69.4313,43.9519],[-69.4302,43.951],[-69.4299,43.9444],[-69.4267,43.9426],[-69.4272,43.9409],[-69.426,43.9421],[-69.4236,43.9419],[-69.4214,43.9383]]],[[[-69.4299,43.9511],[-69.43,43.9512],[-69.4298,43.9512],[-69.4299,43.9511]]],[[[-69.4252,43.9091],[-69.4254,43.9091],[-69.4251,43.9093],[-69.4252,43.9091]]],[[[-69.4273,43.9129],[-69.4272,43.913],[-69.4273,43.9129],[-69.4273,43.9129]]],[[[-69.4248,43.9136],[-69.4248,43.9136],[-69.4248,43.9136],[-69.4248,43.9136]]],[[[-69.4247,43.9138],[-69.4247,43.9137],[-69.4247,43.9137],[-69.4247,43.9138]]],[[[-69.4253,43.9139],[-69.4252,43.9139],[-69.4253,43.9138],[-69.4253,43.9139]]],[[[-69.4253,43.914],[-69.4252,43.914],[-69.4253,43.914],[-69.4253,43.914]]],[[[-69.4226,43.9143],[-69.4227,43.9145],[-69.4225,43.9145],[-69.4226,43.9143]]],[[[-69.4221,43.9177],[-69.422,43.9179],[-69.422,43.9178],[-69.4221,43.9177]]],[[[-69.425,43.923],[-69.423,43.923],[-69.4234,43.9205],[-69.4222,43.9176],[-69.4245,43.9144],[-69.4274,43.9136],[-69.4278,43.9161],[-69.429,43.9175],[-69.4269,43.9221],[-69.4278,43.923],[-69.4266,43.9244],[-69.4258,43.9238],[-69.4262,43.9231],[-69.425,43.9238],[-69.425,43.923]]],[[[-69.4232,43.921],[-69.4232,43.9211],[-69.4232,43.9212],[-69.4232,43.921]]],[[[-69.4263,43.9271],[-69.4263,43.9272],[-69.4263,43.9272],[-69.4263,43.9271]]],[[[-69.426,43.9274],[-69.426,43.9275],[-69.426,43.9275],[-69.426,43.9274]]],[[[-69.4261,43.9276],[-69.4262,43.9278],[-69.4259,43.9278],[-69.4261,43.9276]]],[[[-69.4197,43.9356],[-69.4198,43.9358],[-69.4197,43.9357],[-69.4197,43.9356]]],[[[-69.4198,43.9361],[-69.4199,43.9361],[-69.4199,43.9362],[-69.4198,43.9361]]],[[[-69.4202,43.9365],[-69.4202,43.9366],[-69.4202,43.9365],[-69.4202,43.9365]]],[[[-69.4202,43.9369],[-69.4201,43.937],[-69.4201,43.9369],[-69.4202,43.9369]]],[[[-69.4209,43.9389],[-69.421,43.9391],[-69.4208,43.939],[-69.4209,43.9389]]],[[[-69.4272,43.9434],[-69.4276,43.9434],[-69.4271,43.9437],[-69.4272,43.9434]]],[[[-69.4181,43.8779],[-69.4179,43.8786],[-69.4158,43.8797],[-69.4158,43.8778],[-69.4181,43.8779]]],[[[-69.3988,43.9102],[-69.3999,43.909],[-69.402,43.9093],[-69.4021,43.9105],[-69.401,43.9116],[-69.3991,43.911],[-69.3988,43.9102]]],[[[-69.3979,43.9146],[-69.3981,43.914],[-69.3983,43.9142],[-69.3979,43.9146]]],[[[-69.3947,43.9173],[-69.395,43.9168],[-69.3951,43.9174],[-69.3947,43.9173]]],[[[-69.4173,43.9271],[-69.4175,43.9272],[-69.4174,43.9272],[-69.4173,43.9271]]],[[[-69.4171,43.9263],[-69.4158,43.9298],[-69.4151,43.93],[-69.4162,43.9269],[-69.4171,43.9263]]],[[[-69.3885,43.9295],[-69.3888,43.9303],[-69.3884,43.9306],[-69.3878,43.93],[-69.3885,43.9295]]],[[[-69.3868,43.9305],[-69.3868,43.9304],[-69.3868,43.9305],[-69.3868,43.9305]]],[[[-69.3867,43.9307],[-69.3868,43.9306],[-69.3868,43.9307],[-69.3867,43.9307]]],[[[-69.3867,43.9308],[-69.3868,43.9309],[-69.3868,43.9309],[-69.3867,43.9308]]],[[[-69.4087,43.9324],[-69.4076,43.9319],[-69.4082,43.9299],[-69.4092,43.9308],[-69.4087,43.9324]]],[[[-69.4174,43.9398],[-69.419,43.9397],[-69.419,43.94],[-69.4174,43.9398]]],[[[-69.4181,43.9403],[-69.4182,43.9405],[-69.4181,43.9403],[-69.4181,43.9403]]],[[[-69.3709,43.9962],[-69.3712,43.9959],[-69.371,43.9963],[-69.3709,43.9962]]],[[[-69.3686,43.9976],[-69.3688,43.9977],[-69.3687,43.9978],[-69.3686,43.9976]]],[[[-69.3686,43.9981],[-69.3687,43.9979],[-69.3688,43.9982],[-69.3686,43.9981]]],[[[-69.368,44.0001],[-69.3692,43.9999],[-69.3704,43.9968],[-69.3723,43.9967],[-69.3747,43.995],[-69.3755,43.9955],[-69.3744,43.9964],[-69.3745,44.0001],[-69.372,44.0088],[-69.3672,44.0112],[-69.3669,44.0099],[-69.3661,44.0103],[-69.3655,44.0095],[-69.3679,44.0084],[-69.3663,44.0066],[-69.3662,44.0037],[-69.3678,44.0033],[-69.3667,44.0041],[-69.3674,44.0063],[-69.369,44.0054],[-69.3695,44.0041],[-69.368,44.0028],[-69.3686,44.0016],[-69.3666,44.0018],[-69.368,44.0001]]],[[[-69.365,44.0096],[-69.3647,44.0098],[-69.3648,44.0094],[-69.365,44.0096]]]]}},{"type":"Feature","properties":{"TOWN":"Holeb Twp"},"geometry":{"type":"Polygon","coordinates":[[[-70.3703,45.5309],[-70.5058,45.5138],[-70.5338,45.6024],[-70.4013,45.621],[-70.3703,45.5309]]]}},{"type":"Feature","properties":{"TOWN":"T11 R3 NBPP"},"geometry":{"type":"Polygon","coordinates":[[[-67.5192,45.5876],[-67.535,45.5547],[-67.6078,45.5439],[-67.6266,45.6179],[-67.6085,45.6062],[-67.5898,45.6068],[-67.5831,45.6023],[-67.5618,45.5947],[-67.5578,45.5948],[-67.557,45.597],[-67.5482,45.5979],[-67.5356,45.5951],[-67.5192,45.5876]]]}},{"type":"Feature","properties":{"TOWN":"Prentiss Twp T7 R3 NBPP"},"geometry":{"type":"Polygon","coordinates":[[[-67.9932,45.467],[-68.1156,45.4459],[-68.1439,45.5336],[-68.1297,45.5363],[-68.1321,45.5427],[-68.1168,45.5455],[-68.1135,45.5447],[-68.1115,45.5461],[-68.1115,45.5474],[-68.1097,45.5463],[-68.1096,45.5448],[-68.1118,45.5441],[-68.1119,45.5399],[-68.1098,45.5386],[-68.0204,45.5533],[-67.9932,45.467]]]}},{"type":"Feature","properties":{"TOWN":"Cedar Lake Twp"},"geometry":{"type":"Polygon","coordinates":[[[-68.6658,45.4467],[-68.8254,45.4206],[-68.8311,45.4422],[-68.8573,45.5273],[-68.6993,45.5499],[-68.6658,45.4467]]]}},{"type":"Feature","properties":{"TOWN":"Indian Stream Twp"},"geometry":{"type":"Polygon","coordinates":[[[-69.7567,45.4675],[-69.8461,45.4539],[-69.8797,45.449],[-69.8733,45.4529],[-69.8703,45.4561],[-69.8662,45.4586],[-69.8655,45.4607],[-69.8571,45.4664],[-69.8555,45.4701],[-69.854,45.4775],[-69.8515,45.4821],[-69.8492,45.4853],[-69.8446,45.4877],[-69.8437,45.4913],[-69.8409,45.4944],[-69.8398,45.4975],[-69.836,45.5018],[-69.8195,45.5138],[-69.796,45.5361],[-69.7821,45.5425],[-69.7799,45.5428],[-69.7567,45.4675]]]}},{"type":"Feature","properties":{"TOWN":"Chase Stream Twp"},"geometry":{"type":"Polygon","coordinates":[[[-69.8797,45.449],[-69.9809,45.4347],[-70.005,45.5084],[-69.7873,45.5402],[-69.796,45.5361],[-69.8195,45.5138],[-69.836,45.5018],[-69.8398,45.4975],[-69.8409,45.4944],[-69.8437,45.4913],[-69.8446,45.4877],[-69.8492,45.4853],[-69.8515,45.4821],[-69.854,45.4775],[-69.8555,45.4701],[-69.8571,45.4664],[-69.8655,45.4607],[-69.8662,45.4586],[-69.8703,45.4561],[-69.8733,45.4529],[-69.8797,45.449]]]}},{"type":"Feature","properties":{"TOWN":"Codyville Twp"},"geometry":{"type":"Polygon","coordinates":[[[-67.5968,45.4984],[-67.5711,45.4126],[-67.6976,45.3935],[-67.7116,45.436],[-67.7428,45.5105],[-67.6052,45.5339],[-67.5968,45.4984]]]}},{"type":"Feature","properties":{"TOWN":"Webster Plt"},"geometry":{"type":"Polygon","coordinates":[[[-68.1156,45.4459],[-68.2413,45.4266],[-68.2668,45.5099],[-68.1617,45.5256],[-68.1631,45.5301],[-68.1439,45.5336],[-68.1156,45.4459]]]}},{"type":"Feature","properties":{"TOWN":"Appleton Twp"},"geometry":{"type":"Polygon","coordinates":[[[-70.3795,45.4665],[-70.5008,45.4501],[-70.5187,45.5121],[-70.3961,45.5275],[-70.3795,45.4665]]]}},{"type":"Feature","properties":{"TOWN":"Machiasport"},"geometry":{"type":"Polygon","coordinates":[[[-67.4397,44.6873],[-67.4187,44.6906],[-67.4204,44.695],[-67.4154,44.6958],[-67.4214,44.7148],[-67.4114,44.7136],[-67.4024,44.715],[-67.3955,44.7151],[-67.3895,44.7117],[-67.3855,44.7148],[-67.3834,44.7182],[-67.3848,44.721],[-67.3839,44.7216],[-67.3787,44.7215],[-67.3768,44.7202],[-67.3608,44.7207],[-67.3609,44.723],[-67.3382,44.7244],[-67.3251,44.7008],[-67.3233,44.6975],[-67.3316,44.6582],[-67.3255,44.6523],[-67.343,44.5208],[-67.3568,44.5181],[-67.366,44.5178],[-67.3814,44.5188],[-67.3888,44.5202],[-67.4112,44.554],[-67.4187,44.5693],[-67.4237,44.5728],[-67.4252,44.5767],[-67.4256,44.5811],[-67.4228,44.5847],[-67.4222,44.5916],[-67.4193,44.5968],[-67.4247,44.606],[-67.4236,44.6106],[-67.4254,44.6157],[-67.425,44.6171],[-67.4279,44.6194],[-67.4316,44.6257],[-67.4368,44.6271],[-67.4376,44.6297],[-67.4414,44.633],[-67.443,44.6366],[-67.4422,44.6417],[-67.4404,44.6445],[-67.4406,44.6479],[-67.4379,44.6516],[-67.4409,44.6555],[-67.441,44.6584],[-67.4366,44.6622],[-67.4338,44.6666],[-67.4318,44.6665],[-67.4397,44.6873]]]}},{"type":"Feature","properties":{"TOWN":"Cutler"},"geometry":{"type":"Polygon","coordinates":[[[-67.3233,44.6975],[-67.1435,44.7516],[-67.1187,44.7063],[-67.0774,44.6607],[-67.0883,44.6527],[-67.0932,44.6431],[-67.0967,44.6392],[-67.1038,44.6334],[-67.1175,44.6253],[-67.1274,44.6214],[-67.1334,44.6138],[-67.1409,44.6083],[-67.1571,44.6002],[-67.1743,44.5947],[-67.1791,44.5893],[-67.1915,44.5795],[-67.2099,44.5711],[-67.2233,44.5632],[-67.2359,44.5582],[-67.246,44.5553],[-67.2637,44.5542],[-67.2792,44.5503],[-67.2948,44.5493],[-67.3008,44.5499],[-67.3042,44.5444],[-67.3116,44.5366],[-67.3178,44.5316],[-67.3325,44.524],[-67.343,44.5208],[-67.3255,44.6523],[-67.3316,44.6582],[-67.3233,44.6975]]]}},{"type":"Feature","properties":{"TOWN":"Brunswick"},"geometry":{"type":"Polygon","coordinates":[[[-69.9475,43.8603],[-69.9493,43.8608],[-69.9524,43.8594],[-69.9549,43.8573],[-69.9572,43.8527],[-69.9611,43.8504],[-69.9732,43.8481],[-69.9823,43.8496],[-69.9873,43.8479],[-69.9926,43.8437],[-69.9948,43.8406],[-70.0031,43.8326],[-70.0141,43.8265],[-70.0242,43.8189],[-70.0284,43.8167],[-70.0372,43.8248],[-70.0269,43.8382],[-70.0181,43.8454],[-70.0133,43.851],[-70.0387,43.8649],[-70.0356,43.8685],[-70.0436,43.8718],[-70.0399,43.8758],[-70.0483,43.8816],[-70.0466,43.8836],[-70.0879,43.919],[-70.0342,43.9757],[-70.0325,43.9733],[-70.0309,43.9677],[-70.0277,43.9639],[-70.0261,43.9581],[-70.0226,43.9534],[-70.0231,43.9521],[-70.0202,43.9461],[-70.0182,43.9449],[-70.0084,43.9422],[-70.006,43.94],[-70.0023,43.9336],[-69.9962,43.9327],[-69.9923,43.9307],[-69.9859,43.9237],[-69.9821,43.9181],[-69.9777,43.9151],[-69.9762,43.9153],[-69.9674,43.9213],[-69.9652,43.92],[-69.961,43.923],[-69.9567,43.9234],[-69.953,43.9225],[-69.9368,43.9137],[-69.9326,43.912],[-69.9306,43.9121],[-69.9273,43.9139],[-69.9213,43.9202],[-69.9112,43.9221],[-69.9047,43.9256],[-69.9026,43.9273],[-69.8998,43.9316],[-69.8905,43.9378],[-69.8864,43.944],[-69.8802,43.9468],[-69.8747,43.9536],[-69.857,43.9448],[-69.8594,43.9368],[-69.8611,43.9359],[-69.8605,43.9351],[-69.8611,43.9341],[-69.8607,43.9331],[-69.8626,43.9315],[-69.8648,43.9194],[-69.8686,43.9129],[-69.8686,43.911],[-69.8775,43.8992],[-69.8821,43.8903],[-69.8896,43.8851],[-69.891,43.8832],[-69.8932,43.8785],[-69.896,43.8662],[-69.9052,43.8595],[-69.9117,43.8583],[-69.9175,43.8581],[-69.9209,43.8545],[-69.9225,43.8503],[-69.9258,43.8478],[-69.9299,43.8392],[-69.9347,43.8417],[-69.9375,43.8392],[-69.9409,43.8408],[-69.9408,43.8425],[-69.9368,43.8489],[-69.9363,43.8517],[-69.937,43.8527],[-69.9392,43.8532],[-69.9454,43.8523],[-69.9475,43.8603]]]}},{"type":"Feature","properties":{"TOWN":"Katahdin Iron Works Twp"},"geometry":{"type":"Polygon","coordinates":[[[-69.0824,45.4058],[-69.1562,45.3945],[-69.2137,45.3877],[-69.2358,45.4744],[-69.1061,45.4923],[-69.0824,45.4058]]]}},{"type":"Feature","properties":{"TOWN":"Hobbstown Twp"},"geometry":{"type":"Polygon","coordinates":[[[-70.2365,45.3982],[-70.3561,45.3815],[-70.3795,45.4665],[-70.2621,45.4839],[-70.2365,45.3982]]]}},{"type":"Feature","properties":{"TOWN":"Moosehead Junction Twp"},"geometry":{"type":"Polygon","coordinates":[[[-69.6292,45.4842],[-69.6019,45.4006],[-69.7292,45.3792],[-69.7567,45.4675],[-69.6292,45.4842]]]}},{"type":"Feature","properties":{"TOWN":"Cove Point Twp"},"geometry":{"type":"MultiPolygon","coordinates":[[[[-69.6267,45.4767],[-69.6202,45.476],[-69.6208,45.4756],[-69.6207,45.4739],[-69.6216,45.4729],[-69.6218,45.4711],[-69.6203,45.4699],[-69.6243,45.4692],[-69.6267,45.4767]]],[[[-69.6277,45.4797],[-69.6287,45.4829],[-69.6266,45.483],[-69.6267,45.4804],[-69.6277,45.4797]]]]}},{"type":"Feature","properties":{"TOWN":"T5 R6 BKP WKR"},"geometry":{"type":"Polygon","coordinates":[[[-70.3561,45.3815],[-70.4765,45.3645],[-70.5008,45.4501],[-70.3795,45.4665],[-70.3561,45.3815]]]}},{"type":"Feature","properties":{"TOWN":"Carroll Plt"},"geometry":{"type":"Polygon","coordinates":[[[-67.9579,45.3533],[-67.9973,45.3473],[-68.027,45.3437],[-68.0348,45.3684],[-68.0903,45.3592],[-68.1076,45.4214],[-68.1156,45.4459],[-67.9932,45.467],[-67.9727,45.4044],[-67.9579,45.3533]]]}},{"type":"Feature","properties":{"TOWN":"Squaretown Twp"},"geometry":{"type":"Polygon","coordinates":[[[-69.7292,45.3792],[-69.8523,45.3594],[-69.8707,45.4226],[-69.8797,45.449],[-69.7567,45.4675],[-69.7292,45.3792]]]}},{"type":"Feature","properties":{"TOWN":"T2 R8 NWP"},"geometry":{"type":"Polygon","coordinates":[[[-68.6047,45.3578],[-68.6702,45.3472],[-68.7016,45.4409],[-68.5875,45.46],[-68.5896,45.4557],[-68.5903,45.4518],[-68.588,45.4323],[-68.5881,45.4264],[-68.5894,45.4216],[-68.6035,45.3861],[-68.6038,45.3773],[-68.6012,45.3752],[-68.6033,45.3742],[-68.6041,45.3727],[-68.6047,45.3578]]]}},{"type":"Feature","properties":{"TOWN":"Elliottsville Twp"},"geometry":{"type":"Polygon","coordinates":[[[-69.3312,45.3708],[-69.5188,45.3445],[-69.5369,45.41],[-69.4732,45.4198],[-69.479,45.4405],[-69.3549,45.4577],[-69.3312,45.3708]]]}},{"type":"Feature","properties":{"TOWN":"West Forks Plt"},"geometry":{"type":"Polygon","coordinates":[[[-69.8799,45.4487],[-69.8814,45.4477],[-69.8834,45.4437],[-69.8895,45.4435],[-69.8986,45.4319],[-69.9036,45.4276],[-69.9049,45.4217],[-69.9125,45.4199],[-69.9153,45.4174],[-69.9185,45.417],[-69.9221,45.4133],[-69.9282,45.4129],[-69.9314,45.4041],[-69.9376,45.4008],[-69.9364,45.3966],[-69.9389,45.3937],[-69.9387,45.3917],[-69.9328,45.3876],[-69.9326,45.3833],[-69.9368,45.3762],[-69.9396,45.3758],[-69.9432,45.3727],[-69.9502,45.3703],[-69.9502,45.3693],[-69.9472,45.3663],[-69.9487,45.3635],[-69.9523,45.3607],[-69.9522,45.3596],[-69.9506,45.3576],[-69.9566,45.3546],[-69.9579,45.353],[-69.9579,45.351],[-69.9553,45.3479],[-69.9553,45.3464],[-69.9608,45.3427],[-69.9634,45.3384],[-69.968,45.3371],[-69.9685,45.3329],[-69.9696,45.3313],[-69.9739,45.3416],[-69.9761,45.3439],[-69.9896,45.3496],[-69.9993,45.3504],[-70.0047,45.3496],[-70.0082,45.3458],[-70.0106,45.3443],[-70.0255,45.3437],[-70.0319,45.3402],[-70.0411,45.3408],[-70.0485,45.3387],[-70.052,45.3386],[-70.0608,45.3403],[-70.067,45.3393],[-70.0713,45.3375],[-70.0759,45.3319],[-70.0805,45.3308],[-70.094,45.3751],[-70.1056,45.4075],[-70.1079,45.4164],[-69.8799,45.4487]]]}},{"type":"Feature","properties":{"TOWN":"Moxie Gore"},"geometry":{"type":"Polygon","coordinates":[[[-69.8523,45.3594],[-69.8974,45.3525],[-69.9585,45.3443],[-69.956,45.3455],[-69.9551,45.3471],[-69.9579,45.351],[-69.9576,45.3536],[-69.9507,45.3575],[-69.9523,45.3607],[-69.9487,45.3635],[-69.9474,45.3656],[-69.9474,45.3669],[-69.9502,45.3693],[-69.9502,45.3703],[-69.9432,45.3727],[-69.9396,45.3758],[-69.9368,45.3762],[-69.9326,45.3833],[-69.9328,45.3876],[-69.9387,45.3917],[-69.9389,45.3937],[-69.9364,45.3966],[-69.9376,45.4008],[-69.9314,45.4041],[-69.9282,45.4129],[-69.9221,45.4133],[-69.9185,45.417],[-69.9153,45.4174],[-69.9125,45.4199],[-69.9049,45.4217],[-69.9036,45.4276],[-69.8986,45.4319],[-69.8895,45.4435],[-69.8834,45.4437],[-69.8814,45.4477],[-69.8797,45.449],[-69.8707,45.4226],[-69.8523,45.3594]]]}},{"type":"Feature","properties":{"TOWN":"Springfield"},"geometry":{"type":"Polygon","coordinates":[[[-68.0903,45.3592],[-68.1664,45.3459],[-68.2128,45.3386],[-68.2413,45.4266],[-68.1156,45.4459],[-68.1076,45.4214],[-68.0903,45.3592]]]}},{"type":"Feature","properties":{"TOWN":"Coburn Gore"},"geometry":{"type":"Polygon","coordinates":[[[-70.7495,45.423],[-70.744,45.4211],[-70.7444,45.4175],[-70.7452,45.4162],[-70.7435,45.4133],[-70.7436,45.412],[-70.7305,45.4044],[-70.7313,45.4018],[-70.7296,45.3991],[-70.7239,45.3956],[-70.7121,45.3906],[-70.7085,45.3917],[-70.707,45.3848],[-70.8055,45.3739],[-70.8068,45.3776],[-70.8124,45.3834],[-70.8138,45.3877],[-70.8167,45.3902],[-70.8238,45.3909],[-70.8238,45.3921],[-70.8251,45.3931],[-70.8242,45.3964],[-70.8258,45.3984],[-70.8257,45.4002],[-70.8189,45.4048],[-70.8171,45.4081],[-70.8127,45.4116],[-70.8114,45.4162],[-70.8027,45.4179],[-70.7986,45.4242],[-70.7987,45.4261],[-70.7952,45.4282],[-70.7918,45.4282],[-70.7901,45.4269],[-70.7875,45.4266],[-70.7816,45.4312],[-70.7733,45.4288],[-70.7679,45.4285],[-70.7642,45.4261],[-70.7577,45.4284],[-70.7548,45.4285],[-70.7515,45.4263],[-70.7495,45.423]]]}},{"type":"Feature","properties":{"TOWN":"Brooklin"},"geometry":{"type":"Polygon","coordinates":[[[-68.6071,44.3099],[-68.6064,44.3136],[-68.6039,44.3151],[-68.6019,44.3185],[-68.5954,44.3233],[-68.5943,44.3262],[-68.5888,44.3269],[-68.5871,44.3278],[-68.5862,44.3299],[-68.5868,44.3338],[-68.5837,44.3369],[-68.578,44.3448],[-68.5112,44.2992],[-68.5097,44.297],[-68.5113,44.2881],[-68.5112,44.2805],[-68.5081,44.2722],[-68.5044,44.2669],[-68.5019,44.2648],[-68.4902,44.2618],[-68.485,44.2594],[-68.4798,44.2556],[-68.4734,44.2495],[-68.4871,44.2364],[-68.4932,44.2291],[-68.4945,44.2259],[-68.4947,44.2228],[-68.493,44.2158],[-68.5003,44.2104],[-68.5169,44.1927],[-68.5405,44.2061],[-68.5472,44.2107],[-68.5719,44.2339],[-68.5763,44.2363],[-68.5969,44.2427],[-68.6002,44.2454],[-68.605,44.253],[-68.6141,44.2612],[-68.6211,44.2657],[-68.6322,44.2704],[-68.6257,44.2928],[-68.6137,44.302],[-68.6102,44.3058],[-68.6113,44.3072],[-68.6071,44.3099]]]}},{"type":"Feature","properties":{"TOWN":"Lake View Plt"},"geometry":{"type":"Polygon","coordinates":[[[-68.8775,45.3205],[-68.9382,45.3127],[-68.9673,45.4231],[-68.8312,45.4424],[-68.8009,45.3292],[-68.8775,45.3205]]]}},{"type":"Feature","properties":{"TOWN":"Seboeis Plt"},"geometry":{"type":"Polygon","coordinates":[[[-68.6702,45.3472],[-68.7495,45.335],[-68.8009,45.3292],[-68.8254,45.4206],[-68.7016,45.4409],[-68.6702,45.3472]]]}},{"type":"Feature","properties":{"TOWN":"Lincoln"},"geometry":{"type":"Polygon","coordinates":[[[-68.3686,45.4062],[-68.3411,45.318],[-68.514,45.2887],[-68.6014,45.3282],[-68.5974,45.3311],[-68.5922,45.3334],[-68.5862,45.3393],[-68.578,45.3427],[-68.5467,45.3628],[-68.538,45.3718],[-68.5201,45.3775],[-68.5082,45.3805],[-68.4972,45.3923],[-68.4965,45.3943],[-68.4973,45.3992],[-68.4968,45.4015],[-68.4925,45.4102],[-68.4881,45.4146],[-68.486,45.418],[-68.4803,45.4206],[-68.4735,45.4256],[-68.4556,45.4343],[-68.4496,45.438],[-68.4446,45.4393],[-68.3686,45.4062]]]}},{"type":"Feature","properties":{"TOWN":"Lee"},"geometry":{"type":"Polygon","coordinates":[[[-68.2128,45.3386],[-68.3411,45.318],[-68.3686,45.4062],[-68.2413,45.4266],[-68.2128,45.3386]]]}},{"type":"Feature","properties":{"TOWN":"Brownville"},"geometry":{"type":"Polygon","coordinates":[[[-68.9673,45.4231],[-68.9381,45.3123],[-69.0521,45.2954],[-69.0824,45.4058],[-68.9673,45.4231]]]}},{"type":"Feature","properties":{"TOWN":"Big Twenty Twp"},"geometry":{"type":"Polygon","coordinates":[[[-69.054,47.3681],[-69.1817,47.3674],[-69.3195,47.3674],[-69.2245,47.4599],[-69.2179,47.4566],[-69.2143,47.4565],[-69.213,47.4555],[-69.2061,47.4541],[-69.2048,47.4534],[-69.2056,47.4529],[-69.2052,47.4519],[-69.2024,47.4522],[-69.2003,47.4541],[-69.1958,47.4555],[-69.1927,47.4553],[-69.19,47.4536],[-69.1884,47.4551],[-69.1853,47.4554],[-69.1845,47.4564],[-69.1809,47.4561],[-69.1791,47.4574],[-69.1781,47.4563],[-69.1753,47.4564],[-69.1753,47.4554],[-69.1729,47.4557],[-69.1727,47.4535],[-69.1693,47.4533],[-69.165,47.4515],[-69.1633,47.4503],[-69.1652,47.4492],[-69.1625,47.4475],[-69.1591,47.4484],[-69.1576,47.4514],[-69.1566,47.4516],[-69.1506,47.4488],[-69.1467,47.449],[-69.1424,47.446],[-69.1412,47.444],[-69.1396,47.4446],[-69.1403,47.4453],[-69.1394,47.4466],[-69.1336,47.4442],[-69.1269,47.4436],[-69.1237,47.4407],[-69.1235,47.4427],[-69.1223,47.4428],[-69.1179,47.4391],[-69.1121,47.4375],[-69.1127,47.4358],[-69.1092,47.4363],[-69.1078,47.4352],[-69.108,47.4331],[-69.1067,47.4306],[-69.1078,47.4277],[-69.1051,47.428],[-69.104,47.4291],[-69.1042,47.4308],[-69.101,47.431],[-69.1006,47.4302],[-69.0996,47.4304],[-69.1001,47.4313],[-69.0989,47.4315],[-69.0973,47.4298],[-69.0979,47.427],[-69.0913,47.4268],[-69.0905,47.4242],[-69.0882,47.4255],[-69.0814,47.4238],[-69.0748,47.4273],[-69.0712,47.4268],[-69.0685,47.4274],[-69.0684,47.4295],[-69.0669,47.4303],[-69.0646,47.4311],[-69.062,47.4306],[-69.0642,47.433],[-69.0631,47.4341],[-69.0622,47.4326],[-69.0558,47.4321],[-69.057,47.43],[-69.0546,47.4291],[-69.054,47.4291],[-69.0539,47.4304],[-69.0522,47.43],[-69.0534,47.4289],[-69.0531,47.4282],[-69.0519,47.4266],[-69.0494,47.4258],[-69.0487,47.4242],[-69.0524,47.4233],[-69.0529,47.4227],[-69.0522,47.4222],[-69.0491,47.4227],[-69.0466,47.4243],[-69.0464,47.4257],[-69.0481,47.4267],[-69.0476,47.4277],[-69.0442,47.4275],[-69.0429,47.4261],[-69.0424,47.4236],[-69.0396,47.4223],[-69.0397,47.4188],[-69.0424,47.4157],[-69.0383,47.4146],[-69.0348,47.4146],[-69.0358,47.4132],[-69.0355,47.4106],[-69.0368,47.4101],[-69.0367,47.4077],[-69.0355,47.4073],[-69.031,47.4091],[-69.0307,47.4074],[-69.0328,47.4061],[-69.0335,47.4045],[-69.0317,47.4031],[-69.0325,47.4022],[-69.0396,47.4038],[-69.0405,47.4057],[-69.0424,47.4052],[-69.0423,47.4043],[-69.0399,47.4022],[-69.0374,47.4015],[-69.0358,47.402],[-69.0353,47.4013],[-69.0401,47.4002],[-69.0414,47.4018],[-69.0428,47.402],[-69.042,47.3982],[-69.0377,47.3968],[-69.04,47.3955],[-69.0408,47.3968],[-69.0439,47.3974],[-69.0436,47.3954],[-69.0455,47.3929],[-69.0458,47.3902],[-69.045,47.3887],[-69.0403,47.386],[-69.0398,47.3842],[-69.0423,47.3826],[-69.0442,47.3827],[-69.0447,47.3839],[-69.0475,47.3834],[-69.051,47.381],[-69.0497,47.3799],[-69.0501,47.3786],[-69.0534,47.3786],[-69.0549,47.3778],[-69.054,47.3681]]]}},{"type":"Feature","properties":{"TOWN":"T19 R11 WELS"},"geometry":{"type":"Polygon","coordinates":[[[-69.0511,47.2801],[-69.2115,47.2787],[-69.2104,47.3674],[-69.054,47.3681],[-69.0536,47.3405],[-69.0549,47.3153],[-69.0493,47.3058],[-69.0508,47.304],[-69.0514,47.3006],[-69.0507,47.2995],[-69.0532,47.2985],[-69.0535,47.2973],[-69.0528,47.2945],[-69.0532,47.2928],[-69.0513,47.2924],[-69.0498,47.2892],[-69.0493,47.2833],[-69.0511,47.2801]]]}},{"type":"Feature","properties":{"TOWN":"T19 R12 WELS"},"geometry":{"type":"Polygon","coordinates":[[[-69.2104,47.3674],[-69.2115,47.2787],[-69.2549,47.2793],[-69.41,47.2788],[-69.3195,47.3674],[-69.2104,47.3674]]]}},{"type":"Feature","properties":{"TOWN":"Madawaska"},"geometry":{"type":"Polygon","coordinates":[[[-68.179,47.3299],[-68.1815,47.2915],[-68.18,47.2501],[-68.1798,47.2008],[-68.2152,47.2008],[-68.2205,47.2039],[-68.2252,47.21],[-68.231,47.2152],[-68.2347,47.2161],[-68.2402,47.2158],[-68.2497,47.22],[-68.2539,47.2188],[-68.2554,47.2203],[-68.2598,47.2295],[-68.2582,47.2335],[-68.2586,47.2359],[-68.2602,47.2397],[-68.2625,47.2414],[-68.262,47.2442],[-68.2647,47.2511],[-68.2688,47.2519],[-68.2698,47.2528],[-68.2692,47.2538],[-68.2697,47.255],[-68.2748,47.2562],[-68.2779,47.2584],[-68.2801,47.2613],[-68.2813,47.2646],[-68.2857,47.2676],[-68.2874,47.268],[-68.2865,47.2685],[-68.287,47.2699],[-68.29,47.2724],[-68.2903,47.2889],[-68.3029,47.2888],[-68.3605,47.3329],[-68.3521,47.3573],[-68.3276,47.36],[-68.3108,47.3561],[-68.3033,47.3552],[-68.2997,47.356],[-68.291,47.3597],[-68.285,47.3603],[-68.2807,47.3596],[-68.2712,47.3545],[-68.265,47.3522],[-68.248,47.3521],[-68.2345,47.3553],[-68.2281,47.3533],[-68.2256,47.3513],[-68.2247,47.3502],[-68.2237,47.3447],[-68.2194,47.3416],[-68.2114,47.3389],[-68.2072,47.3396],[-68.2024,47.3394],[-68.179,47.3299]]]}},{"type":"Feature","properties":{"TOWN":"Frenchville"},"geometry":{"type":"Polygon","coordinates":[[[-68.3029,47.2888],[-68.3024,47.2818],[-68.3253,47.2819],[-68.3458,47.2731],[-68.3504,47.278],[-68.3663,47.2702],[-68.366,47.2683],[-68.3863,47.2595],[-68.3761,47.25],[-68.3774,47.2501],[-68.3749,47.248],[-68.4047,47.2476],[-68.4058,47.2411],[-68.4088,47.2366],[-68.4114,47.2305],[-68.4102,47.2301],[-68.4124,47.2184],[-68.4101,47.2174],[-68.4208,47.2027],[-68.4153,47.1994],[-68.4457,47.1992],[-68.4462,47.2478],[-68.4816,47.2477],[-68.4814,47.2766],[-68.4614,47.2888],[-68.4585,47.2843],[-68.4528,47.2826],[-68.4477,47.2821],[-68.4413,47.2837],[-68.4299,47.2813],[-68.4259,47.2821],[-68.4151,47.2874],[-68.4101,47.288],[-68.39,47.286],[-68.3816,47.2862],[-68.378,47.2874],[-68.3757,47.289],[-68.3748,47.291],[-68.3763,47.2952],[-68.384,47.3012],[-68.3849,47.3036],[-68.3816,47.3072],[-68.381,47.3094],[-68.3835,47.3196],[-68.3846,47.3213],[-68.3848,47.3242],[-68.3846,47.326],[-68.3816,47.3318],[-68.3802,47.3396],[-68.3777,47.3436],[-68.369,47.3514],[-68.3631,47.3547],[-68.353,47.3571],[-68.3521,47.3573],[-68.3605,47.3329],[-68.3029,47.2888]]]}},{"type":"Feature","properties":{"TOWN":"Saint Agatha"},"geometry":{"type":"Polygon","coordinates":[[[-68.2152,47.2008],[-68.4153,47.1994],[-68.4208,47.2027],[-68.4101,47.2174],[-68.4124,47.2184],[-68.4102,47.2301],[-68.4114,47.2305],[-68.4088,47.2366],[-68.4058,47.2411],[-68.4047,47.2476],[-68.3749,47.248],[-68.3774,47.2501],[-68.3761,47.25],[-68.3863,47.2595],[-68.366,47.2683],[-68.3663,47.2702],[-68.3504,47.278],[-68.3458,47.2731],[-68.3253,47.2819],[-68.3024,47.2818],[-68.3029,47.2888],[-68.2903,47.2889],[-68.29,47.2724],[-68.287,47.2699],[-68.2865,47.2685],[-68.2874,47.268],[-68.2857,47.2676],[-68.2813,47.2646],[-68.2801,47.2613],[-68.2779,47.2584],[-68.2748,47.2562],[-68.2697,47.255],[-68.2692,47.2538],[-68.2698,47.2528],[-68.2688,47.2519],[-68.2647,47.2511],[-68.262,47.2442],[-68.2625,47.2414],[-68.2602,47.2397],[-68.2586,47.2359],[-68.2582,47.2335],[-68.2598,47.2295],[-68.2554,47.2203],[-68.2539,47.2188],[-68.2497,47.22],[-68.2402,47.2158],[-68.2347,47.2161],[-68.231,47.2152],[-68.2252,47.21],[-68.2205,47.2039],[-68.2152,47.2008]]]}},{"type":"Feature","properties":{"TOWN":"Van Buren Cove Twp"},"geometry":{"type":"Polygon","coordinates":[[[-68.0596,47.1347],[-68.0601,47.1117],[-68.1794,47.1109],[-68.1798,47.2008],[-68.0606,47.2015],[-68.0596,47.1347]]]}},{"type":"Feature","properties":{"TOWN":"T16 R5 WELS"},"geometry":{"type":"Polygon","coordinates":[[[-68.302,47.0175],[-68.4432,47.015],[-68.4446,47.1064],[-68.3023,47.1088],[-68.302,47.0175]]]}},{"type":"Feature","properties":{"TOWN":"T16 R13 WELS"},"geometry":{"type":"Polygon","coordinates":[[[-69.3391,47.1015],[-69.3393,47.0139],[-69.4677,47.0142],[-69.4674,47.1018],[-69.3391,47.1015]]]}},{"type":"Feature","properties":{"TOWN":"T15 R14 WELS"},"geometry":{"type":"Polygon","coordinates":[[[-69.4677,47.0142],[-69.4684,46.9267],[-69.5954,46.9266],[-69.5957,47.0148],[-69.4677,47.0142]]]}},{"type":"Feature","properties":{"TOWN":"T15 R8 WELS"},"geometry":{"type":"Polygon","coordinates":[[[-68.8231,47.0123],[-68.6963,47.0113],[-68.6956,46.9269],[-68.8238,46.9268],[-68.8231,47.0123]]]}},{"type":"Feature","properties":{"TOWN":"T14 R14 WELS"},"geometry":{"type":"Polygon","coordinates":[[[-69.4684,46.9267],[-69.4678,46.8392],[-69.5951,46.8393],[-69.5954,46.9266],[-69.4684,46.9267]]]}},{"type":"Feature","properties":{"TOWN":"Washburn"},"geometry":{"type":"Polygon","coordinates":[[[-68.0594,46.8393],[-68.0553,46.7497],[-68.1754,46.7475],[-68.1773,46.837],[-68.0594,46.8393]]]}},{"type":"Feature","properties":{"TOWN":"Wade"},"geometry":{"type":"Polygon","coordinates":[[[-68.1754,46.7475],[-68.3005,46.7452],[-68.3002,46.8345],[-68.1773,46.837],[-68.1754,46.7475]]]}},{"type":"Feature","properties":{"TOWN":"Presque Isle"},"geometry":{"type":"Polygon","coordinates":[[[-67.9216,46.6865],[-67.9205,46.5969],[-68.0482,46.5944],[-68.0565,46.7757],[-67.9261,46.7788],[-67.9216,46.6865]]]}},{"type":"Feature","properties":{"TOWN":"Mapleton"},"geometry":{"type":"Polygon","coordinates":[[[-68.0513,46.6634],[-68.1051,46.6618],[-68.1726,46.6612],[-68.1754,46.7475],[-68.0553,46.7497],[-68.0513,46.6634]]]}},{"type":"Feature","properties":{"TOWN":"T12 R10 WELS"},"geometry":{"type":"Polygon","coordinates":[[[-68.9509,46.7508],[-68.9508,46.6622],[-69.0852,46.6621],[-69.0821,46.7509],[-68.9509,46.7508]]]}},{"type":"Feature","properties":{"TOWN":"Nashville Plt"},"geometry":{"type":"Polygon","coordinates":[[[-68.4379,46.6568],[-68.5613,46.6552],[-68.5619,46.7437],[-68.4401,46.7449],[-68.4379,46.6568]]]}},{"type":"Feature","properties":{"TOWN":"T4 R9 NWP"},"geometry":{"type":"Polygon","coordinates":[[[-68.8312,45.4424],[-68.9659,45.4233],[-68.9911,45.5081],[-68.8573,45.5273],[-68.8312,45.4424]]]}},{"type":"Feature","properties":{"TOWN":"Johnson Mountain Twp"},"geometry":{"type":"Polygon","coordinates":[[[-70.005,45.5084],[-69.9809,45.4347],[-70.1079,45.4164],[-70.1169,45.45],[-70.1228,45.4667],[-70.1334,45.5038],[-70.0838,45.5102],[-70.0086,45.5225],[-70.005,45.5084]]]}},{"type":"Feature","properties":{"TOWN":"Skinner Twp"},"geometry":{"type":"Polygon","coordinates":[[[-70.5187,45.5121],[-70.4896,45.4109],[-70.6051,45.3976],[-70.631,45.4977],[-70.5187,45.5121]]]}},{"type":"Feature","properties":{"TOWN":"Topsfield"},"geometry":{"type":"Polygon","coordinates":[[[-67.6976,45.3935],[-67.8319,45.3718],[-67.8688,45.4933],[-67.7428,45.5105],[-67.7116,45.436],[-67.6976,45.3935]]]}},{"type":"Feature","properties":{"TOWN":"Ebeemee Twp"},"geometry":{"type":"Polygon","coordinates":[[[-68.9911,45.5081],[-68.9659,45.4233],[-69.0824,45.4058],[-69.1061,45.4923],[-68.9911,45.5081]]]}},{"type":"Feature","properties":{"TOWN":"Yarmouth"},"geometry":{"type":"Polygon","coordinates":[[[-70.1739,43.8429],[-70.1524,43.8229],[-70.1534,43.8213],[-70.1522,43.8183],[-70.1536,43.8172],[-70.1509,43.8156],[-70.1522,43.8143],[-70.1524,43.8151],[-70.1534,43.815],[-70.1536,43.8131],[-70.1519,43.8107],[-70.1518,43.8083],[-70.155,43.8042],[-70.1534,43.8005],[-70.1494,43.7973],[-70.1454,43.7972],[-70.1411,43.794],[-70.1372,43.7928],[-70.1224,43.7966],[-70.1156,43.796],[-70.1012,43.7912],[-70.0931,43.7916],[-70.0874,43.7886],[-70.085,43.7858],[-70.0841,43.7835],[-70.0847,43.7804],[-70.0995,43.7706],[-70.1144,43.7556],[-70.1245,43.7523],[-70.1552,43.7383],[-70.1719,43.7508],[-70.1801,43.7554],[-70.185,43.7604],[-70.1858,43.763],[-70.1853,43.7664],[-70.1824,43.7703],[-70.1782,43.7729],[-70.1774,43.7757],[-70.1838,43.7791],[-70.1845,43.7785],[-70.1934,43.7836],[-70.1952,43.7813],[-70.2021,43.7876],[-70.2096,43.783],[-70.2125,43.7856],[-70.205,43.7901],[-70.2151,43.7991],[-70.2228,43.7948],[-70.2278,43.7991],[-70.2185,43.8054],[-70.2218,43.8064],[-70.2199,43.8088],[-70.221,43.8098],[-70.2183,43.8129],[-70.2206,43.8151],[-70.1891,43.8329],[-70.1945,43.8385],[-70.191,43.84],[-70.186,43.8352],[-70.1855,43.8365],[-70.1832,43.8379],[-70.188,43.8421],[-70.1866,43.8428],[-70.1819,43.8386],[-70.1813,43.839],[-70.1821,43.8397],[-70.1799,43.8405],[-70.1793,43.84],[-70.1739,43.8429]]]}},{"type":"Feature","properties":{"TOWN":"Kossuth Twp"},"geometry":{"type":"Polygon","coordinates":[[[-67.8319,45.3718],[-67.8745,45.3649],[-67.9579,45.3533],[-67.9727,45.4044],[-67.9932,45.467],[-67.8745,45.4881],[-67.8745,45.4926],[-67.8688,45.4933],[-67.8319,45.3718]]]}},{"type":"Feature","properties":{"TOWN":"Westmanland"},"geometry":{"type":"Polygon","coordinates":[[[-68.1787,46.9289],[-68.3002,46.9265],[-68.302,47.0175],[-68.179,47.0205],[-68.1787,46.9289]]]}},{"type":"Feature","properties":{"TOWN":"T15 R5 WELS"},"geometry":{"type":"Polygon","coordinates":[[[-68.3002,46.9265],[-68.4414,46.9245],[-68.4432,47.015],[-68.302,47.0175],[-68.3002,46.9265]]]}},{"type":"Feature","properties":{"TOWN":"Kennebunkport"},"geometry":{"type":"Polygon","coordinates":[[[-70.4052,43.4197],[-70.4012,43.4205],[-70.3984,43.422],[-70.393,43.4221],[-70.393,43.42],[-70.3938,43.4201],[-70.3938,43.4189],[-70.3927,43.4189],[-70.3908,43.4164],[-70.3912,43.4149],[-70.3903,43.4134],[-70.3924,43.4131],[-70.3924,43.4115],[-70.3959,43.4106],[-70.3971,43.4095],[-70.3969,43.407],[-70.3991,43.4014],[-70.403,43.3991],[-70.4035,43.3942],[-70.3462,43.3582],[-70.3468,43.3496],[-70.3516,43.3391],[-70.3607,43.3289],[-70.3692,43.3222],[-70.3854,43.3153],[-70.3967,43.3125],[-70.4009,43.3083],[-70.4139,43.3008],[-70.4218,43.2975],[-70.4418,43.2927],[-70.4553,43.2904],[-70.4655,43.2895],[-70.4732,43.291],[-70.4759,43.3471],[-70.4739,43.3491],[-70.4749,43.3522],[-70.4741,43.3548],[-70.4772,43.3583],[-70.4797,43.3628],[-70.4802,43.3668],[-70.4793,43.3705],[-70.4857,43.3735],[-70.486,43.3757],[-70.4853,43.3779],[-70.481,43.3788],[-70.478,43.3812],[-70.4793,43.381],[-70.4801,43.3824],[-70.4772,43.3817],[-70.4923,43.4129],[-70.4929,43.4158],[-70.4916,43.4284],[-70.4769,43.4526],[-70.4366,43.4333],[-70.4052,43.4197]]]}},{"type":"Feature","properties":{"TOWN":"Biddeford"},"geometry":{"type":"Polygon","coordinates":[[[-70.3974,43.4083],[-70.3959,43.4106],[-70.3924,43.4115],[-70.3924,43.4131],[-70.3903,43.4134],[-70.3912,43.4149],[-70.3908,43.4164],[-70.3927,43.4189],[-70.3938,43.4189],[-70.3938,43.4201],[-70.393,43.42],[-70.393,43.4221],[-70.3984,43.422],[-70.4014,43.4205],[-70.4064,43.4198],[-70.4366,43.4333],[-70.5653,43.4943],[-70.5158,43.5455],[-70.5136,43.5452],[-70.5121,43.5439],[-70.514,43.5406],[-70.5189,43.5377],[-70.5229,43.5314],[-70.5271,43.5282],[-70.5287,43.5256],[-70.5258,43.5199],[-70.5219,43.5168],[-70.5179,43.5154],[-70.5148,43.5084],[-70.5099,43.5061],[-70.5041,43.4991],[-70.5001,43.4982],[-70.4821,43.499],[-70.4747,43.5027],[-70.4663,43.4989],[-70.4526,43.4995],[-70.4509,43.4979],[-70.4524,43.4955],[-70.4519,43.4942],[-70.4475,43.4928],[-70.4422,43.4925],[-70.4356,43.4904],[-70.4336,43.4889],[-70.4337,43.4858],[-70.4324,43.4843],[-70.4211,43.483],[-70.4172,43.4799],[-70.4107,43.4791],[-70.4109,43.4766],[-70.4098,43.4754],[-70.4,43.4736],[-70.3934,43.4645],[-70.3909,43.4631],[-70.3863,43.4622],[-70.3745,43.461],[-70.3134,43.4636],[-70.2593,43.4324],[-70.2684,43.4264],[-70.274,43.4152],[-70.2804,43.4087],[-70.2876,43.4035],[-70.3119,43.3919],[-70.3189,43.3901],[-70.3218,43.385],[-70.3327,43.3745],[-70.3384,43.3655],[-70.3462,43.3582],[-70.4035,43.3942],[-70.403,43.3991],[-70.3991,43.4013],[-70.3969,43.407],[-70.3974,43.4083]]]}},{"type":"Feature","properties":{"TOWN":"T15 R15 WELS"},"geometry":{"type":"Polygon","coordinates":[[[-69.5957,47.0148],[-69.5954,46.9266],[-69.7667,46.9263],[-69.6774,47.0152],[-69.5957,47.0148]]]}},{"type":"Feature","properties":{"TOWN":"T15 R6 WELS"},"geometry":{"type":"Polygon","coordinates":[[[-68.4414,46.9245],[-68.5631,46.9232],[-68.563,47.0134],[-68.4432,47.015],[-68.4414,46.9245]]]}},{"type":"Feature","properties":{"TOWN":"T15 R13 WELS"},"geometry":{"type":"Polygon","coordinates":[[[-69.3393,47.0139],[-69.3375,46.9267],[-69.4684,46.9267],[-69.4677,47.0142],[-69.3393,47.0139]]]}},{"type":"Feature","properties":{"TOWN":"T15 R11 WELS"},"geometry":{"type":"Polygon","coordinates":[[[-69.0831,47.0142],[-69.083,46.9273],[-69.2124,46.9272],[-69.2131,47.0143],[-69.0831,47.0142]]]}},{"type":"Feature","properties":{"TOWN":"T15 R12 WELS"},"geometry":{"type":"Polygon","coordinates":[[[-69.2124,46.9272],[-69.3375,46.9267],[-69.3393,47.0139],[-69.2131,47.0143],[-69.2124,46.9272]]]}},{"type":"Feature","properties":{"TOWN":"T15 R10 WELS"},"geometry":{"type":"Polygon","coordinates":[[[-69.0831,47.0142],[-68.9508,47.0134],[-68.9509,46.9273],[-69.083,46.9273],[-69.0831,47.0142]]]}},{"type":"Feature","properties":{"TOWN":"Winterville Plt"},"geometry":{"type":"Polygon","coordinates":[[[-68.5631,46.9232],[-68.6955,46.9219],[-68.6963,47.0113],[-68.563,47.0134],[-68.5631,46.9232]]]}},{"type":"Feature","properties":{"TOWN":"T15 R9 WELS"},"geometry":{"type":"Polygon","coordinates":[[[-68.8231,47.0123],[-68.8238,46.9268],[-68.9509,46.9273],[-68.9508,47.0134],[-68.8231,47.0123]]]}},{"type":"Feature","properties":{"TOWN":"Woodland"},"geometry":{"type":"Polygon","coordinates":[[[-68.0594,46.8393],[-68.1773,46.837],[-68.1787,46.9289],[-68.0623,46.9315],[-68.0594,46.8393]]]}},{"type":"Feature","properties":{"TOWN":"Waldoboro"},"geometry":{"type":"Polygon","coordinates":[[[-69.338,44.0114],[-69.3436,44.0146],[-69.3434,44.0168],[-69.3461,44.0188],[-69.3543,44.0145],[-69.3565,44.0115],[-69.358,44.0107],[-69.3608,44.011],[-69.3654,44.0135],[-69.3688,44.0141],[-69.3727,44.0132],[-69.3768,44.0103],[-69.3829,44.01],[-69.3867,44.0128],[-69.3893,44.0184],[-69.3986,44.0266],[-69.4044,44.0278],[-69.4039,44.0286],[-69.4051,44.0299],[-69.4046,44.0318],[-69.406,44.0369],[-69.405,44.0387],[-69.4082,44.0404],[-69.4073,44.0423],[-69.4079,44.0456],[-69.4059,44.0477],[-69.4376,44.0634],[-69.4485,44.057],[-69.4501,44.0585],[-69.4497,44.0606],[-69.4467,44.0643],[-69.447,44.0667],[-69.4459,44.0686],[-69.4479,44.0718],[-69.4473,44.0755],[-69.448,44.0763],[-69.4468,44.0777],[-69.4454,44.078],[-69.4458,44.0812],[-69.443,44.0835],[-69.4413,44.0907],[-69.4395,44.094],[-69.4385,44.0949],[-69.4355,44.0955],[-69.4376,44.1039],[-69.4435,44.1196],[-69.4161,44.2123],[-69.3722,44.2054],[-69.3377,44.2094],[-69.3037,44.1327],[-69.3115,44.0955],[-69.3076,44.0953],[-69.3061,44.0941],[-69.3038,44.0965],[-69.3011,44.0925],[-69.282,44.0645],[-69.2823,44.0526],[-69.298,44.059],[-69.2982,44.058],[-69.2996,44.0576],[-69.2991,44.0559],[-69.3007,44.0539],[-69.2997,44.0527],[-69.2971,44.0529],[-69.2972,44.0512],[-69.2992,44.0504],[-69.2982,44.048],[-69.2986,44.0467],[-69.2998,44.0461],[-69.3032,44.0467],[-69.3054,44.0448],[-69.3093,44.0453],[-69.3118,44.0427],[-69.3116,44.0417],[-69.3125,44.0408],[-69.3147,44.0392],[-69.3154,44.0396],[-69.3169,44.0389],[-69.3186,44.0372],[-69.3186,44.0355],[-69.3204,44.0334],[-69.3185,44.0317],[-69.3194,44.0308],[-69.3185,44.0297],[-69.3189,44.0266],[-69.3199,44.0268],[-69.3202,44.0258],[-69.3222,44.0251],[-69.3232,44.0238],[-69.3222,44.0225],[-69.325,44.0215],[-69.3247,44.0206],[-69.3258,44.0205],[-69.3269,44.015],[-69.3284,44.0135],[-69.3274,44.0125],[-69.3273,44.0095],[-69.3293,44.0087],[-69.3265,44.0075],[-69.3279,44.0068],[-69.3281,44.0059],[-69.3296,44.0067],[-69.3347,44.0047],[-69.3343,44.0056],[-69.3367,44.0074],[-69.3368,44.0091],[-69.3383,44.0094],[-69.338,44.0114]]]}},{"type":"Feature","properties":{"TOWN":"Saco"},"geometry":{"type":"MultiPolygon","coordinates":[[[[-70.5477,43.55],[-70.492,43.6068],[-70.4518,43.5875],[-70.4535,43.5859],[-70.3901,43.5537],[-70.4253,43.5177],[-70.4152,43.5184],[-70.4148,43.5179],[-70.4158,43.5175],[-70.4174,43.5143],[-70.4164,43.5126],[-70.4166,43.5095],[-70.4149,43.5081],[-70.4145,43.5029],[-70.4094,43.4991],[-70.4066,43.4992],[-70.4044,43.4979],[-70.4037,43.4992],[-70.4019,43.4985],[-70.401,43.4992],[-70.4006,43.4982],[-70.3992,43.4984],[-70.3983,43.4971],[-70.3968,43.4977],[-70.3975,43.4965],[-70.3959,43.4962],[-70.3945,43.4968],[-70.3908,43.4962],[-70.3877,43.4975],[-70.2275,43.4617],[-70.2436,43.4484],[-70.2528,43.4397],[-70.2593,43.4324],[-70.3134,43.4636],[-70.3745,43.461],[-70.3909,43.4631],[-70.3942,43.4653],[-70.4,43.4736],[-70.4088,43.4749],[-70.4108,43.4763],[-70.4107,43.4791],[-70.4172,43.4799],[-70.4211,43.483],[-70.4326,43.4844],[-70.4337,43.4858],[-70.4336,43.4889],[-70.4356,43.4904],[-70.4422,43.4925],[-70.4475,43.4928],[-70.4519,43.4942],[-70.4524,43.4955],[-70.4509,43.4979],[-70.4526,43.4995],[-70.4663,43.4989],[-70.4747,43.5027],[-70.4821,43.499],[-70.5001,43.4982],[-70.5041,43.4991],[-70.5099,43.5061],[-70.5148,43.5084],[-70.5179,43.5154],[-70.5219,43.5168],[-70.5258,43.5199],[-70.5287,43.5256],[-70.5271,43.5282],[-70.5229,43.5314],[-70.5189,43.5377],[-70.514,43.5406],[-70.5122,43.5443],[-70.5152,43.5454],[-70.5198,43.5452],[-70.5239,43.5506],[-70.5295,43.5546],[-70.5327,43.5539],[-70.5374,43.5508],[-70.5426,43.5492],[-70.5452,43.549],[-70.5477,43.55]]],[[[-70.3083,43.5012],[-70.3087,43.5016],[-70.3082,43.5014],[-70.3083,43.5012]]],[[[-70.3111,43.5068],[-70.3074,43.5064],[-70.3102,43.5056],[-70.3114,43.5037],[-70.3137,43.5039],[-70.3139,43.5023],[-70.3161,43.5023],[-70.3162,43.5028],[-70.3144,43.5031],[-70.3148,43.5042],[-70.3134,43.5046],[-70.3135,43.5062],[-70.3111,43.5068]]],[[[-70.3157,43.5064],[-70.3158,43.5068],[-70.3155,43.5066],[-70.3157,43.5064]]],[[[-70.316,43.5102],[-70.3176,43.5077],[-70.32,43.5083],[-70.3176,43.5105],[-70.316,43.5102]]]]}},{"type":"Feature","properties":{"TOWN":"Perham"},"geometry":{"type":"Polygon","coordinates":[[[-68.1773,46.837],[-68.3002,46.8345],[-68.3002,46.9265],[-68.1787,46.9289],[-68.1773,46.837]]]}},{"type":"Feature","properties":{"TOWN":"T14 R16 WELS"},"geometry":{"type":"Polygon","coordinates":[[[-69.7216,46.9264],[-69.7214,46.8398],[-69.8531,46.8401],[-69.7667,46.9263],[-69.7216,46.9264]]]}},{"type":"Feature","properties":{"TOWN":"T14 R15 WELS"},"geometry":{"type":"Polygon","coordinates":[[[-69.5954,46.9266],[-69.5951,46.8393],[-69.7214,46.8398],[-69.7216,46.9264],[-69.5954,46.9266]]]}},{"type":"Feature","properties":{"TOWN":"T14 R5 WELS"},"geometry":{"type":"Polygon","coordinates":[[[-68.3002,46.8345],[-68.4415,46.8319],[-68.4414,46.9245],[-68.3002,46.9265],[-68.3002,46.8345]]]}},{"type":"Feature","properties":{"TOWN":"T14 R13 WELS"},"geometry":{"type":"Polygon","coordinates":[[[-69.3375,46.9267],[-69.3396,46.8389],[-69.4678,46.8392],[-69.4684,46.9267],[-69.3375,46.9267]]]}},{"type":"Feature","properties":{"TOWN":"T14 R11 WELS"},"geometry":{"type":"Polygon","coordinates":[[[-69.083,46.9273],[-69.0826,46.8393],[-69.212,46.8388],[-69.2124,46.9272],[-69.083,46.9273]]]}},{"type":"Feature","properties":{"TOWN":"T14 R10 WELS"},"geometry":{"type":"Polygon","coordinates":[[[-68.9509,46.9273],[-68.9508,46.839],[-69.0826,46.8393],[-69.083,46.9273],[-68.9509,46.9273]]]}},{"type":"Feature","properties":{"TOWN":"T14 R12 WELS"},"geometry":{"type":"Polygon","coordinates":[[[-69.212,46.8388],[-69.3396,46.8389],[-69.3375,46.9267],[-69.2124,46.9272],[-69.212,46.8388]]]}},{"type":"Feature","properties":{"TOWN":"T14 R9 WELS"},"geometry":{"type":"Polygon","coordinates":[[[-68.8238,46.9268],[-68.8242,46.8385],[-68.9508,46.839],[-68.9509,46.9273],[-68.8238,46.9268]]]}},{"type":"Feature","properties":{"TOWN":"T14 R8 WELS"},"geometry":{"type":"Polygon","coordinates":[[[-68.6956,46.9269],[-68.6949,46.8384],[-68.8242,46.8385],[-68.8238,46.9268],[-68.6956,46.9269]]]}},{"type":"Feature","properties":{"TOWN":"T14 R6 WELS"},"geometry":{"type":"Polygon","coordinates":[[[-68.4415,46.8319],[-68.5635,46.8299],[-68.5622,46.8588],[-68.5631,46.9232],[-68.4414,46.9245],[-68.4415,46.8319]]]}},{"type":"Feature","properties":{"TOWN":"T14 R7 WELS"},"geometry":{"type":"Polygon","coordinates":[[[-68.5635,46.8299],[-68.6948,46.8283],[-68.6955,46.9219],[-68.5631,46.9232],[-68.5622,46.8588],[-68.5635,46.8299]]]}},{"type":"Feature","properties":{"TOWN":"Fort Fairfield"},"geometry":{"type":"Polygon","coordinates":[[[-67.7889,46.6895],[-67.9216,46.6865],[-67.9261,46.7788],[-67.9192,46.7789],[-67.9191,46.866],[-67.9016,46.8663],[-67.7895,46.8722],[-67.7898,46.8042],[-67.7889,46.6895]]]}},{"type":"Feature","properties":{"TOWN":"T13 R16 WELS"},"geometry":{"type":"Polygon","coordinates":[[[-69.7214,46.8398],[-69.7227,46.7502],[-69.9427,46.7503],[-69.8531,46.8401],[-69.7214,46.8398]]]}},{"type":"Feature","properties":{"TOWN":"Grand Isle"},"geometry":{"type":"Polygon","coordinates":[[[-68.0615,47.256],[-68.0606,47.2015],[-68.1798,47.2008],[-68.18,47.2501],[-68.1815,47.2915],[-68.179,47.3299],[-68.1763,47.3289],[-68.16,47.3271],[-68.1549,47.3252],[-68.1524,47.322],[-68.1539,47.3133],[-68.1523,47.3096],[-68.1469,47.3056],[-68.1413,47.2995],[-68.1359,47.2956],[-68.1275,47.294],[-68.121,47.2874],[-68.0921,47.2765],[-68.082,47.271],[-68.0774,47.266],[-68.0766,47.2625],[-68.074,47.2592],[-68.0615,47.256]]]}},{"type":"Feature","properties":{"TOWN":"Fort Kent"},"geometry":{"type":"Polygon","coordinates":[[[-68.4614,47.2888],[-68.4814,47.2766],[-68.4816,47.2477],[-68.4462,47.2478],[-68.4457,47.1992],[-68.6979,47.1964],[-68.6977,47.241],[-68.6948,47.2427],[-68.6872,47.2444],[-68.6845,47.2429],[-68.675,47.2423],[-68.6633,47.2362],[-68.6599,47.2361],[-68.6554,47.2389],[-68.6463,47.2395],[-68.6351,47.2423],[-68.6252,47.2422],[-68.6175,47.2434],[-68.6074,47.2471],[-68.5935,47.2589],[-68.5934,47.2616],[-68.5981,47.268],[-68.5975,47.2703],[-68.5923,47.2742],[-68.5902,47.2795],[-68.5873,47.2826],[-68.5802,47.2871],[-68.5778,47.2876],[-68.5499,47.2821],[-68.54,47.2847],[-68.5302,47.2921],[-68.5187,47.2958],[-68.5082,47.2964],[-68.5034,47.296],[-68.4965,47.294],[-68.4904,47.2938],[-68.4748,47.2972],[-68.4711,47.2967],[-68.4656,47.2945],[-68.4614,47.2888]]]}},{"type":"Feature","properties":{"TOWN":"T18 R10 WELS"},"geometry":{"type":"Polygon","coordinates":[[[-68.8822,47.1829],[-68.8875,47.1787],[-68.8921,47.1766],[-68.9102,47.1715],[-68.9287,47.1646],[-68.9437,47.1542],[-68.9462,47.1512],[-68.9469,47.1481],[-69.0829,47.1478],[-69.0827,47.2799],[-69.0511,47.2801],[-69.0509,47.2784],[-69.0482,47.2751],[-69.0482,47.2733],[-69.0469,47.2716],[-69.0485,47.2694],[-69.0472,47.2673],[-69.0489,47.2648],[-69.0482,47.2632],[-69.0507,47.2602],[-69.0508,47.2565],[-69.0409,47.245],[-69.0349,47.2419],[-69.0338,47.2404],[-69.0271,47.2393],[-69.0219,47.2367],[-68.9804,47.2201],[-68.9786,47.2177],[-68.9653,47.2125],[-68.9648,47.2102],[-68.9635,47.2097],[-68.9612,47.2057],[-68.96,47.2053],[-68.9529,47.2069],[-68.9521,47.2056],[-68.952,47.2027],[-68.9508,47.202],[-68.9426,47.2061],[-68.941,47.2061],[-68.9355,47.2022],[-68.9342,47.2001],[-68.9293,47.1995],[-68.9282,47.1987],[-68.9301,47.1976],[-68.9286,47.1966],[-68.9267,47.1968],[-68.9257,47.1979],[-68.9208,47.1955],[-68.9201,47.1948],[-68.9199,47.1899],[-68.9151,47.1886],[-68.912,47.1865],[-68.9085,47.1864],[-68.905,47.1804],[-68.9014,47.1781],[-68.9001,47.1777],[-68.8989,47.1802],[-68.8956,47.1825],[-68.8891,47.182],[-68.8844,47.1832],[-68.8822,47.1829]]]}},{"type":"Feature","properties":{"TOWN":"T18 R11 WELS"},"geometry":{"type":"Polygon","coordinates":[[[-69.0828,47.1906],[-69.2117,47.1903],[-69.2115,47.2787],[-69.0827,47.2799],[-69.0828,47.1906]]]}},{"type":"Feature","properties":{"TOWN":"T18 R12 WELS"},"geometry":{"type":"Polygon","coordinates":[[[-69.2115,47.2787],[-69.2117,47.1903],[-69.339,47.1901],[-69.3396,47.2793],[-69.2115,47.2787]]]}},{"type":"Feature","properties":{"TOWN":"T18 R13 WELS"},"geometry":{"type":"Polygon","coordinates":[[[-69.339,47.1901],[-69.375,47.1899],[-69.5008,47.1896],[-69.41,47.2788],[-69.3399,47.2793],[-69.339,47.1901]]]}},{"type":"Feature","properties":{"TOWN":"Kennebunk"},"geometry":{"type":"Polygon","coordinates":[[[-70.4948,43.3723],[-70.4919,43.373],[-70.4914,43.374],[-70.4884,43.374],[-70.4832,43.3727],[-70.4794,43.3706],[-70.4802,43.3668],[-70.4797,43.3628],[-70.4772,43.3583],[-70.4742,43.3552],[-70.4749,43.3522],[-70.4739,43.3493],[-70.4759,43.3471],[-70.4732,43.291],[-70.4814,43.2884],[-70.493,43.2869],[-70.5353,43.3353],[-70.5406,43.3355],[-70.539,43.3375],[-70.541,43.3432],[-70.5435,43.3415],[-70.5421,43.3399],[-70.5422,43.3378],[-70.5438,43.3386],[-70.5464,43.3419],[-70.546,43.3428],[-70.5435,43.3436],[-70.5445,43.3442],[-70.5437,43.3461],[-70.546,43.3458],[-70.5446,43.346],[-70.5441,43.3469],[-70.5454,43.3471],[-70.5454,43.3493],[-70.5477,43.3485],[-70.547,43.3493],[-70.5485,43.3498],[-70.5477,43.3504],[-70.5504,43.3518],[-70.5494,43.3533],[-70.5515,43.3534],[-70.551,43.3541],[-70.5534,43.3554],[-70.5539,43.3569],[-70.5572,43.3595],[-70.5571,43.3603],[-70.5594,43.3607],[-70.5599,43.363],[-70.5616,43.3628],[-70.5617,43.3641],[-70.5637,43.3647],[-70.5649,43.3676],[-70.5681,43.3682],[-70.5683,43.3693],[-70.5751,43.372],[-70.575,43.3734],[-70.5811,43.3791],[-70.5831,43.3791],[-70.5883,43.3825],[-70.5951,43.3848],[-70.6024,43.3846],[-70.603,43.3855],[-70.6057,43.3863],[-70.6066,43.3859],[-70.6108,43.3868],[-70.6135,43.3852],[-70.6149,43.386],[-70.6159,43.3855],[-70.623,43.387],[-70.6263,43.3865],[-70.63,43.3878],[-70.6394,43.3875],[-70.6517,43.3836],[-70.6541,43.384],[-70.6565,43.3824],[-70.6602,43.387],[-70.6701,43.3912],[-70.6073,43.4575],[-70.6001,43.4579],[-70.5995,43.4572],[-70.6001,43.4561],[-70.5977,43.4555],[-70.5969,43.4568],[-70.5945,43.4556],[-70.5936,43.4564],[-70.5917,43.4565],[-70.5905,43.4554],[-70.5905,43.4524],[-70.5886,43.4513],[-70.5871,43.4526],[-70.5825,43.4522],[-70.5828,43.4517],[-70.5815,43.4508],[-70.5796,43.4505],[-70.5789,43.4481],[-70.5776,43.448],[-70.5764,43.4466],[-70.5745,43.4481],[-70.5726,43.4482],[-70.5724,43.4476],[-70.5709,43.4487],[-70.5698,43.4482],[-70.5703,43.4489],[-70.5697,43.4492],[-70.5689,43.4486],[-70.5669,43.4495],[-70.5658,43.4487],[-70.5664,43.4499],[-70.5658,43.4502],[-70.5609,43.4495],[-70.5619,43.4486],[-70.5576,43.4459],[-70.5587,43.4445],[-70.5575,43.4441],[-70.5582,43.4425],[-70.5566,43.4424],[-70.5566,43.4405],[-70.5552,43.4404],[-70.5584,43.4388],[-70.5553,43.4385],[-70.5541,43.4377],[-70.5567,43.435],[-70.555,43.4337],[-70.554,43.4341],[-70.5544,43.4331],[-70.553,43.4327],[-70.5535,43.432],[-70.5529,43.4317],[-70.5507,43.4315],[-70.5498,43.4325],[-70.5494,43.4299],[-70.5452,43.429],[-70.545,43.43],[-70.5436,43.4299],[-70.5424,43.4288],[-70.5436,43.4277],[-70.5426,43.4274],[-70.5432,43.4264],[-70.5416,43.4251],[-70.5451,43.4231],[-70.5401,43.4205],[-70.5397,43.4194],[-70.5372,43.4187],[-70.5361,43.4169],[-70.5381,43.4148],[-70.5367,43.4131],[-70.5355,43.4083],[-70.5335,43.4059],[-70.5318,43.4048],[-70.5286,43.4044],[-70.5258,43.4024],[-70.527,43.4005],[-70.5241,43.3995],[-70.5225,43.3965],[-70.525,43.3954],[-70.5248,43.3928],[-70.5214,43.3932],[-70.5213,43.3925],[-70.5227,43.392],[-70.5223,43.3913],[-70.5179,43.3867],[-70.5156,43.3853],[-70.5171,43.3834],[-70.5169,43.3826],[-70.5139,43.3831],[-70.5125,43.3818],[-70.5106,43.3817],[-70.5097,43.3801],[-70.5074,43.3805],[-70.508,43.3784],[-70.5049,43.3786],[-70.5055,43.3776],[-70.5049,43.3767],[-70.4969,43.3744],[-70.4948,43.3723]]]}},{"type":"Feature","properties":{"TOWN":"Saint Francis"},"geometry":{"type":"Polygon","coordinates":[[[-68.8251,47.1019],[-68.9556,47.1017],[-68.9556,47.1092],[-68.9495,47.1096],[-68.9465,47.1108],[-68.9426,47.1154],[-68.9344,47.1195],[-68.9326,47.1224],[-68.9327,47.1251],[-68.9355,47.1319],[-68.9414,47.1365],[-68.9464,47.1447],[-68.9469,47.1482],[-68.9463,47.1508],[-68.9424,47.1552],[-68.9284,47.1647],[-68.9102,47.1715],[-68.8904,47.1774],[-68.8745,47.1879],[-68.8709,47.1891],[-68.8614,47.1891],[-68.8574,47.1903],[-68.8509,47.1947],[-68.8499,47.1963],[-68.8315,47.2039],[-68.8266,47.2071],[-68.8251,47.1019]]]}},{"type":"Feature","properties":{"TOWN":"Van Buren"},"geometry":{"type":"Polygon","coordinates":[[[-67.9273,47.1356],[-68.0596,47.1347],[-68.0615,47.256],[-68.0391,47.2465],[-68.0166,47.2349],[-68.0069,47.2272],[-67.9982,47.2171],[-67.9898,47.21],[-67.9731,47.2067],[-67.9552,47.1981],[-67.9519,47.1942],[-67.9509,47.1901],[-67.9515,47.1834],[-67.9485,47.1816],[-67.9388,47.1708],[-67.9351,47.1636],[-67.9319,47.1613],[-67.9275,47.155],[-67.922,47.152],[-67.9274,47.148],[-67.9273,47.1356]]]}},{"type":"Feature","properties":{"TOWN":"Saint John Plt"},"geometry":{"type":"Polygon","coordinates":[[[-68.6977,47.241],[-68.6975,47.1026],[-68.8251,47.1019],[-68.8266,47.2071],[-68.8173,47.2112],[-68.8152,47.2135],[-68.8115,47.2151],[-68.8043,47.2154],[-68.7814,47.2211],[-68.7689,47.2212],[-68.7643,47.2221],[-68.7519,47.2264],[-68.7344,47.2357],[-68.7301,47.2357],[-68.717,47.2406],[-68.7123,47.2403],[-68.7061,47.2378],[-68.7023,47.2383],[-68.6977,47.241]]]}},{"type":"Feature","properties":{"TOWN":"Sinclair Twp"},"geometry":{"type":"Polygon","coordinates":[[[-68.1794,47.1109],[-68.3023,47.1088],[-68.3025,47.2003],[-68.1798,47.2008],[-68.1794,47.1109]]]}},{"type":"Feature","properties":{"TOWN":"Cross Lake Twp"},"geometry":{"type":"Polygon","coordinates":[[[-68.3023,47.1088],[-68.4446,47.1064],[-68.4457,47.1992],[-68.3025,47.2003],[-68.3023,47.1088]]]}},{"type":"Feature","properties":{"TOWN":"New Canada"},"geometry":{"type":"Polygon","coordinates":[[[-68.4446,47.1064],[-68.564,47.1039],[-68.5647,47.1983],[-68.4457,47.1992],[-68.4446,47.1064]]]}},{"type":"Feature","properties":{"TOWN":"Wallagrass"},"geometry":{"type":"Polygon","coordinates":[[[-68.564,47.1039],[-68.6975,47.1026],[-68.6979,47.1964],[-68.5647,47.1983],[-68.564,47.1039]]]}},{"type":"Feature","properties":{"TOWN":"T17 R14 WELS"},"geometry":{"type":"Polygon","coordinates":[[[-69.468,47.1897],[-69.4674,47.1018],[-69.5895,47.1021],[-69.5008,47.1896],[-69.468,47.1897]]]}},{"type":"Feature","properties":{"TOWN":"T17 R13 WELS"},"geometry":{"type":"Polygon","coordinates":[[[-69.468,47.1897],[-69.339,47.1901],[-69.3391,47.1015],[-69.4674,47.1018],[-69.468,47.1897]]]}},{"type":"Feature","properties":{"TOWN":"T17 R12 WELS"},"geometry":{"type":"Polygon","coordinates":[[[-69.2117,47.1903],[-69.2116,47.1017],[-69.3391,47.1015],[-69.339,47.1901],[-69.2117,47.1903]]]}},{"type":"Feature","properties":{"TOWN":"Allagash"},"geometry":{"type":"Polygon","coordinates":[[[-69.0828,47.1906],[-69.0829,47.1478],[-68.9469,47.1481],[-68.9464,47.1447],[-68.9421,47.1373],[-68.9392,47.1342],[-68.9355,47.1319],[-68.9324,47.1236],[-68.9338,47.12],[-68.9426,47.1154],[-68.9465,47.1108],[-68.9495,47.1096],[-68.9556,47.1092],[-68.9558,47.0135],[-69.2121,47.0143],[-69.2117,47.1903],[-69.0828,47.1906]]]}},{"type":"Feature","properties":{"TOWN":"Hamlin"},"geometry":{"type":"Polygon","coordinates":[[[-67.7902,47.0501],[-67.9258,47.0485],[-67.9275,47.0939],[-67.9274,47.148],[-67.922,47.152],[-67.9123,47.1487],[-67.9099,47.1472],[-67.9034,47.1364],[-67.8942,47.1306],[-67.8907,47.1265],[-67.8899,47.1243],[-67.8904,47.1223],[-67.8892,47.1192],[-67.8896,47.1142],[-67.8881,47.1097],[-67.8829,47.1043],[-67.8749,47.1011],[-67.8683,47.1005],[-67.8487,47.0933],[-67.8384,47.0877],[-67.8307,47.085],[-67.821,47.0833],[-67.816,47.0806],[-67.8114,47.0761],[-67.7903,47.0672],[-67.7902,47.0501]]]}},{"type":"Feature","properties":{"TOWN":"Cyr Plt"},"geometry":{"type":"Polygon","coordinates":[[[-67.9258,47.0485],[-68.063,47.0464],[-68.0595,47.1251],[-68.0596,47.1347],[-67.9273,47.1356],[-67.9275,47.0939],[-67.9258,47.0485]]]}},{"type":"Feature","properties":{"TOWN":"Stockholm"},"geometry":{"type":"Polygon","coordinates":[[[-68.063,47.0464],[-68.0632,47.0228],[-68.179,47.0205],[-68.1794,47.1109],[-68.0601,47.1117],[-68.063,47.0464]]]}},{"type":"Feature","properties":{"TOWN":"Madawaska Lake Twp"},"geometry":{"type":"Polygon","coordinates":[[[-68.179,47.0205],[-68.302,47.0175],[-68.3023,47.1088],[-68.1794,47.1109],[-68.179,47.0205]]]}},{"type":"Feature","properties":{"TOWN":"T16 R6 WELS"},"geometry":{"type":"Polygon","coordinates":[[[-68.4432,47.015],[-68.563,47.0134],[-68.564,47.1039],[-68.4446,47.1064],[-68.4432,47.015]]]}},{"type":"Feature","properties":{"TOWN":"Eagle Lake"},"geometry":{"type":"Polygon","coordinates":[[[-68.563,47.0134],[-68.6963,47.0113],[-68.696,47.0281],[-68.6975,47.1026],[-68.564,47.1039],[-68.563,47.0134]]]}},{"type":"Feature","properties":{"TOWN":"T16 R14 WELS"},"geometry":{"type":"Polygon","coordinates":[[[-69.4674,47.1018],[-69.4677,47.0142],[-69.6774,47.0152],[-69.5895,47.1021],[-69.4674,47.1018]]]}},{"type":"Feature","properties":{"TOWN":"T16 R8 WELS"},"geometry":{"type":"Polygon","coordinates":[[[-68.6963,47.0113],[-68.8231,47.0123],[-68.8251,47.1019],[-68.6975,47.1026],[-68.696,47.0281],[-68.6963,47.0113]]]}},{"type":"Feature","properties":{"TOWN":"T16 R12 WELS"},"geometry":{"type":"Polygon","coordinates":[[[-69.3391,47.1015],[-69.2116,47.1017],[-69.2121,47.0143],[-69.3393,47.0139],[-69.3391,47.1015]]]}},{"type":"Feature","properties":{"TOWN":"T16 R9 WELS"},"geometry":{"type":"Polygon","coordinates":[[[-68.8231,47.0123],[-68.9558,47.0135],[-68.9556,47.1017],[-68.8251,47.1019],[-68.8231,47.0123]]]}},{"type":"Feature","properties":{"TOWN":"Connor Twp"},"geometry":{"type":"Polygon","coordinates":[[[-67.9293,46.9579],[-68.0629,46.9556],[-68.064,47.0001],[-68.063,47.0464],[-67.9312,47.0484],[-67.9293,46.9579]]]}},{"type":"Feature","properties":{"TOWN":"New Sweden"},"geometry":{"type":"Polygon","coordinates":[[[-68.064,47.0001],[-68.0623,46.9315],[-68.1787,46.9289],[-68.179,47.0205],[-68.0632,47.0228],[-68.064,47.0001]]]}},{"type":"Feature","properties":{"TOWN":"T13 R15 WELS"},"geometry":{"type":"Polygon","coordinates":[[[-69.5951,46.8393],[-69.595,46.7503],[-69.7227,46.7502],[-69.7214,46.8398],[-69.5951,46.8393]]]}},{"type":"Feature","properties":{"TOWN":"T13 R14 WELS"},"geometry":{"type":"Polygon","coordinates":[[[-69.5951,46.8393],[-69.4678,46.8392],[-69.4673,46.7506],[-69.595,46.7503],[-69.5951,46.8393]]]}},{"type":"Feature","properties":{"TOWN":"T13 R13 WELS"},"geometry":{"type":"Polygon","coordinates":[[[-69.3396,46.8389],[-69.3398,46.7506],[-69.4673,46.7506],[-69.4678,46.8392],[-69.3396,46.8389]]]}},{"type":"Feature","properties":{"TOWN":"T13 R12 WELS"},"geometry":{"type":"Polygon","coordinates":[[[-69.3396,46.8389],[-69.212,46.8388],[-69.2118,46.7509],[-69.3398,46.7506],[-69.3396,46.8389]]]}},{"type":"Feature","properties":{"TOWN":"T13 R11 WELS"},"geometry":{"type":"Polygon","coordinates":[[[-69.0821,46.7509],[-69.2118,46.7509],[-69.212,46.8388],[-69.0826,46.8393],[-69.0821,46.7509]]]}},{"type":"Feature","properties":{"TOWN":"T13 R10 WELS"},"geometry":{"type":"Polygon","coordinates":[[[-68.9508,46.839],[-68.9509,46.7508],[-69.0821,46.7509],[-69.0826,46.8393],[-68.9508,46.839]]]}},{"type":"Feature","properties":{"TOWN":"T13 R9 WELS"},"geometry":{"type":"Polygon","coordinates":[[[-68.8242,46.8385],[-68.8238,46.7507],[-68.9509,46.7508],[-68.9508,46.839],[-68.8242,46.8385]]]}},{"type":"Feature","properties":{"TOWN":"T12 R14 WELS"},"geometry":{"type":"Polygon","coordinates":[[[-69.4673,46.7506],[-69.4677,46.6621],[-69.5942,46.6624],[-69.595,46.7503],[-69.4673,46.7506]]]}},{"type":"Feature","properties":{"TOWN":"T12 R13 WELS"},"geometry":{"type":"Polygon","coordinates":[[[-69.3398,46.7506],[-69.34,46.6624],[-69.4677,46.6621],[-69.4673,46.7506],[-69.3398,46.7506]]]}},{"type":"Feature","properties":{"TOWN":"T12 R12 WELS"},"geometry":{"type":"Polygon","coordinates":[[[-69.2118,46.7509],[-69.2122,46.6622],[-69.34,46.6624],[-69.3398,46.7506],[-69.2118,46.7509]]]}},{"type":"Feature","properties":{"TOWN":"T12 R11 WELS"},"geometry":{"type":"Polygon","coordinates":[[[-69.0821,46.7509],[-69.0852,46.6621],[-69.2122,46.6622],[-69.2118,46.7509],[-69.0821,46.7509]]]}},{"type":"Feature","properties":{"TOWN":"T12 R9 WELS"},"geometry":{"type":"Polygon","coordinates":[[[-68.8238,46.7507],[-68.8225,46.6625],[-68.9508,46.6622],[-68.9509,46.7508],[-68.8238,46.7507]]]}},{"type":"Feature","properties":{"TOWN":"T12 R8 WELS"},"geometry":{"type":"Polygon","coordinates":[[[-68.6949,46.7504],[-68.6955,46.6627],[-68.8225,46.6625],[-68.8238,46.7507],[-68.6949,46.7504]]]}},{"type":"Feature","properties":{"TOWN":"Castle Hill"},"geometry":{"type":"Polygon","coordinates":[[[-68.1726,46.6612],[-68.3007,46.6578],[-68.3005,46.7452],[-68.1754,46.7475],[-68.1726,46.6612]]]}},{"type":"Feature","properties":{"TOWN":"Ashland"},"geometry":{"type":"Polygon","coordinates":[[[-68.3007,46.6578],[-68.303,46.6578],[-68.3049,46.5627],[-68.4369,46.5612],[-68.4379,46.6758],[-68.4401,46.7449],[-68.3005,46.7452],[-68.3007,46.6578]]]}},{"type":"Feature","properties":{"TOWN":"T12 R7 WELS"},"geometry":{"type":"Polygon","coordinates":[[[-68.5613,46.6552],[-68.6955,46.6557],[-68.6948,46.7436],[-68.5619,46.7437],[-68.5613,46.6552]]]}},{"type":"Feature","properties":{"TOWN":"Easton"},"geometry":{"type":"Polygon","coordinates":[[[-67.7882,46.5999],[-67.9205,46.5969],[-67.9216,46.6865],[-67.7889,46.6895],[-67.7882,46.5999]]]}},{"type":"Feature","properties":{"TOWN":"Chapman"},"geometry":{"type":"Polygon","coordinates":[[[-68.0513,46.6634],[-68.0471,46.5682],[-68.1736,46.5653],[-68.1726,46.6612],[-68.1051,46.6618],[-68.0513,46.6634]]]}},{"type":"Feature","properties":{"TOWN":"T11 R16 WELS"},"geometry":{"type":"Polygon","coordinates":[[[-69.722,46.6618],[-69.7211,46.5741],[-69.8491,46.5734],[-69.8491,46.6622],[-69.722,46.6618]]]}},{"type":"Feature","properties":{"TOWN":"T11 R8 WELS"},"geometry":{"type":"Polygon","coordinates":[[[-68.6955,46.6627],[-68.6956,46.573],[-68.8214,46.5725],[-68.8225,46.6625],[-68.6955,46.6627]]]}},{"type":"Feature","properties":{"TOWN":"Garfield Plt"},"geometry":{"type":"Polygon","coordinates":[[[-68.4369,46.5612],[-68.5609,46.5608],[-68.5613,46.6552],[-68.4379,46.6568],[-68.4369,46.5612]]]}},{"type":"Feature","properties":{"TOWN":"Mars Hill"},"geometry":{"type":"Polygon","coordinates":[[[-67.786,46.511],[-67.906,46.5088],[-67.9089,46.5971],[-67.7882,46.5999],[-67.786,46.511]]]}},{"type":"Feature","properties":{"TOWN":"Waite"},"geometry":{"type":"Polygon","coordinates":[[[-67.5663,45.3799],[-67.5508,45.3199],[-67.6354,45.3112],[-67.6899,45.3035],[-67.7081,45.3604],[-67.7068,45.3606],[-67.7146,45.3908],[-67.5711,45.4126],[-67.5617,45.3802],[-67.5663,45.3799]]]}},{"type":"Feature","properties":{"TOWN":"Shirley"},"geometry":{"type":"Polygon","coordinates":[[[-69.5188,45.3445],[-69.5826,45.3355],[-69.5752,45.3096],[-69.7004,45.2925],[-69.7292,45.3792],[-69.6019,45.4006],[-69.6017,45.3999],[-69.5369,45.41],[-69.5188,45.3445]]]}},{"type":"Feature","properties":{"TOWN":"Chain of Ponds Twp"},"geometry":{"type":"Polygon","coordinates":[[[-70.6095,45.3068],[-70.7559,45.2895],[-70.7767,45.3772],[-70.7063,45.3849],[-70.6688,45.3898],[-70.6613,45.3858],[-70.6603,45.3796],[-70.6609,45.3782],[-70.6516,45.3771],[-70.6349,45.3835],[-70.6352,45.3854],[-70.6389,45.3889],[-70.6365,45.394],[-70.6309,45.3947],[-70.6095,45.3068]]]}},{"type":"Feature","properties":{"TOWN":"T3 R5 BKP WKR"},"geometry":{"type":"Polygon","coordinates":[[[-70.206,45.3014],[-70.2183,45.2997],[-70.2252,45.3021],[-70.2281,45.3007],[-70.2303,45.3031],[-70.3318,45.2882],[-70.3561,45.3815],[-70.2365,45.3982],[-70.224,45.3601],[-70.206,45.3014]]]}},{"type":"Feature","properties":{"TOWN":"Talmadge"},"geometry":{"type":"Polygon","coordinates":[[[-67.6899,45.3035],[-67.7494,45.294],[-67.8199,45.2843],[-67.8341,45.3329],[-67.8342,45.3461],[-67.8421,45.3702],[-67.7146,45.3908],[-67.7068,45.3606],[-67.7081,45.3604],[-67.6899,45.3035]]]}},{"type":"Feature","properties":{"TOWN":"Barnard Twp"},"geometry":{"type":"Polygon","coordinates":[[[-69.1002,45.2885],[-69.1844,45.2771],[-69.2137,45.3877],[-69.1613,45.3939],[-69.1472,45.3333],[-69.13,45.3353],[-69.1276,45.3256],[-69.1112,45.3279],[-69.1088,45.3188],[-69.0989,45.3201],[-69.094,45.3021],[-69.1037,45.3007],[-69.1002,45.2885]]]}},{"type":"Feature","properties":{"TOWN":"Massachusetts Gore"},"geometry":{"type":"Polygon","coordinates":[[[-70.7559,45.2895],[-70.833,45.2784],[-70.832,45.279],[-70.8298,45.29],[-70.8304,45.2908],[-70.8323,45.291],[-70.8355,45.2938],[-70.8247,45.2979],[-70.823,45.2976],[-70.8192,45.2989],[-70.8163,45.2982],[-70.8116,45.3037],[-70.8119,45.3059],[-70.8144,45.3083],[-70.8084,45.3118],[-70.808,45.3167],[-70.8062,45.3211],[-70.8081,45.3249],[-70.8077,45.3278],[-70.8128,45.3281],[-70.8181,45.3325],[-70.8191,45.3356],[-70.8182,45.3379],[-70.8199,45.3407],[-70.8163,45.3457],[-70.8125,45.3465],[-70.8099,45.3488],[-70.8097,45.3516],[-70.812,45.3525],[-70.8139,45.3548],[-70.8144,45.3568],[-70.8103,45.3579],[-70.8084,45.3631],[-70.8027,45.3656],[-70.8055,45.3739],[-70.7767,45.3772],[-70.7559,45.2895]]]}},{"type":"Feature","properties":{"TOWN":"King & Bartlett Twp"},"geometry":{"type":"Polygon","coordinates":[[[-70.3318,45.2882],[-70.4524,45.2716],[-70.4765,45.3645],[-70.3561,45.3815],[-70.3318,45.2882]]]}},{"type":"Feature","properties":{"TOWN":"Bowerbank"},"geometry":{"type":"Polygon","coordinates":[[[-69.1559,45.2809],[-69.155,45.2798],[-69.1549,45.2777],[-69.1526,45.2764],[-69.1495,45.2718],[-69.1455,45.2702],[-69.1429,45.2701],[-69.1434,45.2697],[-69.1426,45.2693],[-69.1412,45.2695],[-69.1427,45.2689],[-69.1453,45.2688],[-69.1449,45.2671],[-69.1601,45.2699],[-69.1708,45.2673],[-69.1742,45.2673],[-69.1799,45.2688],[-69.1803,45.2671],[-69.1781,45.2665],[-69.1797,45.2647],[-69.186,45.2653],[-69.1881,45.2647],[-69.1874,45.2642],[-69.188,45.2638],[-69.1902,45.2637],[-69.1912,45.265],[-69.1979,45.2654],[-69.2014,45.2664],[-69.1999,45.2646],[-69.2021,45.2641],[-69.2071,45.2648],[-69.2065,45.2657],[-69.2074,45.2666],[-69.2068,45.268],[-69.2034,45.2678],[-69.2033,45.2692],[-69.2004,45.2696],[-69.1991,45.2712],[-69.1971,45.2718],[-69.202,45.2726],[-69.2062,45.2718],[-69.2061,45.2711],[-69.2083,45.2699],[-69.2203,45.269],[-69.2222,45.2694],[-69.2245,45.2668],[-69.2289,45.267],[-69.2376,45.2655],[-69.2472,45.2677],[-69.2993,45.2606],[-69.3312,45.3708],[-69.2137,45.3877],[-69.1844,45.2771],[-69.1559,45.2809]]]}},{"type":"Feature","properties":{"TOWN":"Fowler Twp"},"geometry":{"type":"Polygon","coordinates":[[[-67.4871,45.2802],[-67.4878,45.2761],[-67.4888,45.2753],[-67.4942,45.2757],[-67.4971,45.2722],[-67.5016,45.2715],[-67.504,45.2702],[-67.5046,45.2689],[-67.5034,45.2653],[-67.5036,45.2633],[-67.5115,45.2572],[-67.5217,45.2642],[-67.5385,45.2733],[-67.5592,45.352],[-67.4305,45.3712],[-67.4324,45.3681],[-67.4322,45.367],[-67.4345,45.3649],[-67.4335,45.3607],[-67.4253,45.3574],[-67.4255,45.3565],[-67.4286,45.3547],[-67.4287,45.3517],[-67.4306,45.351],[-67.4315,45.3497],[-67.4289,45.3457],[-67.4289,45.3442],[-67.4313,45.3411],[-67.4347,45.3401],[-67.4406,45.3361],[-67.442,45.334],[-67.4419,45.3324],[-67.4437,45.3308],[-67.4507,45.3292],[-67.4555,45.3271],[-67.457,45.3252],[-67.4556,45.3224],[-67.4522,45.3193],[-67.4519,45.3176],[-67.4534,45.3137],[-67.4578,45.3097],[-67.4592,45.3057],[-67.4587,45.3044],[-67.4598,45.3031],[-67.4603,45.3],[-67.4629,45.2993],[-67.4657,45.2998],[-67.468,45.299],[-67.4687,45.2974],[-67.4659,45.2969],[-67.4661,45.2938],[-67.4709,45.2932],[-67.4721,45.2922],[-67.4747,45.2916],[-67.4762,45.2885],[-67.4779,45.2883],[-67.4812,45.2911],[-67.4851,45.2911],[-67.4864,45.2899],[-67.4858,45.287],[-67.4896,45.2821],[-67.489,45.2805],[-67.4871,45.2802]]]}},{"type":"Feature","properties":{"TOWN":"East Moxie Twp"},"geometry":{"type":"Polygon","coordinates":[[[-69.7004,45.2925],[-69.824,45.2758],[-69.8274,45.2852],[-69.8322,45.294],[-69.833,45.3008],[-69.8394,45.3158],[-69.8435,45.3182],[-69.8447,45.3223],[-69.8474,45.3251],[-69.8535,45.3274],[-69.8568,45.3296],[-69.859,45.3328],[-69.8551,45.3387],[-69.8557,45.3415],[-69.861,45.3446],[-69.8654,45.3449],[-69.8691,45.3487],[-69.8731,45.3501],[-69.8741,45.351],[-69.8737,45.3522],[-69.8711,45.3533],[-69.8739,45.3561],[-69.7292,45.3792],[-69.7004,45.2925]]]}},{"type":"Feature","properties":{"TOWN":"T6 R1 NBPP"},"geometry":{"type":"Polygon","coordinates":[[[-67.8199,45.2843],[-67.9398,45.2679],[-67.9669,45.3519],[-67.8421,45.3702],[-67.8342,45.3461],[-67.8341,45.3329],[-67.8199,45.2843]]]}},{"type":"Feature","properties":{"TOWN":"Willimantic"},"geometry":{"type":"Polygon","coordinates":[[[-69.2993,45.2606],[-69.4245,45.2432],[-69.4545,45.3536],[-69.3312,45.3708],[-69.2993,45.2606]]]}},{"type":"Feature","properties":{"TOWN":"Mattamiscontis Twp"},"geometry":{"type":"Polygon","coordinates":[[[-68.5974,45.3311],[-68.6135,45.3192],[-68.6296,45.3116],[-68.6309,45.3097],[-68.6299,45.3064],[-68.7088,45.3221],[-68.6965,45.343],[-68.5428,45.3673],[-68.5467,45.3628],[-68.578,45.3427],[-68.5862,45.3393],[-68.5922,45.3334],[-68.5974,45.3311]]]}},{"type":"Feature","properties":{"TOWN":"Georgetown"},"geometry":{"type":"Polygon","coordinates":[[[-69.7364,43.8863],[-69.7329,43.8793],[-69.7292,43.8762],[-69.7305,43.8698],[-69.7301,43.8675],[-69.7277,43.8626],[-69.7247,43.8595],[-69.7235,43.8541],[-69.7222,43.8524],[-69.7184,43.8506],[-69.7144,43.8506],[-69.7047,43.8541],[-69.6921,43.8572],[-69.6902,43.8534],[-69.6888,43.8475],[-69.6892,43.845],[-69.691,43.8419],[-69.6956,43.8368],[-69.6977,43.8299],[-69.6976,43.8085],[-69.6957,43.795],[-69.6919,43.781],[-69.6647,43.7118],[-69.6733,43.7042],[-69.6863,43.6982],[-69.6889,43.6907],[-69.6992,43.6759],[-69.7083,43.6682],[-69.7192,43.6618],[-69.7304,43.6573],[-69.7371,43.6555],[-69.7495,43.654],[-69.7758,43.6556],[-69.7856,43.6579],[-69.7728,43.7201],[-69.7649,43.7297],[-69.7636,43.7335],[-69.7651,43.7398],[-69.7684,43.7446],[-69.7696,43.7499],[-69.7805,43.755],[-69.7824,43.7563],[-69.7848,43.7603],[-69.7852,43.7622],[-69.7836,43.7674],[-69.7835,43.7729],[-69.7868,43.7843],[-69.7872,43.7955],[-69.7886,43.7995],[-69.7808,43.8089],[-69.7787,43.8202],[-69.7773,43.8238],[-69.7729,43.8287],[-69.7706,43.8349],[-69.7659,43.84],[-69.7671,43.8438],[-69.7693,43.8437],[-69.771,43.8448],[-69.7727,43.8496],[-69.7698,43.8559],[-69.7669,43.8597],[-69.7645,43.861],[-69.76,43.8616],[-69.7595,43.8623],[-69.759,43.868],[-69.7641,43.8704],[-69.7647,43.8728],[-69.7612,43.8756],[-69.7602,43.8792],[-69.7571,43.8839],[-69.7499,43.8914],[-69.7435,43.8935],[-69.7364,43.8863]]]}},{"type":"Feature","properties":{"TOWN":"Bowmantown Twp"},"geometry":{"type":"Polygon","coordinates":[[[-70.9995,45.3415],[-70.9938,45.3384],[-70.9911,45.3383],[-70.9892,45.3342],[-70.9857,45.333],[-70.985,45.3319],[-70.9733,45.3336],[-70.9673,45.3323],[-70.9611,45.3368],[-70.9531,45.3391],[-70.9516,45.3388],[-70.9503,45.3375],[-70.9509,45.3349],[-70.9489,45.3319],[-70.9495,45.3313],[-70.9452,45.3291],[-70.9452,45.3257],[-70.9436,45.3239],[-70.9406,45.3232],[-70.9389,45.32],[-70.9301,45.3188],[-70.9294,45.3166],[-70.9276,45.3159],[-70.9272,45.3149],[-70.9203,45.3134],[-70.918,45.3117],[-70.92,45.3077],[-70.9194,45.3072],[-70.9199,45.3054],[-70.9138,45.3003],[-70.9121,45.2963],[-70.9133,45.295],[-70.9139,45.2919],[-70.9148,45.2918],[-70.915,45.2906],[-70.9188,45.2872],[-70.9209,45.2809],[-70.9218,45.2805],[-70.9212,45.2789],[-70.9165,45.2773],[-70.9163,45.2761],[-70.9121,45.2719],[-70.9114,45.27],[-71.0772,45.2503],[-71.0839,45.3055],[-71.0799,45.307],[-71.0786,45.3064],[-71.075,45.3071],[-71.0706,45.3095],[-71.0686,45.3097],[-71.0687,45.3102],[-71.0652,45.3117],[-71.0659,45.312],[-71.0655,45.3125],[-71.0612,45.3129],[-71.0592,45.3138],[-71.0531,45.3114],[-71.0467,45.3131],[-71.0414,45.3131],[-71.0337,45.31],[-71.0324,45.3101],[-71.0308,45.3125],[-71.0269,45.3148],[-71.024,45.3154],[-71.0217,45.3145],[-71.0163,45.3155],[-71.016,45.3164],[-71.0084,45.3193],[-71.0082,45.3214],[-71.0039,45.3274],[-71.0019,45.3285],[-71.0066,45.3327],[-71.012,45.3338],[-71.0109,45.3348],[-71.0114,45.3379],[-71.0106,45.3382],[-71.0125,45.3413],[-71.013,45.3442],[-71.0112,45.3473],[-71.0104,45.3477],[-71.0014,45.3442],[-70.9995,45.3415]]]}},{"type":"Feature","properties":{"TOWN":"The Forks Plt"},"geometry":{"type":"Polygon","coordinates":[[[-69.824,45.2758],[-69.9911,45.2522],[-69.9977,45.2665],[-69.9964,45.2761],[-69.9938,45.2823],[-69.9921,45.2846],[-69.9942,45.2892],[-69.9915,45.2988],[-69.9898,45.3008],[-69.9855,45.303],[-69.9815,45.308],[-69.9813,45.3106],[-69.9838,45.3158],[-69.9831,45.319],[-69.9805,45.322],[-69.9724,45.3277],[-69.9685,45.3329],[-69.968,45.3371],[-69.9634,45.3384],[-69.9605,45.343],[-69.9585,45.3443],[-69.8739,45.3561],[-69.8711,45.3533],[-69.8737,45.3522],[-69.8741,45.351],[-69.8731,45.3501],[-69.8691,45.3487],[-69.8654,45.3449],[-69.861,45.3446],[-69.8557,45.3415],[-69.8551,45.3387],[-69.859,45.3328],[-69.8568,45.3296],[-69.8535,45.3274],[-69.8474,45.3251],[-69.8447,45.3223],[-69.8435,45.3182],[-69.8394,45.3158],[-69.833,45.3008],[-69.8322,45.294],[-69.8274,45.2852],[-69.824,45.2758]]]}},{"type":"Feature","properties":{"TOWN":"Bowtown Twp"},"geometry":{"type":"Polygon","coordinates":[[[-69.9696,45.3313],[-69.9734,45.3268],[-69.9805,45.322],[-69.9831,45.319],[-69.9838,45.3158],[-69.9813,45.3106],[-69.9817,45.3072],[-69.986,45.3025],[-69.9908,45.2999],[-69.9932,45.2937],[-69.9942,45.2892],[-69.9921,45.2846],[-69.9938,45.2823],[-69.9964,45.2761],[-69.9977,45.2665],[-69.9905,45.2511],[-69.9903,45.2482],[-69.9919,45.2455],[-69.9927,45.2447],[-70.0538,45.237],[-70.0805,45.3308],[-70.0759,45.3319],[-70.0713,45.3375],[-70.067,45.3393],[-70.0608,45.3403],[-70.052,45.3386],[-70.0485,45.3387],[-70.0411,45.3408],[-70.0319,45.3402],[-70.0255,45.3437],[-70.0106,45.3443],[-70.0082,45.3458],[-70.0047,45.3496],[-69.9993,45.3504],[-69.9896,45.3496],[-69.9761,45.3439],[-69.9739,45.3416],[-69.9696,45.3313]]]}},{"type":"Feature","properties":{"TOWN":"T13 R8 WELS"},"geometry":{"type":"Polygon","coordinates":[[[-68.6949,46.8384],[-68.6949,46.7504],[-68.8238,46.7507],[-68.8242,46.8385],[-68.6949,46.8384]]]}},{"type":"Feature","properties":{"TOWN":"T13 R5 WELS"},"geometry":{"type":"Polygon","coordinates":[[[-68.3005,46.7452],[-68.4401,46.7449],[-68.4415,46.8319],[-68.3002,46.8345],[-68.3005,46.7452]]]}},{"type":"Feature","properties":{"TOWN":"Portage Lake"},"geometry":{"type":"Polygon","coordinates":[[[-68.4401,46.7449],[-68.5619,46.7437],[-68.5635,46.8299],[-68.4415,46.8319],[-68.4401,46.7449]]]}},{"type":"Feature","properties":{"TOWN":"T13 R7 WELS"},"geometry":{"type":"Polygon","coordinates":[[[-68.5619,46.7437],[-68.6948,46.7436],[-68.6948,46.8283],[-68.5635,46.8299],[-68.5619,46.7437]]]}},{"type":"Feature","properties":{"TOWN":"T12 R17 WELS"},"geometry":{"type":"Polygon","coordinates":[[[-69.8484,46.7502],[-69.8491,46.6622],[-70.0043,46.6624],[-69.9972,46.6954],[-69.9427,46.7503],[-69.8484,46.7502]]]}},{"type":"Feature","properties":{"TOWN":"T12 R16 WELS"},"geometry":{"type":"Polygon","coordinates":[[[-69.7227,46.7502],[-69.722,46.6618],[-69.8491,46.6622],[-69.8484,46.7502],[-69.7227,46.7502]]]}},{"type":"Feature","properties":{"TOWN":"Long Island"},"geometry":{"type":"Polygon","coordinates":[[[-70.169,43.724],[-70.1222,43.7013],[-70.1328,43.6835],[-70.1206,43.6715],[-70.0167,43.5811],[-70.0753,43.5573],[-70.1577,43.65],[-70.1992,43.7002],[-70.1847,43.7091],[-70.169,43.724]]]}},{"type":"Feature","properties":{"TOWN":"T12 R15 WELS"},"geometry":{"type":"Polygon","coordinates":[[[-69.595,46.7503],[-69.5942,46.6624],[-69.722,46.6618],[-69.7227,46.7502],[-69.595,46.7503]]]}},{"type":"Feature","properties":{"TOWN":"T39 MD BPP"},"geometry":{"type":"Polygon","coordinates":[[[-68.2463,45.0105],[-68.3204,45.0002],[-68.3213,45.0026],[-68.346,45.0011],[-68.3759,44.9974],[-68.3892,45.0539],[-68.3969,45.0833],[-68.2705,45.1001],[-68.2463,45.0105]]]}},{"type":"Feature","properties":{"TOWN":"Robbinston"},"geometry":{"type":"Polygon","coordinates":[[[-67.0829,45.0555],[-67.1903,45.0077],[-67.2427,45.072],[-67.1227,45.1248],[-67.1126,45.1126],[-67.0946,45.0748],[-67.0829,45.0555]]]}},{"type":"Feature","properties":{"TOWN":"T37 MD BPP"},"geometry":{"type":"Polygon","coordinates":[[[-67.7545,45.0527],[-67.7343,44.9902],[-67.8609,44.973],[-67.8749,45.0229],[-67.8843,45.0645],[-67.8053,45.0762],[-67.7618,45.0836],[-67.7545,45.0527]]]}},{"type":"Feature","properties":{"TOWN":"Meddybemps"},"geometry":{"type":"Polygon","coordinates":[[[-67.3236,45.0753],[-67.2939,45.0412],[-67.3396,45.0216],[-67.3336,45.0141],[-67.3496,45.007],[-67.3672,45.0027],[-67.3776,44.9991],[-67.4107,45.0486],[-67.3236,45.0753]]]}},{"type":"Feature","properties":{"TOWN":"Cambridge"},"geometry":{"type":"Polygon","coordinates":[[[-69.3538,45.0671],[-69.3568,45.0667],[-69.3576,45.0656],[-69.3598,45.0657],[-69.3606,45.0638],[-69.3635,45.0625],[-69.3679,45.0637],[-69.3708,45.0603],[-69.3684,45.0554],[-69.3704,45.0558],[-69.3704,45.0547],[-69.3728,45.0553],[-69.3738,45.0547],[-69.3758,45.0559],[-69.3787,45.0551],[-69.3784,45.0544],[-69.3794,45.0539],[-69.382,45.055],[-69.385,45.0549],[-69.3866,45.0525],[-69.3921,45.0486],[-69.3903,45.0468],[-69.3929,45.0449],[-69.3927,45.0435],[-69.3897,45.0438],[-69.3885,45.0418],[-69.3952,45.0403],[-69.3998,45.035],[-69.3996,45.0325],[-69.4029,45.0323],[-69.4041,45.0315],[-69.4038,45.0295],[-69.4045,45.0277],[-69.407,45.0265],[-69.4089,45.0244],[-69.4114,45.0247],[-69.4126,45.0228],[-69.4157,45.0233],[-69.4247,45.0162],[-69.4274,45.0152],[-69.4278,45.0127],[-69.4318,45.0095],[-69.434,45.0063],[-69.439,45.0038],[-69.4417,45.0053],[-69.443,45.0076],[-69.4464,45.0069],[-69.4468,45.0078],[-69.4538,45.0116],[-69.4592,45.0047],[-69.4562,45.0022],[-69.4569,44.9992],[-69.4657,44.9982],[-69.4691,45.0006],[-69.4777,45.0004],[-69.4807,44.9979],[-69.4804,44.9955],[-69.4823,44.9942],[-69.4925,45.0283],[-69.5156,45.0251],[-69.5186,45.0343],[-69.4952,45.0374],[-69.4999,45.0538],[-69.3557,45.0735],[-69.3538,45.0671]]]}},{"type":"Feature","properties":{"TOWN":"T26 ED BPP"},"geometry":{"type":"Polygon","coordinates":[[[-67.6617,45.0626],[-67.6219,44.9935],[-67.6345,44.9891],[-67.7266,44.9628],[-67.7294,44.9747],[-67.7545,45.0527],[-67.6617,45.0626]]]}},{"type":"Feature","properties":{"TOWN":"Ripley"},"geometry":{"type":"Polygon","coordinates":[[[-69.3309,44.9869],[-69.4754,44.9682],[-69.4823,44.9942],[-69.4804,44.9955],[-69.4807,44.9979],[-69.4777,45.0004],[-69.4691,45.0006],[-69.4657,44.9982],[-69.4567,44.9993],[-69.4563,45.0025],[-69.4592,45.0047],[-69.4537,45.0117],[-69.4517,45.0108],[-69.4503,45.0092],[-69.4468,45.0078],[-69.4464,45.0069],[-69.443,45.0076],[-69.4417,45.0053],[-69.439,45.0038],[-69.4338,45.0064],[-69.4318,45.0095],[-69.4278,45.0127],[-69.4274,45.0152],[-69.4247,45.0162],[-69.4157,45.0233],[-69.4126,45.0228],[-69.4114,45.0247],[-69.4086,45.0246],[-69.407,45.0265],[-69.4044,45.0278],[-69.404,45.0317],[-69.3996,45.0325],[-69.3998,45.035],[-69.3952,45.0403],[-69.3885,45.0418],[-69.3897,45.0438],[-69.3927,45.0435],[-69.3929,45.0449],[-69.3903,45.0468],[-69.3921,45.0486],[-69.3866,45.0525],[-69.385,45.0549],[-69.382,45.055],[-69.3794,45.0539],[-69.3784,45.0544],[-69.3787,45.0551],[-69.3758,45.0559],[-69.3738,45.0547],[-69.3728,45.0553],[-69.3704,45.0547],[-69.3704,45.0558],[-69.3684,45.0554],[-69.3708,45.0603],[-69.3679,45.0637],[-69.3635,45.0625],[-69.3606,45.0638],[-69.3598,45.0657],[-69.3576,45.0656],[-69.3568,45.0667],[-69.3538,45.0671],[-69.3309,44.9869]]]}},{"type":"Feature","properties":{"TOWN":"Perry"},"geometry":{"type":"Polygon","coordinates":[[[-67.0501,44.9374],[-67.0523,44.9109],[-67.0762,44.9081],[-67.0825,44.9085],[-67.0889,44.9144],[-67.0943,44.9164],[-67.0989,44.9201],[-67.1046,44.9314],[-67.1051,44.9351],[-67.106,44.9366],[-67.1081,44.9371],[-67.1108,44.9363],[-67.1165,44.9378],[-67.1257,44.9378],[-67.1313,44.9422],[-67.1307,44.9455],[-67.1393,44.9556],[-67.1331,44.9572],[-67.1395,44.9558],[-67.1858,45.0097],[-67.0829,45.0555],[-67.0219,44.9544],[-67.0197,44.9524],[-67.0391,44.9479],[-67.0391,44.9497],[-67.0381,44.9506],[-67.0392,44.9564],[-67.0416,44.9604],[-67.0485,44.9636],[-67.0497,44.9638],[-67.054,44.9639],[-67.0571,44.9653],[-67.0595,44.9679],[-67.06,44.9696],[-67.0579,44.9708],[-67.0582,44.9713],[-67.0633,44.9707],[-67.0717,44.9731],[-67.0739,44.9723],[-67.0744,44.9728],[-67.0749,44.9705],[-67.0623,44.9642],[-67.0619,44.963],[-67.0583,44.9623],[-67.0572,44.9606],[-67.0559,44.9602],[-67.0556,44.9616],[-67.0533,44.961],[-67.0541,44.9637],[-67.0491,44.9636],[-67.047,44.9627],[-67.0432,44.9606],[-67.0484,44.9578],[-67.0498,44.9586],[-67.0512,44.9556],[-67.0452,44.9529],[-67.0444,44.9546],[-67.041,44.954],[-67.0402,44.955],[-67.0395,44.9538],[-67.0397,44.9518],[-67.0409,44.9514],[-67.0396,44.9504],[-67.0397,44.9478],[-67.0457,44.946],[-67.0488,44.9386],[-67.0501,44.9374]],[[-67.0419,44.9515],[-67.0417,44.9518],[-67.0426,44.952],[-67.0419,44.9515]],[[-67.0513,44.9567],[-67.0515,44.957],[-67.0517,44.9569],[-67.0513,44.9567]]]}},{"type":"Feature","properties":{"TOWN":"T35 MD BPP"},"geometry":{"type":"Polygon","coordinates":[[[-67.9819,44.9559],[-68.105,44.9391],[-68.1195,45.0001],[-68.1225,45.0001],[-68.1242,45.0058],[-68.1264,45.028],[-68.0033,45.046],[-67.9975,45.0196],[-67.9819,44.9559]]]}},{"type":"Feature","properties":{"TOWN":"Rangeley"},"geometry":{"type":"Polygon","coordinates":[[[-70.6282,44.9399],[-70.7953,44.9217],[-70.7964,44.9259],[-70.8045,44.9249],[-70.8236,45.0138],[-70.761,45.0204],[-70.6498,45.0306],[-70.6282,44.9399]]]}},{"type":"Feature","properties":{"TOWN":"Kingfield"},"geometry":{"type":"Polygon","coordinates":[[[-70.1104,44.9473],[-70.2459,44.9299],[-70.2716,45.0206],[-70.1334,45.0367],[-70.1224,45.0001],[-70.1104,44.9473]]]}},{"type":"Feature","properties":{"TOWN":"T34 MD BPP"},"geometry":{"type":"Polygon","coordinates":[[[-68.105,44.9391],[-68.2225,44.9232],[-68.2429,45.0001],[-68.2464,45.0105],[-68.1264,45.028],[-68.1242,45.0058],[-68.1225,45.0001],[-68.1195,45.0001],[-68.105,44.9391]]]}},{"type":"Feature","properties":{"TOWN":"Adamstown Twp"},"geometry":{"type":"Polygon","coordinates":[[[-70.8045,44.9249],[-70.9286,44.9102],[-70.9475,45.0016],[-70.8236,45.0138],[-70.8045,44.9249]]]}},{"type":"Feature","properties":{"TOWN":"Mount Abram Twp"},"geometry":{"type":"Polygon","coordinates":[[[-70.2515,44.9497],[-70.288,44.942],[-70.2877,44.9395],[-70.357,44.932],[-70.3554,44.9165],[-70.361,44.9156],[-70.3811,45.0001],[-70.3824,45.0001],[-70.3843,45.0078],[-70.2716,45.0206],[-70.2515,44.9497]]]}},{"type":"Feature","properties":{"TOWN":"Guilford"},"geometry":{"type":"Polygon","coordinates":[[[-69.2765,45.1776],[-69.2854,45.1787],[-69.2923,45.1771],[-69.2957,45.1755],[-69.2964,45.1729],[-69.298,45.1718],[-69.3009,45.1719],[-69.3035,45.1734],[-69.307,45.173],[-69.315,45.1752],[-69.3414,45.171],[-69.3491,45.1721],[-69.3542,45.1718],[-69.3602,45.1692],[-69.3645,45.1685],[-69.37,45.1664],[-69.373,45.1676],[-69.373,45.1646],[-69.4021,45.1609],[-69.4245,45.2432],[-69.2993,45.2606],[-69.2765,45.1776]]]}},{"type":"Feature","properties":{"TOWN":"Princeton"},"geometry":{"type":"Polygon","coordinates":[[[-67.5621,45.2501],[-67.5491,45.2443],[-67.5446,45.2437],[-67.5365,45.245],[-67.4995,45.2007],[-67.4547,45.1495],[-67.5153,45.13],[-67.574,45.1147],[-67.6082,45.1779],[-67.6276,45.2105],[-67.626,45.2119],[-67.6221,45.2122],[-67.6181,45.2155],[-67.6138,45.2167],[-67.605,45.2165],[-67.5977,45.2144],[-67.5933,45.215],[-67.5896,45.214],[-67.5876,45.2143],[-67.584,45.2216],[-67.5816,45.224],[-67.5712,45.227],[-67.5674,45.2297],[-67.5678,45.2385],[-67.5666,45.2438],[-67.5677,45.2479],[-67.5648,45.2506],[-67.5621,45.2501]]]}},{"type":"Feature","properties":{"TOWN":"Oqiton Twp"},"geometry":{"type":"Polygon","coordinates":[[[-68.0229,45.1371],[-68.1459,45.1187],[-68.1807,45.2372],[-68.1235,45.2449],[-68.055,45.2526],[-68.0313,45.171],[-68.0229,45.1371]]]}},{"type":"Feature","properties":{"TOWN":"Carrying Place Twp"},"geometry":{"type":"Polygon","coordinates":[[[-69.9666,45.157],[-70.0292,45.1475],[-70.0347,45.1732],[-70.0515,45.2373],[-69.9927,45.2447],[-70.0003,45.2378],[-70.0013,45.2353],[-69.9955,45.2254],[-69.9938,45.2178],[-69.9918,45.2133],[-69.9916,45.2104],[-69.9877,45.2037],[-69.987,45.1956],[-69.9852,45.1917],[-69.985,45.1885],[-69.985,45.1855],[-69.9873,45.1761],[-69.9869,45.1702],[-69.9834,45.1647],[-69.9814,45.1631],[-69.9735,45.1587],[-69.9666,45.157]]]}},{"type":"Feature","properties":{"TOWN":"Eustis"},"geometry":{"type":"Polygon","coordinates":[[[-70.443,45.2366],[-70.4172,45.1391],[-70.541,45.1255],[-70.5664,45.221],[-70.443,45.2366]]]}},{"type":"Feature","properties":{"TOWN":"Abbot"},"geometry":{"type":"Polygon","coordinates":[[[-69.4021,45.1609],[-69.5268,45.145],[-69.5506,45.2253],[-69.4245,45.2432],[-69.4021,45.1609]]]}},{"type":"Feature","properties":{"TOWN":"Carrying Place Town Twp"},"geometry":{"type":"Polygon","coordinates":[[[-70.0292,45.1475],[-70.1594,45.1284],[-70.1874,45.2201],[-70.0515,45.2373],[-70.0347,45.1732],[-70.0292,45.1475]]]}},{"type":"Feature","properties":{"TOWN":"Lagrange"},"geometry":{"type":"Polygon","coordinates":[[[-68.7593,45.2028],[-68.7312,45.1138],[-68.7507,45.1108],[-68.8021,45.1011],[-68.8423,45.0951],[-68.8809,45.225],[-68.7761,45.2403],[-68.7648,45.202],[-68.7593,45.2028]]]}},{"type":"Feature","properties":{"TOWN":"T3 ND BPP"},"geometry":{"type":"Polygon","coordinates":[[[-68.1459,45.1187],[-68.2705,45.1001],[-68.3037,45.2215],[-68.1807,45.2372],[-68.1459,45.1187]]]}},{"type":"Feature","properties":{"TOWN":"Passadumkeag"},"geometry":{"type":"Polygon","coordinates":[[[-68.551,45.1879],[-68.5405,45.1466],[-68.6281,45.1326],[-68.6207,45.1398],[-68.6193,45.1421],[-68.619,45.1448],[-68.6233,45.1523],[-68.6279,45.1565],[-68.6293,45.1597],[-68.6341,45.1639],[-68.6289,45.1732],[-68.6269,45.1788],[-68.6222,45.1838],[-68.6195,45.1881],[-68.6184,45.1935],[-68.6196,45.1967],[-68.6231,45.2007],[-68.6302,45.2068],[-68.639,45.2108],[-68.6453,45.2194],[-68.551,45.2354],[-68.551,45.1879]]]}},{"type":"Feature","properties":{"TOWN":"Orneville Twp"},"geometry":{"type":"Polygon","coordinates":[[[-68.8809,45.225],[-68.8566,45.1428],[-68.9735,45.1272],[-68.9755,45.1349],[-68.9857,45.1335],[-69.0078,45.2133],[-68.9135,45.2291],[-68.9111,45.2207],[-68.8809,45.225]]]}},{"type":"Feature","properties":{"TOWN":"Dead River Twp"},"geometry":{"type":"Polygon","coordinates":[[[-70.1594,45.1284],[-70.2938,45.1099],[-70.3195,45.2035],[-70.1874,45.2201],[-70.1594,45.1284]]]}},{"type":"Feature","properties":{"TOWN":"Bigelow Twp"},"geometry":{"type":"Polygon","coordinates":[[[-70.319,45.2018],[-70.3085,45.1632],[-70.3119,45.1629],[-70.3125,45.1647],[-70.3649,45.1576],[-70.3636,45.1525],[-70.4185,45.144],[-70.4257,45.1708],[-70.4213,45.1741],[-70.4218,45.1763],[-70.4163,45.1837],[-70.4125,45.1853],[-70.4065,45.1864],[-70.4063,45.1873],[-70.4084,45.1913],[-70.4059,45.1926],[-70.4054,45.1941],[-70.4006,45.1968],[-70.3968,45.2008],[-70.3939,45.2018],[-70.3944,45.2028],[-70.3939,45.2038],[-70.3872,45.2099],[-70.3832,45.211],[-70.3799,45.2104],[-70.3764,45.2054],[-70.3764,45.2035],[-70.3737,45.206],[-70.3741,45.2089],[-70.3734,45.2103],[-70.3724,45.2099],[-70.3719,45.2078],[-70.3704,45.2075],[-70.3676,45.2089],[-70.3637,45.2086],[-70.3637,45.2097],[-70.3668,45.2102],[-70.3652,45.2116],[-70.3602,45.212],[-70.3613,45.214],[-70.3558,45.213],[-70.3595,45.2155],[-70.3586,45.2161],[-70.3526,45.2145],[-70.3508,45.2125],[-70.3504,45.21],[-70.3475,45.2054],[-70.3405,45.2018],[-70.3355,45.2004],[-70.328,45.2015],[-70.319,45.2018]]]}},{"type":"Feature","properties":{"TOWN":"Matinicus Isle Plt"},"geometry":{"type":"Polygon","coordinates":[[[-68.9903,43.7869],[-69.0099,43.7984],[-69.0179,43.8079],[-69.0243,43.8199],[-69.0247,43.8342],[-69.0228,43.8425],[-68.9412,43.908],[-68.9387,43.9126],[-68.9339,43.9153],[-68.9269,43.9178],[-68.9098,43.9299],[-68.8992,43.9344],[-68.8815,43.9385],[-68.8707,43.9393],[-68.8625,43.939],[-68.8499,43.9372],[-68.8379,43.9332],[-68.8289,43.9292],[-68.8157,43.9201],[-68.8043,43.903],[-68.7762,43.8899],[-68.8177,43.8705],[-68.7489,43.8325],[-68.7723,43.8129],[-68.7853,43.8043],[-68.7818,43.7927],[-68.7812,43.7852],[-68.7822,43.7775],[-68.7861,43.7684],[-68.7978,43.7529],[-68.8054,43.746],[-68.8105,43.7427],[-68.8269,43.7357],[-68.8362,43.7336],[-68.8491,43.7324],[-68.8614,43.7325],[-68.8707,43.7336],[-68.8842,43.7369],[-68.8903,43.7394],[-68.9049,43.742],[-68.9129,43.7444],[-68.9255,43.7501],[-68.9382,43.7603],[-68.9444,43.7679],[-68.9479,43.7744],[-68.9498,43.7802],[-68.9709,43.7816],[-68.9812,43.7838],[-68.9903,43.7869]],[[-68.9498,43.7802],[-68.8513,43.7947],[-68.8663,43.844],[-68.8779,43.8438],[-68.8887,43.8415],[-68.9031,43.8403],[-68.9109,43.8377],[-68.9498,43.7802]]]}},{"type":"Feature","properties":{"TOWN":"Edinburg"},"geometry":{"type":"Polygon","coordinates":[[[-68.6279,45.1328],[-68.7312,45.1138],[-68.7593,45.2028],[-68.6453,45.2194],[-68.639,45.2108],[-68.6302,45.2068],[-68.6231,45.2007],[-68.6196,45.1967],[-68.6184,45.1935],[-68.6195,45.1881],[-68.6222,45.1838],[-68.6269,45.1788],[-68.6289,45.1732],[-68.6341,45.1639],[-68.6293,45.1597],[-68.6279,45.1565],[-68.6233,45.1523],[-68.619,45.1448],[-68.6193,45.1421],[-68.6207,45.1398],[-68.6279,45.1328]]]}},{"type":"Feature","properties":{"TOWN":"Big Lake Twp"},"geometry":{"type":"Polygon","coordinates":[[[-67.574,45.1147],[-67.5602,45.0865],[-67.6111,45.0716],[-67.6596,45.0589],[-67.6617,45.0626],[-67.6631,45.0624],[-67.6714,45.105],[-67.6778,45.1332],[-67.6918,45.1843],[-67.6622,45.1919],[-67.6565,45.1947],[-67.6461,45.2021],[-67.6294,45.2086],[-67.6276,45.2105],[-67.6082,45.1779],[-67.574,45.1147]]]}},{"type":"Feature","properties":{"TOWN":"Stetsontown Twp"},"geometry":{"type":"Polygon","coordinates":[[[-70.6683,45.1103],[-70.7972,45.0954],[-70.817,45.1903],[-70.6906,45.2052],[-70.6683,45.1103]]]}},{"type":"Feature","properties":{"TOWN":"Kingsbury Plt"},"geometry":{"type":"Polygon","coordinates":[[[-69.5469,45.2127],[-69.5192,45.1197],[-69.6548,45.1],[-69.6828,45.1949],[-69.5469,45.2127]]]}},{"type":"Feature","properties":{"TOWN":"Monson"},"geometry":{"type":"Polygon","coordinates":[[[-69.4245,45.2432],[-69.5506,45.2253],[-69.5826,45.3355],[-69.4545,45.3536],[-69.4245,45.2432]]]}},{"type":"Feature","properties":{"TOWN":"Maxfield"},"geometry":{"type":"Polygon","coordinates":[[[-68.6965,45.343],[-68.7554,45.2433],[-68.7761,45.2403],[-68.8009,45.3292],[-68.7529,45.3345],[-68.6965,45.343]]]}},{"type":"Feature","properties":{"TOWN":"T3 R1 NBPP"},"geometry":{"type":"Polygon","coordinates":[[[-68.1807,45.2372],[-68.3123,45.2204],[-68.3204,45.2501],[-68.3411,45.318],[-68.2128,45.3386],[-68.19,45.263],[-68.1877,45.2599],[-68.1807,45.2372]]]}},{"type":"Feature","properties":{"TOWN":"Pierce Pond Twp"},"geometry":{"type":"Polygon","coordinates":[[[-70.0805,45.3308],[-70.0538,45.237],[-70.1813,45.2208],[-70.206,45.3014],[-70.2033,45.3015],[-70.1996,45.3004],[-70.1938,45.3025],[-70.1866,45.3066],[-70.1768,45.3095],[-70.1717,45.3102],[-70.1696,45.3123],[-70.171,45.3133],[-70.1717,45.3154],[-70.1668,45.3217],[-70.1624,45.3249],[-70.1547,45.3287],[-70.1479,45.3302],[-70.1426,45.3303],[-70.1386,45.3316],[-70.1301,45.332],[-70.1222,45.3298],[-70.1151,45.3295],[-70.1113,45.3276],[-70.1084,45.3273],[-70.0857,45.3326],[-70.0805,45.3308]]]}},{"type":"Feature","properties":{"TOWN":"Jim Pond Twp"},"geometry":{"type":"Polygon","coordinates":[[[-70.4663,45.3258],[-70.443,45.2366],[-70.5664,45.221],[-70.5884,45.3085],[-70.4663,45.3258]]]}},{"type":"Feature","properties":{"TOWN":"Medford"},"geometry":{"type":"Polygon","coordinates":[[[-68.7761,45.2403],[-68.9111,45.2207],[-68.9381,45.3123],[-68.8775,45.3205],[-68.8009,45.3292],[-68.7761,45.2403]]]}},{"type":"Feature","properties":{"TOWN":"Indian Twp Res"},"geometry":{"type":"Polygon","coordinates":[[[-67.5115,45.2572],[-67.5266,45.251],[-67.5297,45.2462],[-67.5325,45.2448],[-67.5373,45.2449],[-67.5446,45.2437],[-67.5491,45.2443],[-67.5633,45.2508],[-67.5648,45.2506],[-67.5672,45.2489],[-67.5678,45.2473],[-67.5666,45.2438],[-67.5679,45.2366],[-67.5671,45.2301],[-67.5704,45.2273],[-67.5795,45.225],[-67.5823,45.2234],[-67.584,45.2216],[-67.5876,45.2143],[-67.5896,45.214],[-67.5933,45.215],[-67.5977,45.2144],[-67.605,45.2165],[-67.6138,45.2167],[-67.6172,45.2159],[-67.6221,45.2122],[-67.6267,45.2115],[-67.6294,45.2086],[-67.6461,45.2021],[-67.6565,45.1947],[-67.6611,45.1924],[-67.6753,45.2501],[-67.6899,45.3035],[-67.6354,45.3112],[-67.5508,45.3199],[-67.5387,45.2735],[-67.5351,45.271],[-67.5217,45.2642],[-67.5115,45.2572]]]}},{"type":"Feature","properties":{"TOWN":"Enfield"},"geometry":{"type":"Polygon","coordinates":[[[-68.5194,45.2912],[-68.5204,45.2876],[-68.5202,45.2866],[-68.5187,45.287],[-68.52,45.2863],[-68.5191,45.2841],[-68.5212,45.2807],[-68.5219,45.2761],[-68.5229,45.2762],[-68.5224,45.2738],[-68.5231,45.2737],[-68.5123,45.2419],[-68.6453,45.2194],[-68.6516,45.227],[-68.6511,45.2343],[-68.6528,45.2382],[-68.6531,45.247],[-68.6471,45.2521],[-68.6441,45.2588],[-68.6438,45.2625],[-68.6447,45.2678],[-68.6399,45.2768],[-68.6394,45.2851],[-68.6363,45.2892],[-68.6268,45.2954],[-68.6256,45.2971],[-68.6267,45.302],[-68.6298,45.3062],[-68.6307,45.3102],[-68.629,45.3119],[-68.6126,45.3198],[-68.6014,45.3282],[-68.5194,45.2912]]]}},{"type":"Feature","properties":{"TOWN":"Howland"},"geometry":{"type":"Polygon","coordinates":[[[-68.6299,45.3064],[-68.6267,45.302],[-68.6258,45.2967],[-68.6363,45.2892],[-68.6394,45.2851],[-68.6399,45.2768],[-68.6447,45.2678],[-68.6438,45.2625],[-68.6441,45.2588],[-68.6471,45.2521],[-68.6531,45.247],[-68.6528,45.2382],[-68.6511,45.2343],[-68.6516,45.227],[-68.6453,45.2194],[-68.7648,45.202],[-68.7761,45.2403],[-68.7554,45.2433],[-68.7088,45.3221],[-68.6299,45.3064]]]}},{"type":"Feature","properties":{"TOWN":"Burlington"},"geometry":{"type":"Polygon","coordinates":[[[-68.3037,45.2215],[-68.2954,45.1905],[-68.421,45.1729],[-68.4222,45.1772],[-68.4291,45.1783],[-68.4345,45.1936],[-68.4417,45.1925],[-68.444,45.2014],[-68.4349,45.2029],[-68.4653,45.2967],[-68.3411,45.318],[-68.3204,45.2501],[-68.3123,45.2204],[-68.3037,45.2215]]]}},{"type":"Feature","properties":{"TOWN":"Blanchard Twp"},"geometry":{"type":"Polygon","coordinates":[[[-69.5752,45.3096],[-69.5469,45.2127],[-69.6828,45.1949],[-69.687,45.2082],[-69.6836,45.2124],[-69.7041,45.2731],[-69.7083,45.2914],[-69.5752,45.3096]]]}},{"type":"Feature","properties":{"TOWN":"Grand Lake Stream Plt"},"geometry":{"type":"Polygon","coordinates":[[[-67.6611,45.1924],[-67.6936,45.1839],[-67.7807,45.171],[-67.8017,45.2501],[-67.803,45.2501],[-67.8118,45.2854],[-67.7494,45.294],[-67.6899,45.3035],[-67.6753,45.2501],[-67.6611,45.1924]]]}},{"type":"Feature","properties":{"TOWN":"T3 R4 BKP WKR"},"geometry":{"type":"Polygon","coordinates":[[[-70.206,45.3014],[-70.1813,45.2208],[-70.3067,45.2051],[-70.3318,45.2882],[-70.2303,45.3031],[-70.2281,45.3007],[-70.2252,45.3021],[-70.2183,45.2997],[-70.206,45.3014]]]}},{"type":"Feature","properties":{"TOWN":"Seven Ponds Twp"},"geometry":{"type":"Polygon","coordinates":[[[-70.6906,45.2052],[-70.817,45.1903],[-70.8351,45.2771],[-70.833,45.2784],[-70.7702,45.2875],[-70.7141,45.2944],[-70.6906,45.2052]]]}},{"type":"Feature","properties":{"TOWN":"Lowell"},"geometry":{"type":"Polygon","coordinates":[[[-68.421,45.1729],[-68.5428,45.1555],[-68.551,45.1879],[-68.551,45.2354],[-68.5123,45.2419],[-68.5231,45.2737],[-68.5224,45.2738],[-68.5229,45.2762],[-68.5219,45.2761],[-68.5212,45.2807],[-68.5191,45.2841],[-68.52,45.2863],[-68.519,45.2863],[-68.5187,45.287],[-68.5202,45.2866],[-68.5204,45.2876],[-68.5194,45.2912],[-68.514,45.2887],[-68.4653,45.2967],[-68.4349,45.2029],[-68.444,45.2014],[-68.4417,45.1925],[-68.4345,45.1936],[-68.4291,45.1783],[-68.4222,45.1772],[-68.421,45.1729]]]}},{"type":"Feature","properties":{"TOWN":"Flagstaff Twp"},"geometry":{"type":"Polygon","coordinates":[[[-70.3067,45.2051],[-70.3195,45.2035],[-70.319,45.2018],[-70.3362,45.2004],[-70.3468,45.2049],[-70.3504,45.21],[-70.3507,45.2122],[-70.352,45.214],[-70.3586,45.2161],[-70.3595,45.2155],[-70.3558,45.213],[-70.3613,45.214],[-70.3602,45.212],[-70.3652,45.2116],[-70.3668,45.2102],[-70.3637,45.2097],[-70.3637,45.2086],[-70.3676,45.2089],[-70.3704,45.2075],[-70.3719,45.2078],[-70.3724,45.2099],[-70.3734,45.2103],[-70.3741,45.2089],[-70.3737,45.206],[-70.3764,45.2035],[-70.3764,45.2054],[-70.379,45.2082],[-70.3794,45.21],[-70.3818,45.2109],[-70.3852,45.2107],[-70.3872,45.2099],[-70.3939,45.2038],[-70.3944,45.2028],[-70.3939,45.2018],[-70.3968,45.2008],[-70.4006,45.1968],[-70.4054,45.1941],[-70.4059,45.1926],[-70.4084,45.1913],[-70.4063,45.1873],[-70.4065,45.1864],[-70.4125,45.1853],[-70.4169,45.1832],[-70.4218,45.1763],[-70.4213,45.1741],[-70.4257,45.1708],[-70.4524,45.2716],[-70.3318,45.2882],[-70.3067,45.2051]]]}},{"type":"Feature","properties":{"TOWN":"Bald Mountain Twp T2 R3"},"geometry":{"type":"Polygon","coordinates":[[[-69.6828,45.1949],[-69.8112,45.1774],[-69.8307,45.2501],[-69.8379,45.2739],[-69.7083,45.2914],[-69.7041,45.2731],[-69.6836,45.2124],[-69.687,45.2082],[-69.6828,45.1949]]]}},{"type":"Feature","properties":{"TOWN":"T6 ND BPP"},"geometry":{"type":"Polygon","coordinates":[[[-67.7807,45.171],[-67.8565,45.16],[-67.9044,45.1545],[-67.9291,45.2693],[-67.8118,45.2854],[-67.803,45.2501],[-67.8017,45.2501],[-67.7807,45.171]]]}},{"type":"Feature","properties":{"TOWN":"Caratunk"},"geometry":{"type":"Polygon","coordinates":[[[-69.8112,45.1774],[-69.9666,45.157],[-69.9717,45.158],[-69.9828,45.164],[-69.9869,45.1702],[-69.9873,45.1761],[-69.985,45.1855],[-69.985,45.1885],[-69.9852,45.1917],[-69.987,45.1956],[-69.9877,45.2037],[-69.9916,45.2104],[-69.9918,45.2133],[-69.9938,45.2178],[-69.9955,45.2254],[-70.0001,45.2322],[-70.0012,45.2365],[-69.9909,45.2467],[-69.9902,45.249],[-69.9911,45.2522],[-69.8379,45.2739],[-69.8307,45.2501],[-69.8112,45.1774]]]}},{"type":"Feature","properties":{"TOWN":"Sakom Twp"},"geometry":{"type":"Polygon","coordinates":[[[-67.9044,45.1545],[-68.0229,45.1371],[-68.0313,45.171],[-68.055,45.2526],[-68.0346,45.256],[-67.9985,45.2598],[-67.9291,45.2693],[-67.9044,45.1545]]]}},{"type":"Feature","properties":{"TOWN":"Dover-Foxcroft"},"geometry":{"type":"Polygon","coordinates":[[[-69.1808,45.2647],[-69.1616,45.1932],[-69.1323,45.1972],[-69.1094,45.1072],[-69.232,45.0902],[-69.2562,45.1795],[-69.2765,45.1776],[-69.2993,45.2606],[-69.2472,45.2677],[-69.2376,45.2655],[-69.2289,45.267],[-69.2245,45.2668],[-69.2222,45.2694],[-69.2203,45.269],[-69.2083,45.2699],[-69.2061,45.2711],[-69.2062,45.2718],[-69.202,45.2726],[-69.1971,45.2718],[-69.1991,45.2712],[-69.2004,45.2696],[-69.2033,45.2692],[-69.2034,45.2678],[-69.2068,45.268],[-69.2074,45.2666],[-69.2065,45.2657],[-69.2071,45.2648],[-69.2021,45.2641],[-69.1999,45.2646],[-69.2014,45.2664],[-69.1979,45.2654],[-69.1912,45.265],[-69.1902,45.2637],[-69.1877,45.2638],[-69.1881,45.2647],[-69.186,45.2653],[-69.1808,45.2647]]]}},{"type":"Feature","properties":{"TOWN":"Tim Pond Twp"},"geometry":{"type":"Polygon","coordinates":[[[-70.541,45.1255],[-70.6683,45.1103],[-70.6906,45.2052],[-70.5664,45.221],[-70.541,45.1255]]]}},{"type":"Feature","properties":{"TOWN":"Calais"},"geometry":{"type":"Polygon","coordinates":[[[-67.1227,45.1248],[-67.2427,45.072],[-67.3056,45.1448],[-67.297,45.1474],[-67.2947,45.1499],[-67.2942,45.1536],[-67.3015,45.157],[-67.3027,45.1608],[-67.2993,45.1692],[-67.2915,45.171],[-67.2912,45.1746],[-67.2935,45.1759],[-67.2941,45.1772],[-67.2908,45.1817],[-67.2917,45.1839],[-67.2913,45.1857],[-67.2902,45.1862],[-67.2911,45.1876],[-67.2897,45.1888],[-67.2869,45.1893],[-67.2851,45.1913],[-67.2835,45.1918],[-67.2721,45.1912],[-67.2626,45.1881],[-67.2553,45.1829],[-67.2472,45.1811],[-67.2439,45.1782],[-67.2429,45.1726],[-67.242,45.1718],[-67.2332,45.1687],[-67.2301,45.1651],[-67.2272,45.1635],[-67.223,45.1635],[-67.2179,45.1667],[-67.2087,45.1694],[-67.2051,45.1715],[-67.2025,45.1714],[-67.1909,45.1657],[-67.168,45.1647],[-67.1589,45.162],[-67.145,45.146],[-67.1289,45.1324],[-67.1227,45.1248]]]}},{"type":"Feature","properties":{"TOWN":"T43 MD BPP"},"geometry":{"type":"Polygon","coordinates":[[[-67.7618,45.0836],[-67.8053,45.0762],[-67.8843,45.0645],[-67.8993,45.129],[-67.9044,45.1545],[-67.8565,45.16],[-67.7807,45.171],[-67.775,45.1417],[-67.7618,45.0836]]]}},{"type":"Feature","properties":{"TOWN":"Highland Plt"},"geometry":{"type":"Polygon","coordinates":[[[-70.0044,45.0537],[-70.1334,45.0367],[-70.1594,45.1284],[-70.0292,45.1475],[-70.0044,45.0537]]]}},{"type":"Feature","properties":{"TOWN":"Carrabassett Valley"},"geometry":{"type":"Polygon","coordinates":[[[-70.1334,45.0367],[-70.3843,45.0078],[-70.4059,45.0949],[-70.1594,45.1284],[-70.1334,45.0367]]]}},{"type":"Feature","properties":{"TOWN":"Argyle Twp"},"geometry":{"type":"Polygon","coordinates":[[[-68.6281,45.1326],[-68.6345,45.1266],[-68.6436,45.1201],[-68.6437,45.1185],[-68.6415,45.1127],[-68.6436,45.1066],[-68.6471,45.1048],[-68.6568,45.1043],[-68.6605,45.1023],[-68.6626,45.0994],[-68.6602,45.0897],[-68.6635,45.0821],[-68.6625,45.0751],[-68.6579,45.0674],[-68.6566,45.0634],[-68.6582,45.0542],[-68.6597,45.0501],[-68.6619,45.0472],[-68.6626,45.0421],[-68.6564,45.0316],[-68.6491,45.0217],[-68.6444,45.0173],[-68.6426,45.0141],[-68.6429,45.0041],[-68.6445,45.0037],[-68.6809,44.9992],[-68.6816,45.0006],[-68.6842,45.0014],[-68.6855,45.0069],[-68.6894,45.01],[-68.6899,45.0142],[-68.692,45.0154],[-68.6916,45.0174],[-68.6934,45.0198],[-68.6956,45.0202],[-68.6945,45.0215],[-68.6948,45.0224],[-68.6987,45.024],[-68.6996,45.0235],[-68.6987,45.022],[-68.6993,45.0215],[-68.701,45.0228],[-68.7023,45.0219],[-68.7079,45.0231],[-68.7094,45.0262],[-68.709,45.0281],[-68.7115,45.0294],[-68.7099,45.0308],[-68.7101,45.033],[-68.7144,45.033],[-68.7149,45.0348],[-68.7136,45.036],[-68.7147,45.0356],[-68.715,45.0368],[-68.7166,45.0365],[-68.716,45.0373],[-68.717,45.0382],[-68.7168,45.0394],[-68.7191,45.0414],[-68.7191,45.0429],[-68.721,45.0443],[-68.7208,45.0449],[-68.719,45.0451],[-68.7176,45.0477],[-68.718,45.0507],[-68.7198,45.0524],[-68.7153,45.0557],[-68.712,45.0569],[-68.7148,45.0642],[-68.7149,45.0682],[-68.7179,45.0688],[-68.7186,45.0697],[-68.721,45.069],[-68.722,45.0701],[-68.7215,45.0711],[-68.7223,45.0717],[-68.724,45.0711],[-68.7253,45.0693],[-68.7274,45.0701],[-68.7319,45.0759],[-68.7419,45.0847],[-68.7424,45.0867],[-68.7481,45.0881],[-68.7478,45.0899],[-68.7514,45.0888],[-68.7535,45.0898],[-68.7562,45.0892],[-68.7587,45.0899],[-68.7595,45.0909],[-68.7591,45.0927],[-68.7603,45.094],[-68.7614,45.0937],[-68.7626,45.0952],[-68.7639,45.0951],[-68.7655,45.0965],[-68.7651,45.0971],[-68.7662,45.0973],[-68.7659,45.0984],[-68.7668,45.0991],[-68.7658,45.0998],[-68.7667,45.0999],[-68.7674,45.1021],[-68.7692,45.1016],[-68.7694,45.1029],[-68.7716,45.1038],[-68.7717,45.1048],[-68.7705,45.1058],[-68.7734,45.1055],[-68.7731,45.1066],[-68.7522,45.1105],[-68.6281,45.1326]]]}},{"type":"Feature","properties":{"TOWN":"T40 MD BPP"},"geometry":{"type":"Polygon","coordinates":[[[-68.1264,45.028],[-68.2463,45.0105],[-68.2705,45.1001],[-68.1459,45.1187],[-68.1278,45.0478],[-68.1264,45.028]]]}},{"type":"Feature","properties":{"TOWN":"Alton"},"geometry":{"type":"Polygon","coordinates":[[[-68.6809,44.9992],[-68.8131,44.9815],[-68.8248,45.0293],[-68.8423,45.0951],[-68.8021,45.1011],[-68.7731,45.1066],[-68.7732,45.1053],[-68.7709,45.1061],[-68.7705,45.1056],[-68.7717,45.1048],[-68.7716,45.1038],[-68.7694,45.1029],[-68.7692,45.1016],[-68.7674,45.1021],[-68.7667,45.0999],[-68.7658,45.0998],[-68.7668,45.0991],[-68.7659,45.0984],[-68.7662,45.0973],[-68.7651,45.0971],[-68.7655,45.0965],[-68.7639,45.0951],[-68.7626,45.0952],[-68.7614,45.0937],[-68.7603,45.094],[-68.7591,45.0927],[-68.7595,45.091],[-68.7588,45.09],[-68.7562,45.0892],[-68.7535,45.0898],[-68.7514,45.0888],[-68.7478,45.0899],[-68.7481,45.0881],[-68.7424,45.0867],[-68.7419,45.0847],[-68.7319,45.0759],[-68.7274,45.0701],[-68.7253,45.0693],[-68.724,45.0711],[-68.7223,45.0717],[-68.7215,45.0711],[-68.722,45.0701],[-68.721,45.069],[-68.7186,45.0697],[-68.7179,45.0688],[-68.7149,45.0682],[-68.7148,45.0642],[-68.712,45.0569],[-68.7153,45.0557],[-68.7198,45.0524],[-68.718,45.0507],[-68.7176,45.0477],[-68.719,45.0451],[-68.7208,45.0449],[-68.721,45.0443],[-68.7191,45.0429],[-68.7191,45.0414],[-68.7168,45.0394],[-68.717,45.0382],[-68.716,45.0373],[-68.7166,45.0365],[-68.715,45.0368],[-68.7147,45.0356],[-68.7136,45.036],[-68.7149,45.0348],[-68.7144,45.033],[-68.7101,45.033],[-68.7099,45.0308],[-68.7115,45.0294],[-68.709,45.0281],[-68.7094,45.0262],[-68.7079,45.0231],[-68.7023,45.0219],[-68.701,45.0228],[-68.6993,45.0215],[-68.6987,45.022],[-68.6996,45.0235],[-68.6987,45.024],[-68.6948,45.0224],[-68.6945,45.0215],[-68.6956,45.0202],[-68.6934,45.0198],[-68.6917,45.0175],[-68.692,45.0154],[-68.6902,45.0148],[-68.6895,45.0133],[-68.6894,45.01],[-68.6861,45.0079],[-68.6844,45.0016],[-68.6816,45.0006],[-68.6809,44.9992]]]}},{"type":"Feature","properties":{"TOWN":"Grand Falls Twp"},"geometry":{"type":"Polygon","coordinates":[[[-68.2705,45.1001],[-68.3969,45.0833],[-68.421,45.1729],[-68.2954,45.1905],[-68.2705,45.1001]]]}},{"type":"Feature","properties":{"TOWN":"Franklin"},"geometry":{"type":"Polygon","coordinates":[[[-68.2547,44.5393],[-68.2687,44.5455],[-68.2786,44.5553],[-68.2863,44.5583],[-68.2888,44.56],[-68.294,44.5666],[-68.2943,44.5686],[-68.2988,44.5695],[-68.2995,44.5705],[-68.2991,44.572],[-68.3,44.5731],[-68.3095,44.5791],[-68.3089,44.5806],[-68.3097,44.582],[-68.3139,44.5828],[-68.3128,44.5847],[-68.3113,44.5853],[-68.3126,44.5863],[-68.3124,44.5881],[-68.3113,44.5888],[-68.3119,44.5891],[-68.3115,44.5906],[-68.3123,44.5908],[-68.2908,44.5938],[-68.3037,44.6371],[-68.1788,44.6544],[-68.178,44.6511],[-68.1742,44.6516],[-68.1731,44.6476],[-68.1708,44.6479],[-68.1697,44.6442],[-68.1618,44.6453],[-68.1611,44.6413],[-68.1685,44.6402],[-68.1676,44.6365],[-68.1737,44.6358],[-68.1573,44.5668],[-68.2565,44.5485],[-68.2547,44.5393]]]}},{"type":"Feature","properties":{"TOWN":"Greenlaw Chopping Twp"},"geometry":{"type":"Polygon","coordinates":[[[-67.6631,45.0624],[-67.7545,45.0527],[-67.775,45.1417],[-67.7807,45.171],[-67.7628,45.1731],[-67.6918,45.1843],[-67.6778,45.1332],[-67.6714,45.105],[-67.6631,45.0624]]]}},{"type":"Feature","properties":{"TOWN":"Sangerville"},"geometry":{"type":"Polygon","coordinates":[[[-69.232,45.0902],[-69.3557,45.0735],[-69.3811,45.1637],[-69.373,45.1646],[-69.373,45.1676],[-69.37,45.1664],[-69.3645,45.1685],[-69.3602,45.1692],[-69.3542,45.1718],[-69.3491,45.1721],[-69.3414,45.171],[-69.315,45.1752],[-69.307,45.173],[-69.3035,45.1734],[-69.3009,45.1719],[-69.298,45.1718],[-69.2964,45.1729],[-69.2952,45.1759],[-69.2862,45.1786],[-69.2751,45.1776],[-69.2562,45.1795],[-69.232,45.0902]]]}},{"type":"Feature","properties":{"TOWN":"Summit Twp"},"geometry":{"type":"Polygon","coordinates":[[[-68.3969,45.0833],[-68.5064,45.0691],[-68.5221,45.0682],[-68.5349,45.1251],[-68.5428,45.1555],[-68.421,45.1729],[-68.3969,45.0833]]]}},{"type":"Feature","properties":{"TOWN":"Parkman"},"geometry":{"type":"Polygon","coordinates":[[[-69.3557,45.0735],[-69.4999,45.0538],[-69.5268,45.145],[-69.3811,45.1637],[-69.3557,45.0735]]]}},{"type":"Feature","properties":{"TOWN":"Charleston"},"geometry":{"type":"Polygon","coordinates":[[[-68.9836,45.1259],[-68.9655,45.0635],[-68.9582,45.0338],[-69.0862,45.0174],[-69.1094,45.1072],[-69.0464,45.1161],[-68.9902,45.125],[-68.9836,45.1259]]]}},{"type":"Feature","properties":{"TOWN":"Davis Twp"},"geometry":{"type":"Polygon","coordinates":[[[-70.6498,45.0306],[-70.7798,45.0184],[-70.7972,45.0954],[-70.6683,45.1103],[-70.6498,45.0306]]]}},{"type":"Feature","properties":{"TOWN":"Wellington"},"geometry":{"type":"Polygon","coordinates":[[[-69.5192,45.1197],[-69.4952,45.0374],[-69.5186,45.0343],[-69.5156,45.0251],[-69.621,45.011],[-69.6458,45.1013],[-69.5192,45.1197]]]}},{"type":"Feature","properties":{"TOWN":"Sorrento"},"geometry":{"type":"Polygon","coordinates":[[[-68.187,44.5146],[-68.1696,44.5059],[-68.1658,44.5018],[-68.1581,44.4985],[-68.1564,44.497],[-68.1546,44.4927],[-68.1531,44.485],[-68.152,44.4826],[-68.1421,44.4766],[-68.1401,44.4731],[-68.1395,44.4684],[-68.1416,44.459],[-68.1486,44.4515],[-68.1609,44.4453],[-68.1819,44.4379],[-68.1926,44.4423],[-68.2048,44.4451],[-68.2077,44.4629],[-68.2172,44.471],[-68.22,44.4744],[-68.2205,44.4764],[-68.2193,44.4792],[-68.2128,44.4844],[-68.2132,44.4885],[-68.2126,44.4929],[-68.2111,44.4961],[-68.2079,44.4985],[-68.2074,44.4999],[-68.2079,44.5071],[-68.2068,44.515],[-68.2005,44.5151],[-68.1933,44.5141],[-68.187,44.5146]]]}},{"type":"Feature","properties":{"TOWN":"Hancock"},"geometry":{"type":"Polygon","coordinates":[[[-68.2999,44.5145],[-68.3032,44.5279],[-68.3705,44.5183],[-68.3861,44.526],[-68.3841,44.5323],[-68.396,44.579],[-68.3115,44.5906],[-68.3119,44.5891],[-68.3113,44.5887],[-68.3124,44.5881],[-68.3126,44.5863],[-68.3113,44.5853],[-68.3128,44.5847],[-68.3139,44.5827],[-68.3097,44.582],[-68.3089,44.5806],[-68.3095,44.5791],[-68.3,44.5731],[-68.2991,44.572],[-68.2995,44.5705],[-68.2988,44.5695],[-68.2943,44.5686],[-68.294,44.5666],[-68.2888,44.56],[-68.2863,44.5583],[-68.2786,44.5553],[-68.2683,44.5451],[-68.2539,44.539],[-68.238,44.5292],[-68.225,44.5247],[-68.2226,44.5212],[-68.2131,44.5192],[-68.2074,44.5165],[-68.2068,44.5144],[-68.2079,44.5071],[-68.2075,44.4993],[-68.2111,44.4961],[-68.2126,44.4929],[-68.213,44.4841],[-68.2193,44.4792],[-68.2205,44.4764],[-68.22,44.4744],[-68.2172,44.471],[-68.2077,44.4629],[-68.2048,44.4451],[-68.216,44.4433],[-68.2201,44.4436],[-68.2308,44.4464],[-68.2476,44.4526],[-68.2491,44.458],[-68.2547,44.466],[-68.2551,44.4748],[-68.2562,44.4795],[-68.2639,44.4888],[-68.2664,44.4963],[-68.2718,44.5001],[-68.2744,44.5046],[-68.2905,44.5096],[-68.2999,44.5145]]]}},{"type":"Feature","properties":{"TOWN":"Lower Cupsuptic Twp"},"geometry":{"type":"Polygon","coordinates":[[[-70.7798,45.0184],[-70.9067,45.0054],[-70.9245,45.0807],[-70.8829,45.0849],[-70.8831,45.0859],[-70.8745,45.087],[-70.7972,45.0954],[-70.7798,45.0184]]]}},{"type":"Feature","properties":{"TOWN":"Garland"},"geometry":{"type":"Polygon","coordinates":[[[-69.0862,45.0174],[-69.1564,45.008],[-69.2085,45.0044],[-69.232,45.0902],[-69.1094,45.1072],[-69.0862,45.0174]]]}},{"type":"Feature","properties":{"TOWN":"Crawford"},"geometry":{"type":"Polygon","coordinates":[[[-67.5131,45.0402],[-67.4956,45.0097],[-67.6118,44.9759],[-67.6596,45.0589],[-67.6111,45.0716],[-67.5423,45.0918],[-67.5199,45.0523],[-67.5177,45.0528],[-67.511,45.0408],[-67.5131,45.0402]]]}},{"type":"Feature","properties":{"TOWN":"Parkertown Twp"},"geometry":{"type":"Polygon","coordinates":[[[-70.9067,45.0054],[-71.0582,44.9905],[-71.0633,45.0652],[-71.0009,45.0729],[-70.9245,45.0807],[-70.9067,45.0054]]]}},{"type":"Feature","properties":{"TOWN":"Dexter"},"geometry":{"type":"Polygon","coordinates":[[[-69.2085,45.0044],[-69.3309,44.9869],[-69.3557,45.0735],[-69.232,45.0902],[-69.2085,45.0044]]]}},{"type":"Feature","properties":{"TOWN":"Blue Hill"},"geometry":{"type":"Polygon","coordinates":[[[-68.5102,44.298],[-68.6793,44.4144],[-68.685,44.4078],[-68.6916,44.4087],[-68.6939,44.4053],[-68.6967,44.4063],[-68.6304,44.5054],[-68.5878,44.4885],[-68.4806,44.443],[-68.4863,44.4274],[-68.4873,44.4186],[-68.482,44.4135],[-68.4801,44.4078],[-68.4801,44.4042],[-68.4835,44.4021],[-68.4982,44.3965],[-68.4992,44.3952],[-68.494,44.387],[-68.4867,44.3727],[-68.4833,44.3696],[-68.4711,44.362],[-68.4707,44.3563],[-68.4721,44.3449],[-68.4708,44.336],[-68.4625,44.3268],[-68.4628,44.3242],[-68.4712,44.3071],[-68.4785,44.2976],[-68.5102,44.298]]]}},{"type":"Feature","properties":{"TOWN":"Charlotte"},"geometry":{"type":"Polygon","coordinates":[[[-67.1903,45.0077],[-67.2968,44.9604],[-67.3023,44.9619],[-67.3037,44.9634],[-67.3083,44.9649],[-67.3116,44.9673],[-67.3152,44.9669],[-67.3166,44.9682],[-67.3265,44.9701],[-67.3293,44.9716],[-67.3301,44.9746],[-67.3331,44.9738],[-67.3334,44.9755],[-67.3355,44.9777],[-67.3348,44.9791],[-67.3377,44.9812],[-67.3389,44.9842],[-67.3407,44.9841],[-67.3449,44.9866],[-67.3482,44.9868],[-67.3491,44.9875],[-67.3491,44.9888],[-67.3505,44.9883],[-67.3538,44.9888],[-67.3542,44.9916],[-67.3536,44.9925],[-67.3551,44.9935],[-67.3538,44.9942],[-67.3543,44.9952],[-67.3534,44.9959],[-67.3548,44.9966],[-67.3542,44.9989],[-67.3566,45.0],[-67.3582,45.0019],[-67.3575,45.0026],[-67.3554,45.0024],[-67.3551,45.0042],[-67.3527,45.0038],[-67.3533,45.005],[-67.3509,45.006],[-67.3507,45.0067],[-67.3336,45.0141],[-67.3396,45.0216],[-67.2939,45.0412],[-67.2991,45.0473],[-67.2427,45.072],[-67.1903,45.0077]]]}},{"type":"Feature","properties":{"TOWN":"Greenfield Twp"},"geometry":{"type":"Polygon","coordinates":[[[-68.3759,44.9974],[-68.5011,44.9807],[-68.5034,44.9919],[-68.5167,45.0394],[-68.5221,45.0682],[-68.5064,45.0691],[-68.3969,45.0833],[-68.3892,45.0539],[-68.3759,44.9974]]]}},{"type":"Feature","properties":{"TOWN":"Redington Twp"},"geometry":{"type":"Polygon","coordinates":[[[-70.3987,45.0656],[-70.3824,45.0001],[-70.3811,45.0001],[-70.3734,44.9674],[-70.5037,44.9528],[-70.5215,45.0465],[-70.488,45.0508],[-70.3987,45.0656]]]}},{"type":"Feature","properties":{"TOWN":"Concord Twp"},"geometry":{"type":"Polygon","coordinates":[[[-69.9017,45.0671],[-69.8931,45.0608],[-69.889,45.055],[-69.8823,45.0487],[-69.8761,45.041],[-69.8655,45.0348],[-69.8613,45.0245],[-69.8623,45.0145],[-69.8605,45.008],[-69.8607,45.0029],[-69.8613,45.0009],[-69.876,44.9861],[-69.8761,44.9811],[-69.8744,44.9776],[-69.9794,44.9644],[-70.0044,45.0537],[-69.9017,45.0671]]]}},{"type":"Feature","properties":{"TOWN":"T36 MD BPP"},"geometry":{"type":"Polygon","coordinates":[[[-67.8609,44.973],[-67.9819,44.9559],[-67.9975,45.0196],[-68.0033,45.046],[-67.8843,45.0645],[-67.8749,45.0229],[-67.8609,44.973]]]}},{"type":"Feature","properties":{"TOWN":"Cooper"},"geometry":{"type":"Polygon","coordinates":[[[-67.3507,45.0067],[-67.3509,45.006],[-67.3533,45.005],[-67.3527,45.0038],[-67.3551,45.0042],[-67.3554,45.0024],[-67.3575,45.0026],[-67.3582,45.0019],[-67.3566,45.0],[-67.3542,44.9989],[-67.3548,44.9966],[-67.3534,44.9959],[-67.3543,44.9952],[-67.3538,44.9942],[-67.3551,44.9935],[-67.3536,44.9925],[-67.3542,44.9916],[-67.3539,44.989],[-67.3505,44.9883],[-67.3491,44.9888],[-67.3491,44.9875],[-67.3482,44.9868],[-67.3449,44.9866],[-67.3407,44.9841],[-67.3389,44.9842],[-67.3377,44.9812],[-67.3348,44.9791],[-67.3355,44.9779],[-67.3345,44.9771],[-67.4576,44.9424],[-67.5034,45.0232],[-67.4615,45.0353],[-67.4604,45.0335],[-67.4107,45.0486],[-67.3776,44.9991],[-67.3672,45.0027],[-67.3507,45.0067]]]}},{"type":"Feature","properties":{"TOWN":"Lexington Twp"},"geometry":{"type":"Polygon","coordinates":[[[-69.9794,44.9644],[-70.1104,44.9473],[-70.1224,45.0001],[-70.1334,45.0367],[-70.0044,45.0537],[-69.9794,44.9644]]]}},{"type":"Feature","properties":{"TOWN":"Dallas Plt"},"geometry":{"type":"Polygon","coordinates":[[[-70.5037,44.9528],[-70.6282,44.9399],[-70.6498,45.0306],[-70.5215,45.0465],[-70.5037,44.9528]]]}},{"type":"Feature","properties":{"TOWN":"Gouldsboro"},"geometry":{"type":"Polygon","coordinates":[[[-68.112,44.4151],[-68.1157,44.4162],[-68.1246,44.4242],[-68.1486,44.4199],[-68.1436,44.4091],[-68.1505,44.4016],[-68.156,44.3976],[-68.1632,44.3893],[-68.1653,44.3754],[-68.176,44.377],[-68.1883,44.3809],[-68.1943,44.3813],[-68.1911,44.3904],[-68.1914,44.3917],[-68.1976,44.3943],[-68.2144,44.3951],[-68.2169,44.3974],[-68.2194,44.4018],[-68.2199,44.4063],[-68.219,44.4102],[-68.2272,44.4175],[-68.226,44.4285],[-68.2172,44.4433],[-68.2032,44.445],[-68.1926,44.4423],[-68.1814,44.4379],[-68.1571,44.447],[-68.1498,44.4507],[-68.1455,44.4544],[-68.1426,44.4574],[-68.1408,44.4611],[-68.1395,44.4684],[-68.1398,44.4723],[-68.1409,44.475],[-68.1432,44.4776],[-68.1516,44.4821],[-68.1531,44.485],[-68.1538,44.4885],[-68.144,44.4883],[-68.1359,44.4863],[-68.1292,44.4876],[-68.1031,44.4899],[-68.0744,44.4942],[-68.0755,44.4983],[-68.0707,44.499],[-68.0713,44.5032],[-68.0643,44.5039],[-68.0655,44.5051],[-68.0675,44.5052],[-68.0646,44.5096],[-68.0661,44.5118],[-68.0694,44.5124],[-68.0686,44.5138],[-68.0695,44.514],[-68.0691,44.515],[-68.0677,44.5152],[-68.0676,44.5159],[-68.0658,44.5156],[-68.0653,44.5166],[-68.0631,44.516],[-68.0614,44.5181],[-68.0605,44.5182],[-68.064,44.5201],[-68.0677,44.5246],[-68.0712,44.5395],[-68.0386,44.5435],[-68.0291,44.5008],[-67.9918,44.5045],[-67.9914,44.5028],[-67.9889,44.5016],[-67.9771,44.4978],[-67.9756,44.4925],[-67.9767,44.4912],[-67.973,44.4886],[-67.9743,44.4848],[-67.9743,44.4791],[-67.9758,44.4765],[-67.9816,44.4742],[-67.9819,44.4723],[-67.9788,44.4655],[-67.9781,44.4613],[-67.9716,44.4536],[-67.97,44.4471],[-67.9703,44.4408],[-67.9675,44.4363],[-67.9636,44.4249],[-67.9545,44.4119],[-67.9499,44.4084],[-67.9421,44.4061],[-67.9374,44.3988],[-67.9252,44.3414],[-67.9334,44.3323],[-67.9424,44.3261],[-67.9608,44.3193],[-67.9656,44.306],[-67.9693,44.301],[-67.9994,44.3221],[-68.0323,44.3513],[-68.0371,44.3564],[-68.0375,44.3578],[-68.0367,44.3629],[-68.0378,44.3651],[-68.0405,44.3647],[-68.0437,44.373],[-68.0428,44.3732],[-68.0436,44.3751],[-68.0466,44.3815],[-68.0484,44.3813],[-68.0506,44.3858],[-68.0515,44.3898],[-68.0434,44.391],[-68.0526,44.4237],[-68.112,44.4151]]]}},{"type":"Feature","properties":{"TOWN":"Hudson"},"geometry":{"type":"Polygon","coordinates":[[[-68.8302,45.0504],[-68.8078,44.9612],[-68.9354,44.9439],[-68.9582,45.0338],[-68.8302,45.0504]]]}},{"type":"Feature","properties":{"TOWN":"Milford"},"geometry":{"type":"Polygon","coordinates":[[[-68.5034,44.9919],[-68.4918,44.944],[-68.6363,44.924],[-68.6395,44.9264],[-68.6411,44.9291],[-68.6397,44.9316],[-68.6361,44.9335],[-68.6363,44.9347],[-68.6425,44.9383],[-68.6485,44.9439],[-68.6491,44.9456],[-68.649,44.9465],[-68.6456,44.9485],[-68.6446,44.951],[-68.6451,44.9575],[-68.6471,44.9595],[-68.6465,44.9621],[-68.6419,44.9667],[-68.6411,44.9701],[-68.6368,44.975],[-68.6385,44.979],[-68.6395,44.9855],[-68.6443,44.9952],[-68.6426,45.0059],[-68.6425,45.0139],[-68.6444,45.0173],[-68.6481,45.0207],[-68.5167,45.0394],[-68.5034,44.9919]]]}},{"type":"Feature","properties":{"TOWN":"Corinth"},"geometry":{"type":"Polygon","coordinates":[[[-68.9354,44.9439],[-69.0624,44.927],[-69.0797,44.9905],[-69.0862,45.0174],[-68.9582,45.0338],[-68.9354,44.9439]]]}},{"type":"Feature","properties":{"TOWN":"Harmony"},"geometry":{"type":"Polygon","coordinates":[[[-69.4823,44.9942],[-69.4677,44.939],[-69.5947,44.9214],[-69.621,45.011],[-69.4925,45.0283],[-69.4823,44.9942]]]}},{"type":"Feature","properties":{"TOWN":"T19 ED BPP"},"geometry":{"type":"Polygon","coordinates":[[[-67.4956,45.0097],[-67.4482,44.9257],[-67.5648,44.8922],[-67.6118,44.9759],[-67.4956,45.0097]]]}},{"type":"Feature","properties":{"TOWN":"Lincoln Plt"},"geometry":{"type":"Polygon","coordinates":[[[-70.9286,44.9102],[-71.0494,44.896],[-71.0582,44.9905],[-70.9475,45.0016],[-70.9286,44.9102]]]}},{"type":"Feature","properties":{"TOWN":"Exeter"},"geometry":{"type":"Polygon","coordinates":[[[-69.0624,44.927],[-69.1835,44.9108],[-69.2085,45.0044],[-69.1564,45.008],[-69.0862,45.0174],[-69.0797,44.9905],[-69.0624,44.927]]]}},{"type":"Feature","properties":{"TOWN":"Great Pond"},"geometry":{"type":"Polygon","coordinates":[[[-68.2225,44.9232],[-68.3493,44.9054],[-68.3759,44.9974],[-68.346,45.0011],[-68.3213,45.0026],[-68.3204,45.0002],[-68.2464,45.0105],[-68.2429,45.0001],[-68.2225,44.9232]]]}},{"type":"Feature","properties":{"TOWN":"Athens"},"geometry":{"type":"Polygon","coordinates":[[[-69.5506,44.927],[-69.552,44.9254],[-69.551,44.9231],[-69.55,44.9232],[-69.5523,44.9223],[-69.5521,44.9205],[-69.5542,44.9193],[-69.5532,44.9168],[-69.5592,44.9186],[-69.5617,44.9188],[-69.5628,44.9178],[-69.5656,44.9193],[-69.5674,44.9191],[-69.5671,44.9181],[-69.5635,44.917],[-69.5607,44.9145],[-69.5657,44.9174],[-69.571,44.9194],[-69.5715,44.9189],[-69.5703,44.9176],[-69.5714,44.9149],[-69.5699,44.9141],[-69.5716,44.9125],[-69.5742,44.912],[-69.573,44.9106],[-69.5743,44.911],[-69.5758,44.9098],[-69.5768,44.9105],[-69.5789,44.9093],[-69.5812,44.9094],[-69.5815,44.9084],[-69.5837,44.9089],[-69.5835,44.9095],[-69.5849,44.9101],[-69.5875,44.9097],[-69.5897,44.9091],[-69.5907,44.9079],[-69.5934,44.9083],[-69.5965,44.9069],[-69.5969,44.9048],[-69.5992,44.9046],[-69.6,44.9008],[-69.603,44.8999],[-69.6031,44.8973],[-69.6039,44.8962],[-69.6054,44.8963],[-69.6055,44.8946],[-69.6078,44.8922],[-69.6077,44.8908],[-69.6051,44.8906],[-69.6038,44.8886],[-69.606,44.888],[-69.6055,44.8866],[-69.6077,44.8856],[-69.607,44.8842],[-69.6098,44.8837],[-69.6098,44.8824],[-69.6115,44.8802],[-69.615,44.8798],[-69.6256,44.9174],[-69.7201,44.905],[-69.7382,44.9726],[-69.7454,44.9945],[-69.7418,44.995],[-69.7435,45.0026],[-69.7308,45.004],[-69.7292,44.9966],[-69.621,45.011],[-69.5947,44.9214],[-69.5506,44.927]]]}},{"type":"Feature","properties":{"TOWN":"Old Town"},"geometry":{"type":"Polygon","coordinates":[[[-68.6395,44.9264],[-68.6318,44.9205],[-68.6307,44.918],[-68.6313,44.9165],[-68.6365,44.9133],[-68.6381,44.9114],[-68.6387,44.9077],[-68.6376,44.904],[-68.6568,44.9013],[-68.66,44.9124],[-68.6784,44.9098],[-68.6812,44.9048],[-68.7134,44.9119],[-68.7129,44.9129],[-68.7871,44.9013],[-68.7875,44.9007],[-68.7863,44.898],[-68.7909,44.8979],[-68.8131,44.9815],[-68.6429,45.0041],[-68.6443,44.9951],[-68.6395,44.9855],[-68.6385,44.979],[-68.6369,44.9746],[-68.6411,44.9701],[-68.6419,44.9667],[-68.6465,44.9621],[-68.6471,44.9595],[-68.6451,44.9575],[-68.6446,44.951],[-68.6456,44.9485],[-68.6492,44.946],[-68.6485,44.9439],[-68.6456,44.9419],[-68.6429,44.9386],[-68.6363,44.9347],[-68.6361,44.9335],[-68.6397,44.9316],[-68.6411,44.9291],[-68.6395,44.9264]],[[-68.6756,44.9858],[-68.6769,44.9849],[-68.677,44.9777],[-68.6863,44.9685],[-68.687,44.9654],[-68.6852,44.9633],[-68.6839,44.9589],[-68.6821,44.9565],[-68.6801,44.9561],[-68.6741,44.9595],[-68.6702,44.9593],[-68.6676,44.9579],[-68.6661,44.9549],[-68.6604,44.951],[-68.6569,44.9562],[-68.6523,44.9613],[-68.6489,44.9621],[-68.6456,44.9648],[-68.6479,44.965],[-68.6528,44.9681],[-68.6545,44.971],[-68.6611,44.9725],[-68.6651,44.9787],[-68.6718,44.9852],[-68.6756,44.9858]],[[-68.6458,44.9517],[-68.646,44.9541],[-68.6486,44.9601],[-68.6515,44.9606],[-68.6537,44.9578],[-68.656,44.9567],[-68.6587,44.9507],[-68.6586,44.9488],[-68.6555,44.9459],[-68.6541,44.9433],[-68.6522,44.942],[-68.6517,44.9422],[-68.6523,44.944],[-68.6518,44.9452],[-68.6467,44.9484],[-68.6458,44.9517]]]}},{"type":"Feature","properties":{"TOWN":"Wesley"},"geometry":{"type":"Polygon","coordinates":[[[-67.6219,44.9935],[-67.5858,44.9307],[-67.561,44.8851],[-67.6149,44.8701],[-67.6568,44.8562],[-67.6941,44.8487],[-67.7266,44.9628],[-67.6345,44.9891],[-67.6219,44.9935]]]}},{"type":"Feature","properties":{"TOWN":"T32 MD BPP"},"geometry":{"type":"Polygon","coordinates":[[[-68.3493,44.9054],[-68.478,44.8891],[-68.5011,44.9807],[-68.3759,44.9974],[-68.3493,44.9054]]]}},{"type":"Feature","properties":{"TOWN":"Day Block Twp"},"geometry":{"type":"Polygon","coordinates":[[[-67.7294,44.9747],[-67.7096,44.9025],[-67.8357,44.8839],[-67.8609,44.973],[-67.7343,44.9902],[-67.7294,44.9747]]]}},{"type":"Feature","properties":{"TOWN":"Dennysville"},"geometry":{"type":"Polygon","coordinates":[[[-67.2236,44.9315],[-67.217,44.9259],[-67.2154,44.9221],[-67.1958,44.9103],[-67.2045,44.9087],[-67.2078,44.9101],[-67.2095,44.91],[-67.2133,44.9084],[-67.2139,44.906],[-67.2156,44.9053],[-67.2212,44.9064],[-67.227,44.9061],[-67.2278,44.904],[-67.2264,44.8932],[-67.2277,44.8928],[-67.2297,44.8907],[-67.2338,44.8932],[-67.2376,44.8938],[-67.2387,44.8964],[-67.2428,44.9006],[-67.2461,44.9002],[-67.2526,44.9028],[-67.2562,44.9014],[-67.2575,44.9001],[-67.2596,44.9007],[-67.2638,44.8994],[-67.2705,44.9023],[-67.2707,44.9079],[-67.2697,44.9089],[-67.2698,44.9103],[-67.2678,44.9116],[-67.2693,44.9153],[-67.2674,44.9171],[-67.2689,44.9181],[-67.2709,44.9167],[-67.2791,44.9177],[-67.2822,44.9185],[-67.2818,44.9198],[-67.2833,44.9185],[-67.2845,44.9207],[-67.284,44.9214],[-67.2866,44.9226],[-67.2877,44.9214],[-67.2883,44.9222],[-67.2895,44.9222],[-67.2898,44.9244],[-67.2914,44.9258],[-67.2917,44.9278],[-67.2956,44.9297],[-67.2956,44.9314],[-67.2937,44.9312],[-67.2936,44.9322],[-67.2972,44.9342],[-67.2991,44.934],[-67.2995,44.9377],[-67.3026,44.9392],[-67.3016,44.9399],[-67.3016,44.9414],[-67.2997,44.9415],[-67.2999,44.9428],[-67.2988,44.944],[-67.2945,44.9438],[-67.2939,44.9434],[-67.2945,44.9422],[-67.2924,44.9412],[-67.2925,44.9429],[-67.2904,44.9434],[-67.2898,44.946],[-67.2918,44.9466],[-67.2934,44.9492],[-67.2897,44.9502],[-67.2872,44.9519],[-67.2904,44.954],[-67.2923,44.958],[-67.2945,44.958],[-67.2968,44.9604],[-67.2559,44.9784],[-67.221,44.9391],[-67.2236,44.9315]]]}},{"type":"Feature","properties":{"TOWN":"Pleasant Point"},"geometry":{"type":"MultiPolygon","coordinates":[[[[-67.0416,44.9517],[-67.0425,44.9518],[-67.0426,44.952],[-67.0416,44.9517]]],[[[-67.0517,44.9569],[-67.0514,44.957],[-67.0513,44.9567],[-67.0517,44.9569]]],[[[-67.0722,44.9731],[-67.0633,44.9707],[-67.0582,44.9713],[-67.0579,44.9708],[-67.06,44.9696],[-67.0595,44.9679],[-67.0571,44.9653],[-67.054,44.9639],[-67.0497,44.9638],[-67.0485,44.9636],[-67.0416,44.9604],[-67.0392,44.9564],[-67.0381,44.9506],[-67.0391,44.9497],[-67.0391,44.9479],[-67.0397,44.9478],[-67.0396,44.9504],[-67.0409,44.9513],[-67.0395,44.9521],[-67.0401,44.955],[-67.041,44.954],[-67.0446,44.9545],[-67.0452,44.9529],[-67.0512,44.9556],[-67.0498,44.9586],[-67.0484,44.9578],[-67.0432,44.9606],[-67.0486,44.9634],[-67.0541,44.9637],[-67.0533,44.961],[-67.0556,44.9616],[-67.0559,44.9602],[-67.058,44.961],[-67.0583,44.9623],[-67.0619,44.963],[-67.0623,44.9642],[-67.075,44.9708],[-67.0744,44.9728],[-67.0739,44.9723],[-67.0722,44.9731]]]]}},{"type":"Feature","properties":{"TOWN":"New Portland"},"geometry":{"type":"Polygon","coordinates":[[[-69.9873,44.8802],[-69.9947,44.8792],[-69.9929,44.8696],[-70.1299,44.8508],[-70.1416,44.8958],[-70.1426,44.8971],[-70.1491,44.8961],[-70.1526,44.9103],[-70.1448,44.9115],[-70.1521,44.9419],[-70.0135,44.9598],[-70.0003,44.8976],[-69.9973,44.8969],[-69.9938,44.8937],[-69.991,44.8898],[-69.9922,44.8876],[-69.9897,44.8858],[-69.9895,44.883],[-69.9873,44.8802]]]}},{"type":"Feature","properties":{"TOWN":"Sandy River Plt"},"geometry":{"type":"Polygon","coordinates":[[[-70.4874,44.87],[-70.6088,44.8573],[-70.6282,44.9399],[-70.5037,44.9528],[-70.4874,44.87]]]}},{"type":"Feature","properties":{"TOWN":"Eastport"},"geometry":{"type":"Polygon","coordinates":[[[-66.9986,44.8742],[-66.9981,44.8873],[-67.0052,44.8877],[-67.0136,44.8909],[-67.0204,44.8942],[-67.0297,44.9037],[-67.0434,44.9094],[-67.0523,44.9109],[-67.0501,44.9374],[-67.0488,44.9386],[-67.0452,44.9464],[-67.0197,44.9524],[-67.0099,44.9447],[-66.997,44.9286],[-66.9688,44.9104],[-66.9724,44.8949],[-66.9801,44.8775],[-66.9808,44.8739],[-66.9986,44.8742]]]}},{"type":"Feature","properties":{"TOWN":"Pembroke"},"geometry":{"type":"Polygon","coordinates":[[[-67.2236,44.9315],[-67.221,44.9391],[-67.2559,44.9784],[-67.1858,45.0097],[-67.1395,44.9558],[-67.1367,44.9568],[-67.1331,44.9572],[-67.1393,44.9556],[-67.1307,44.9455],[-67.1313,44.9422],[-67.1257,44.9378],[-67.1165,44.9378],[-67.1108,44.9363],[-67.1081,44.9371],[-67.106,44.9366],[-67.1051,44.9351],[-67.1046,44.9314],[-67.0989,44.9201],[-67.0943,44.9164],[-67.0889,44.9144],[-67.0823,44.9084],[-67.0851,44.9084],[-67.0921,44.9058],[-67.099,44.9019],[-67.1114,44.8905],[-67.1197,44.8898],[-67.1236,44.8886],[-67.1257,44.8847],[-67.1288,44.8827],[-67.1286,44.8807],[-67.1295,44.8797],[-67.1339,44.8801],[-67.1465,44.8784],[-67.1743,44.9016],[-67.1972,44.9109],[-67.2015,44.9142],[-67.2154,44.9221],[-67.217,44.9259],[-67.2236,44.9315]]]}},{"type":"Feature","properties":{"TOWN":"Hartland"},"geometry":{"type":"Polygon","coordinates":[[[-69.4402,44.8789],[-69.4492,44.8778],[-69.4392,44.8459],[-69.4702,44.8415],[-69.4711,44.8437],[-69.4746,44.8422],[-69.4742,44.8409],[-69.4846,44.8394],[-69.479,44.8183],[-69.5217,44.8121],[-69.525,44.8243],[-69.5224,44.8235],[-69.5224,44.8258],[-69.5324,44.8592],[-69.6075,44.8529],[-69.615,44.8798],[-69.6113,44.8803],[-69.6098,44.8824],[-69.6101,44.8834],[-69.607,44.8842],[-69.6076,44.8857],[-69.6055,44.8866],[-69.6059,44.888],[-69.6038,44.8886],[-69.6051,44.8906],[-69.6077,44.8908],[-69.6079,44.8921],[-69.6055,44.8946],[-69.6054,44.8963],[-69.6039,44.8962],[-69.6031,44.8973],[-69.603,44.8999],[-69.6,44.9008],[-69.5992,44.9046],[-69.597,44.9047],[-69.5969,44.9064],[-69.5953,44.9078],[-69.5907,44.9079],[-69.5897,44.9091],[-69.5875,44.9097],[-69.5849,44.9101],[-69.5835,44.9095],[-69.5837,44.9089],[-69.5815,44.9084],[-69.5812,44.9094],[-69.5789,44.9093],[-69.5768,44.9105],[-69.5758,44.9098],[-69.5743,44.911],[-69.5736,44.9107],[-69.573,44.9106],[-69.5742,44.912],[-69.5716,44.9125],[-69.5699,44.9141],[-69.5714,44.9149],[-69.5703,44.9176],[-69.5715,44.9189],[-69.571,44.9194],[-69.5658,44.9175],[-69.5607,44.9145],[-69.5635,44.917],[-69.5671,44.9181],[-69.5674,44.9191],[-69.5656,44.9193],[-69.5628,44.9178],[-69.5617,44.9188],[-69.5592,44.9186],[-69.5532,44.9168],[-69.5542,44.9193],[-69.5521,44.9205],[-69.5523,44.9223],[-69.55,44.9232],[-69.551,44.9231],[-69.552,44.9254],[-69.5506,44.927],[-69.4681,44.939],[-69.4683,44.9361],[-69.4695,44.9351],[-69.468,44.9321],[-69.4695,44.9303],[-69.471,44.9301],[-69.4703,44.9271],[-69.4718,44.9236],[-69.4728,44.9171],[-69.4718,44.9156],[-69.4708,44.9092],[-69.4715,44.9075],[-69.4711,44.9011],[-69.4692,44.8979],[-69.4652,44.896],[-69.4628,44.8926],[-69.4629,44.8907],[-69.4446,44.8931],[-69.4402,44.8789]]]}},{"type":"Feature","properties":{"TOWN":"Berry Twp"},"geometry":{"type":"Polygon","coordinates":[[[-67.4482,44.9257],[-67.4035,44.8436],[-67.5181,44.8094],[-67.5429,44.8511],[-67.5648,44.8922],[-67.4482,44.9257]]]}},{"type":"Feature","properties":{"TOWN":"Lubec"},"geometry":{"type":"Polygon","coordinates":[[[-67.0734,44.7703],[-67.0695,44.7757],[-67.0688,44.7797],[-67.0941,44.8228],[-67.1143,44.8593],[-67.1159,44.8637],[-67.1111,44.8751],[-67.1103,44.8796],[-67.1107,44.8809],[-67.1133,44.8825],[-67.1162,44.8868],[-67.1119,44.8886],[-67.1074,44.8948],[-67.1027,44.898],[-67.099,44.9019],[-67.0929,44.9055],[-67.0845,44.9085],[-67.0762,44.9081],[-67.0523,44.9109],[-67.0453,44.91],[-67.0293,44.9035],[-67.0195,44.8937],[-67.0062,44.8879],[-66.9981,44.8873],[-66.9986,44.8742],[-66.9808,44.8739],[-66.9822,44.8672],[-66.9807,44.8606],[-66.9747,44.8509],[-66.9748,44.8415],[-66.9653,44.8289],[-66.9326,44.8255],[-66.8854,44.7942],[-66.9022,44.7764],[-66.9107,44.7748],[-66.919,44.7712],[-66.9303,44.7679],[-66.9418,44.7656],[-66.9488,44.7625],[-66.9523,44.7604],[-66.9637,44.7501],[-66.9775,44.7312],[-66.9953,44.7231],[-67.0108,44.7173],[-67.0516,44.7565],[-67.0537,44.7621],[-67.0559,44.7646],[-67.0636,44.7685],[-67.0674,44.7693],[-67.0695,44.7678],[-67.0712,44.7697],[-67.0734,44.7703]]]}},{"type":"Feature","properties":{"TOWN":"Wyman Twp"},"geometry":{"type":"Polygon","coordinates":[[[-70.3085,45.1632],[-70.2938,45.1099],[-70.4059,45.0949],[-70.4185,45.144],[-70.3636,45.1525],[-70.3649,45.1576],[-70.3125,45.1647],[-70.3119,45.1629],[-70.3085,45.1632]]]}},{"type":"Feature","properties":{"TOWN":"Pleasant Ridge Plt"},"geometry":{"type":"Polygon","coordinates":[[[-70.0044,45.0537],[-70.0292,45.1475],[-69.9666,45.157],[-69.9566,45.1541],[-69.9531,45.152],[-69.9512,45.149],[-69.9526,45.1423],[-69.9544,45.1382],[-69.9518,45.1303],[-69.9536,45.1164],[-69.9505,45.1029],[-69.9487,45.099],[-69.9448,45.0938],[-69.941,45.091],[-69.9307,45.0866],[-69.9175,45.0774],[-69.9075,45.0736],[-69.9065,45.0726],[-69.9065,45.0703],[-69.9017,45.0671],[-70.0044,45.0537]]]}},{"type":"Feature","properties":{"TOWN":"T42 MD BPP"},"geometry":{"type":"Polygon","coordinates":[[[-67.8843,45.0645],[-68.0033,45.046],[-68.0229,45.1371],[-67.9044,45.1545],[-67.8993,45.129],[-67.8843,45.0645]]]}},{"type":"Feature","properties":{"TOWN":"Coplin Plt"},"geometry":{"type":"Polygon","coordinates":[[[-70.4172,45.1391],[-70.3987,45.0656],[-70.488,45.0508],[-70.5215,45.0465],[-70.541,45.1255],[-70.4172,45.1391]]]}},{"type":"Feature","properties":{"TOWN":"Greenbush"},"geometry":{"type":"Polygon","coordinates":[[[-68.5221,45.0682],[-68.5167,45.0394],[-68.6481,45.0207],[-68.6564,45.0316],[-68.6626,45.0421],[-68.6619,45.0472],[-68.6597,45.0501],[-68.6582,45.0542],[-68.6566,45.0634],[-68.6579,45.0674],[-68.6625,45.0751],[-68.6635,45.0821],[-68.6602,45.0897],[-68.6626,45.0994],[-68.6605,45.1023],[-68.6568,45.1043],[-68.6471,45.1048],[-68.6436,45.1066],[-68.6415,45.1127],[-68.6437,45.1185],[-68.6436,45.1201],[-68.6345,45.1266],[-68.6281,45.1326],[-68.5405,45.1466],[-68.5349,45.1251],[-68.5221,45.0682]]]}},{"type":"Feature","properties":{"TOWN":"Bradford"},"geometry":{"type":"Polygon","coordinates":[[[-68.9582,45.0338],[-68.9655,45.0635],[-68.9836,45.1259],[-68.8566,45.1428],[-68.8437,45.0999],[-68.8302,45.0504],[-68.9582,45.0338]]]}},{"type":"Feature","properties":{"TOWN":"T41 MD BPP"},"geometry":{"type":"Polygon","coordinates":[[[-68.0229,45.1371],[-68.0033,45.046],[-68.1264,45.028],[-68.1278,45.0478],[-68.1459,45.1187],[-68.0229,45.1371]]]}},{"type":"Feature","properties":{"TOWN":"Lang Twp"},"geometry":{"type":"Polygon","coordinates":[[[-70.5215,45.0465],[-70.6498,45.0306],[-70.6683,45.1103],[-70.541,45.1255],[-70.5215,45.0465]]]}},{"type":"Feature","properties":{"TOWN":"Amherst"},"geometry":{"type":"Polygon","coordinates":[[[-68.3262,44.817],[-68.4549,44.8016],[-68.478,44.8891],[-68.3493,44.9054],[-68.3262,44.817]]]}},{"type":"Feature","properties":{"TOWN":"Washington County Island"},"geometry":{"type":"MultiPolygon","coordinates":[[[[-67.1433,44.8149],[-67.1434,44.8145],[-67.1436,44.8144],[-67.1433,44.8149]]],[[[-67.1427,44.8169],[-67.1427,44.8175],[-67.142,44.8179],[-67.1427,44.8169]]],[[[-67.1445,44.8194],[-67.1433,44.8214],[-67.1426,44.8208],[-67.1436,44.8194],[-67.1431,44.8191],[-67.1445,44.8194]]],[[[-67.1297,44.8215],[-67.1307,44.8218],[-67.1309,44.8223],[-67.1297,44.8215]]],[[[-67.1547,44.8225],[-67.1552,44.8229],[-67.1549,44.823],[-67.1547,44.8225]]],[[[-67.1437,44.8235],[-67.1444,44.8236],[-67.1444,44.824],[-67.1437,44.8235]]],[[[-67.1504,44.8246],[-67.15,44.8244],[-67.15,44.8243],[-67.1504,44.8246]]],[[[-67.1518,44.8357],[-67.1521,44.8351],[-67.1528,44.8352],[-67.1526,44.8355],[-67.1518,44.8357]]],[[[-67.148,44.8371],[-67.1485,44.8369],[-67.1482,44.8374],[-67.148,44.8371]]],[[[-67.157,44.8382],[-67.1568,44.8383],[-67.1568,44.8381],[-67.157,44.8382]]],[[[-67.1224,44.8406],[-67.1225,44.8407],[-67.1224,44.8407],[-67.1224,44.8406]]],[[[-67.1481,44.841],[-67.1484,44.8411],[-67.1484,44.8412],[-67.1481,44.841]]],[[[-67.1481,44.8418],[-67.1484,44.8419],[-67.1483,44.842],[-67.1481,44.8418]]],[[[-67.1516,44.842],[-67.1521,44.8424],[-67.1519,44.8425],[-67.1516,44.842]]],[[[-67.1498,44.843],[-67.1493,44.8434],[-67.1495,44.843],[-67.1498,44.843]]],[[[-67.1385,44.8447],[-67.1388,44.8442],[-67.1386,44.8447],[-67.1385,44.8447]]],[[[-67.141,44.8476],[-67.1414,44.8482],[-67.1406,44.8481],[-67.141,44.8476]]],[[[-67.1488,44.8505],[-67.1479,44.85],[-67.1474,44.8497],[-67.1488,44.8505]]],[[[-67.1451,44.8526],[-67.1453,44.8528],[-67.1453,44.8528],[-67.1451,44.8526]]],[[[-67.1458,44.853],[-67.146,44.8528],[-67.146,44.8531],[-67.1458,44.853]]],[[[-67.1213,44.8658],[-67.1213,44.8659],[-67.1212,44.8658],[-67.1213,44.8658]]],[[[-67.1348,44.8683],[-67.1346,44.8684],[-67.1346,44.8683],[-67.1348,44.8683]]],[[[-67.1511,44.869],[-67.1504,44.8693],[-67.1502,44.8686],[-67.1505,44.8685],[-67.1511,44.869]]],[[[-67.1547,44.87],[-67.1547,44.8699],[-67.1548,44.87],[-67.1547,44.87]]],[[[-67.1551,44.8702],[-67.155,44.8701],[-67.1551,44.8702],[-67.1551,44.8702]]],[[[-67.154,44.8707],[-67.154,44.8707],[-67.154,44.8707],[-67.154,44.8707]]],[[[-67.1504,44.8716],[-67.1492,44.8702],[-67.151,44.8714],[-67.1504,44.8716]]],[[[-67.1541,44.8716],[-67.1547,44.8706],[-67.156,44.8709],[-67.1558,44.872],[-67.1541,44.8716]]],[[[-67.1512,44.8724],[-67.1532,44.873],[-67.1518,44.8729],[-67.1527,44.8738],[-67.1516,44.874],[-67.1512,44.8724]]],[[[-67.1391,44.8759],[-67.138,44.873],[-67.1406,44.8749],[-67.1412,44.8766],[-67.1391,44.8759]]],[[[-67.1628,44.8807],[-67.1627,44.8806],[-67.1628,44.8806],[-67.1628,44.8807]]],[[[-67.1668,44.8813],[-67.1661,44.8816],[-67.1645,44.8801],[-67.1658,44.8803],[-67.1668,44.8813]]],[[[-67.1636,44.8855],[-67.1624,44.8856],[-67.1584,44.8823],[-67.1594,44.8816],[-67.1588,44.8807],[-67.1598,44.8806],[-67.16,44.8797],[-67.1592,44.8786],[-67.1559,44.8784],[-67.1565,44.8771],[-67.1582,44.8765],[-67.1601,44.8782],[-67.1616,44.8778],[-67.1635,44.8789],[-67.1635,44.8798],[-67.1625,44.8797],[-67.1626,44.8811],[-67.1632,44.8815],[-67.1622,44.8822],[-67.1626,44.8828],[-67.1613,44.8834],[-67.1636,44.8855]]],[[[-67.1711,44.8812],[-67.1708,44.8812],[-67.1708,44.8811],[-67.1711,44.8812]]],[[[-67.1775,44.8898],[-67.1746,44.8908],[-67.1734,44.8889],[-67.1746,44.8883],[-67.1775,44.8898]]],[[[-67.188,44.8909],[-67.1874,44.8903],[-67.1882,44.8908],[-67.188,44.8909]]],[[[-67.1914,44.8914],[-67.1918,44.891],[-67.1918,44.8911],[-67.1914,44.8914]]],[[[-67.1674,44.8917],[-67.1672,44.8916],[-67.1675,44.8917],[-67.1674,44.8917]]],[[[-67.1677,44.8916],[-67.1685,44.8915],[-67.1686,44.892],[-67.1681,44.892],[-67.1677,44.8916]]],[[[-67.1182,44.7084],[-67.1183,44.7082],[-67.1184,44.7082],[-67.1182,44.7084]]],[[[-67.1114,44.7114],[-67.1113,44.7114],[-67.1114,44.7113],[-67.1114,44.7114]]],[[[-67.1083,44.7151],[-67.1084,44.7152],[-67.1083,44.7151],[-67.1083,44.7151]]],[[[-67.1076,44.7167],[-67.1076,44.7166],[-67.1076,44.7166],[-67.1076,44.7167]]],[[[-67.1072,44.7166],[-67.107,44.7167],[-67.107,44.7166],[-67.1072,44.7166]]],[[[-67.1039,44.718],[-67.1039,44.7181],[-67.1039,44.718],[-67.1039,44.718]]],[[[-67.1034,44.7195],[-67.1035,44.7194],[-67.1034,44.7195],[-67.1034,44.7195]]],[[[-67.1033,44.7197],[-67.1034,44.7197],[-67.1035,44.7197],[-67.1033,44.7197]]],[[[-67.1033,44.7206],[-67.1032,44.7208],[-67.1032,44.7207],[-67.1033,44.7206]]],[[[-67.1045,44.7219],[-67.1045,44.722],[-67.1044,44.7219],[-67.1045,44.7219]]],[[[-67.1038,44.7221],[-67.1039,44.722],[-67.104,44.722],[-67.1038,44.7221]]],[[[-67.1028,44.726],[-67.1029,44.726],[-67.1028,44.726],[-67.1028,44.726]]],[[[-67.103,44.7261],[-67.103,44.7261],[-67.103,44.7261],[-67.103,44.7261]]],[[[-67.1028,44.7261],[-67.1029,44.7262],[-67.1028,44.7262],[-67.1028,44.7261]]],[[[-67.1127,44.7373],[-67.1126,44.7373],[-67.1127,44.7373],[-67.1127,44.7373]]],[[[-67.1109,44.7374],[-67.1109,44.7373],[-67.111,44.7373],[-67.1109,44.7374]]],[[[-67.1152,44.7374],[-67.115,44.7374],[-67.1152,44.7374],[-67.1152,44.7374]]],[[[-67.1142,44.7374],[-67.1143,44.7374],[-67.1142,44.7374],[-67.1142,44.7374]]],[[[-67.1108,44.7375],[-67.1111,44.7374],[-67.1111,44.7374],[-67.1108,44.7375]]],[[[-67.1127,44.7374],[-67.1121,44.7376],[-67.1119,44.7374],[-67.1127,44.7374]]],[[[-67.1158,44.738],[-67.1157,44.738],[-67.1158,44.738],[-67.1158,44.738]]],[[[-67.1137,44.7388],[-67.1131,44.7389],[-67.1129,44.7388],[-67.1137,44.7388]]],[[[-67.1127,44.739],[-67.1128,44.7392],[-67.1124,44.7394],[-67.1127,44.739]]],[[[-67.1034,44.74],[-67.1033,44.7401],[-67.1032,44.74],[-67.1034,44.74]]],[[[-67.1212,44.7403],[-67.1213,44.7401],[-67.1214,44.7402],[-67.1212,44.7403]]],[[[-67.1139,44.8467],[-67.1133,44.8471],[-67.1131,44.8467],[-67.1139,44.8467]]],[[[-67.1146,44.8462],[-67.1156,44.8475],[-67.1145,44.8466],[-67.1146,44.8462]]],[[[-67.1139,44.8477],[-67.1143,44.8475],[-67.1145,44.8481],[-67.1139,44.8477]]],[[[-67.1088,44.8481],[-67.1095,44.8481],[-67.1095,44.8492],[-67.109,44.8489],[-67.1088,44.8481]]],[[[-67.1118,44.8496],[-67.1129,44.8506],[-67.1097,44.8494],[-67.1118,44.8496]]],[[[-67.113,44.8513],[-67.1139,44.8514],[-67.1143,44.8527],[-67.1138,44.8529],[-67.113,44.8513]]],[[[-67.1167,44.8535],[-67.1168,44.8534],[-67.1168,44.8535],[-67.1167,44.8535]]],[[[-67.1194,44.8557],[-67.1194,44.8557],[-67.1193,44.8557],[-67.1194,44.8557]]],[[[-67.1181,44.856],[-67.118,44.8559],[-67.1181,44.8559],[-67.1181,44.856]]],[[[-67.121,44.8587],[-67.1198,44.8558],[-67.1209,44.8565],[-67.121,44.8587]]],[[[-67.1195,44.8583],[-67.1186,44.8585],[-67.1191,44.8571],[-67.1194,44.8573],[-67.1195,44.8583]]],[[[-67.1152,44.8702],[-67.1152,44.8703],[-67.1151,44.8703],[-67.1152,44.8702]]],[[[-67.1248,44.8845],[-67.1218,44.8821],[-67.1227,44.884],[-67.1226,44.8848],[-67.1224,44.885],[-67.1208,44.8837],[-67.1224,44.8873],[-67.1203,44.8859],[-67.1183,44.8859],[-67.1171,44.8846],[-67.1179,44.8833],[-67.1157,44.8815],[-67.1172,44.8807],[-67.1152,44.8802],[-67.1134,44.8766],[-67.1177,44.8769],[-67.1206,44.8786],[-67.1216,44.8783],[-67.1223,44.8788],[-67.1218,44.8796],[-67.1232,44.8803],[-67.1242,44.8797],[-67.127,44.8818],[-67.1258,44.8816],[-67.1264,44.8827],[-67.1248,44.8845]]],[[[-67.1171,44.8837],[-67.117,44.884],[-67.1168,44.8839],[-67.1171,44.8837]]],[[[-67.1028,44.7206],[-67.1027,44.7205],[-67.1029,44.7205],[-67.1028,44.7206]]],[[[-67.1026,44.7255],[-67.1027,44.7256],[-67.1026,44.7256],[-67.1026,44.7255]]],[[[-67.1025,44.7258],[-67.1024,44.7258],[-67.1024,44.7258],[-67.1025,44.7258]]],[[[-67.1026,44.7263],[-67.1024,44.7262],[-67.1027,44.7262],[-67.1026,44.7263]]],[[[-67.1021,44.7275],[-67.1021,44.7274],[-67.1022,44.7274],[-67.1021,44.7275]]],[[[-67.1016,44.7277],[-67.1015,44.7275],[-67.1017,44.7275],[-67.1016,44.7277]]],[[[-67.1021,44.7278],[-67.1016,44.7278],[-67.1021,44.7277],[-67.1021,44.7278]]],[[[-67.1012,44.7286],[-67.1011,44.7286],[-67.101,44.7285],[-67.1012,44.7286]]],[[[-67.0982,44.7287],[-67.0981,44.7289],[-67.098,44.7288],[-67.0982,44.7287]]],[[[-67.0973,44.7289],[-67.0976,44.7289],[-67.0977,44.729],[-67.0973,44.7289]]],[[[-67.0994,44.729],[-67.0992,44.729],[-67.0994,44.7289],[-67.0994,44.729]]],[[[-67.0989,44.729],[-67.0991,44.7293],[-67.0987,44.7291],[-67.0989,44.729]]],[[[-67.0999,44.7293],[-67.0998,44.7292],[-67.0999,44.7293],[-67.0999,44.7293]]],[[[-67.0983,44.7299],[-67.0987,44.73],[-67.0982,44.73],[-67.0983,44.7299]]],[[[-67.0978,44.7299],[-67.0976,44.7302],[-67.0976,44.73],[-67.0978,44.7299]]],[[[-67.0968,44.7309],[-67.0969,44.7311],[-67.0968,44.7312],[-67.0968,44.7309]]],[[[-67.0976,44.732],[-67.0975,44.732],[-67.0975,44.732],[-67.0976,44.732]]],[[[-67.0861,44.7374],[-67.0859,44.7373],[-67.0861,44.7373],[-67.0861,44.7374]]],[[[-67.0864,44.7374],[-67.0863,44.7375],[-67.0863,44.7374],[-67.0864,44.7374]]],[[[-67.0859,44.7375],[-67.086,44.7376],[-67.0859,44.7376],[-67.0859,44.7375]]],[[[-67.0871,44.7375],[-67.0871,44.7376],[-67.087,44.7376],[-67.0871,44.7375]]],[[[-67.0867,44.7376],[-67.0864,44.7376],[-67.0865,44.7375],[-67.0867,44.7376]]],[[[-67.0863,44.7386],[-67.0863,44.7386],[-67.0863,44.7387],[-67.0863,44.7386]]],[[[-67.086,44.7389],[-67.0858,44.7386],[-67.0861,44.7389],[-67.086,44.7389]]],[[[-67.0865,44.7391],[-67.0865,44.7392],[-67.0865,44.7392],[-67.0865,44.7391]]],[[[-67.0858,44.7397],[-67.0864,44.7392],[-67.0867,44.7392],[-67.0871,44.7398],[-67.0858,44.7397]]],[[[-67.084,44.7397],[-67.0841,44.7396],[-67.0841,44.7397],[-67.084,44.7397]]],[[[-67.0835,44.7397],[-67.0838,44.7396],[-67.0837,44.7398],[-67.0835,44.7397]]],[[[-67.102,44.7401],[-67.1019,44.7402],[-67.1019,44.7402],[-67.102,44.7401]]],[[[-67.102,44.7404],[-67.1015,44.7402],[-67.102,44.7402],[-67.102,44.7404]]],[[[-67.0831,44.7408],[-67.0831,44.7407],[-67.0832,44.7408],[-67.0831,44.7408]]],[[[-67.0875,44.7413],[-67.0877,44.7414],[-67.0874,44.7413],[-67.0875,44.7413]]],[[[-67.0949,44.7423],[-67.0948,44.7423],[-67.0949,44.7423],[-67.0949,44.7423]]],[[[-67.0878,44.7423],[-67.0878,44.7423],[-67.0877,44.7423],[-67.0878,44.7423]]],[[[-67.0946,44.7426],[-67.0946,44.7424],[-67.0947,44.7425],[-67.0946,44.7426]]],[[[-67.0901,44.7426],[-67.0902,44.7426],[-67.0899,44.7426],[-67.0901,44.7426]]],[[[-67.0912,44.7431],[-67.0915,44.7429],[-67.0915,44.743],[-67.0912,44.7431]]],[[[-67.0823,44.74],[-67.0822,44.74],[-67.0824,44.74],[-67.0823,44.74]]],[[[-67.0812,44.7406],[-67.0811,44.7406],[-67.0811,44.7406],[-67.0812,44.7406]]],[[[-67.0773,44.7407],[-67.0774,44.7409],[-67.0774,44.741],[-67.0773,44.7407]]],[[[-67.0769,44.741],[-67.077,44.7408],[-67.077,44.741],[-67.0769,44.741]]],[[[-67.0784,44.7411],[-67.0783,44.7412],[-67.0782,44.7411],[-67.0784,44.7411]]],[[[-67.0783,44.7413],[-67.0782,44.7413],[-67.0783,44.7412],[-67.0783,44.7413]]],[[[-67.0789,44.7413],[-67.0788,44.7413],[-67.0789,44.7413],[-67.0789,44.7413]]],[[[-67.0742,44.7415],[-67.0746,44.7412],[-67.0748,44.7412],[-67.0742,44.7415]]],[[[-67.0729,44.7421],[-67.0724,44.7417],[-67.0732,44.7416],[-67.0729,44.7421]]],[[[-67.0734,44.7422],[-67.0735,44.7422],[-67.0735,44.7422],[-67.0734,44.7422]]],[[[-67.0733,44.7425],[-67.0733,44.7425],[-67.0734,44.7424],[-67.0733,44.7425]]],[[[-67.0742,44.7434],[-67.0742,44.7433],[-67.0742,44.7433],[-67.0742,44.7434]]],[[[-67.074,44.7435],[-67.074,44.7434],[-67.074,44.7434],[-67.074,44.7435]]],[[[-67.0733,44.7448],[-67.0732,44.7448],[-67.0733,44.7447],[-67.0733,44.7448]]],[[[-67.0721,44.7453],[-67.0721,44.7453],[-67.0721,44.7453],[-67.0721,44.7453]]],[[[-67.0719,44.7453],[-67.0717,44.7457],[-67.0714,44.7457],[-67.0719,44.7453]]],[[[-67.0706,44.7459],[-67.0698,44.746],[-67.0693,44.7457],[-67.0696,44.7456],[-67.0706,44.7459]]],[[[-67.0751,44.749],[-67.075,44.7492],[-67.0748,44.7491],[-67.0751,44.749]]],[[[-67.0747,44.7493],[-67.0743,44.7491],[-67.0748,44.7491],[-67.0747,44.7493]]],[[[-67.0705,44.7504],[-67.0703,44.7503],[-67.0706,44.7502],[-67.0705,44.7504]]],[[[-67.0699,44.7503],[-67.0702,44.7503],[-67.0701,44.7504],[-67.0699,44.7503]]],[[[-67.0709,44.7502],[-67.0707,44.7504],[-67.0707,44.7502],[-67.0709,44.7502]]],[[[-67.071,44.7503],[-67.0712,44.7504],[-67.0711,44.7505],[-67.071,44.7503]]],[[[-67.0695,44.7506],[-67.0696,44.7507],[-67.0695,44.7506],[-67.0695,44.7506]]],[[[-67.0721,44.7506],[-67.0722,44.7506],[-67.0721,44.7507],[-67.0721,44.7506]]],[[[-67.0715,44.7506],[-67.0716,44.7507],[-67.0715,44.7507],[-67.0715,44.7506]]],[[[-67.0698,44.7506],[-67.0703,44.7506],[-67.0704,44.7507],[-67.0698,44.7506]]],[[[-67.0726,44.7506],[-67.0726,44.7508],[-67.0725,44.7506],[-67.0726,44.7506]]],[[[-67.0743,44.7508],[-67.0745,44.7507],[-67.0744,44.7508],[-67.0743,44.7508]]],[[[-67.0767,44.751],[-67.0768,44.7509],[-67.0768,44.7509],[-67.0767,44.751]]],[[[-67.0749,44.751],[-67.0749,44.7508],[-67.075,44.7509],[-67.0749,44.751]]],[[[-67.0728,44.7509],[-67.0728,44.751],[-67.0727,44.7509],[-67.0728,44.7509]]],[[[-67.0732,44.751],[-67.0731,44.7511],[-67.073,44.7511],[-67.0732,44.751]]],[[[-67.0636,44.7526],[-67.0636,44.7527],[-67.0635,44.7527],[-67.0636,44.7526]]],[[[-67.0636,44.753],[-67.0637,44.7531],[-67.0635,44.7532],[-67.0636,44.753]]],[[[-67.0629,44.7586],[-67.0631,44.7587],[-67.0629,44.7587],[-67.0629,44.7586]]],[[[-67.0626,44.763],[-67.0628,44.7632],[-67.0624,44.7633],[-67.0626,44.763]]],[[[-67.062,44.763],[-67.0622,44.7633],[-67.0617,44.7632],[-67.062,44.763]]]]}},{"type":"Feature","properties":{"TOWN":"Palmyra"},"geometry":{"type":"Polygon","coordinates":[[[-69.2813,44.8087],[-69.3661,44.7972],[-69.3716,44.809],[-69.4251,44.8022],[-69.4492,44.8778],[-69.3055,44.896],[-69.2813,44.8087]]]}},{"type":"Feature","properties":{"TOWN":"Northfield"},"geometry":{"type":"Polygon","coordinates":[[[-67.561,44.8851],[-67.5429,44.8511],[-67.5181,44.8094],[-67.55,44.8027],[-67.5796,44.7952],[-67.5836,44.8015],[-67.701,44.766],[-67.7047,44.7786],[-67.7158,44.8444],[-67.6568,44.8562],[-67.6149,44.8701],[-67.561,44.8851]]]}},{"type":"Feature","properties":{"TOWN":"Anson"},"geometry":{"type":"Polygon","coordinates":[[[-70.0008,44.7738],[-70.0032,44.7883],[-70.0156,44.787],[-70.0207,44.8098],[-70.0271,44.8091],[-70.0323,44.8298],[-70.0255,44.8307],[-70.0333,44.8645],[-69.9929,44.8696],[-69.9947,44.8792],[-69.9873,44.8802],[-69.9838,44.8786],[-69.9818,44.8768],[-69.9778,44.8777],[-69.9746,44.8775],[-69.9709,44.8751],[-69.9629,44.8747],[-69.9607,44.8735],[-69.8591,44.8876],[-69.8638,44.8817],[-69.8646,44.8796],[-69.8634,44.8751],[-69.8635,44.869],[-69.8655,44.8606],[-69.8628,44.8576],[-69.863,44.8554],[-69.8643,44.8545],[-69.8669,44.8553],[-69.8689,44.8548],[-69.8724,44.8497],[-69.8743,44.8485],[-69.8775,44.8484],[-69.8793,44.8461],[-69.8786,44.8422],[-69.8765,44.8398],[-69.8737,44.8381],[-69.871,44.838],[-69.8688,44.8409],[-69.8667,44.8407],[-69.8647,44.8369],[-69.8644,44.8332],[-69.866,44.8321],[-69.871,44.8345],[-69.8734,44.8331],[-69.8743,44.8302],[-69.8712,44.8222],[-69.8732,44.8182],[-69.8846,44.8164],[-69.8889,44.8146],[-69.8917,44.8122],[-69.8916,44.8101],[-69.8864,44.8024],[-69.8865,44.8008],[-69.8887,44.7988],[-69.8886,44.7973],[-69.8843,44.7945],[-69.8849,44.7932],[-69.8891,44.7908],[-69.8889,44.7878],[-70.0008,44.7738]]]}},{"type":"Feature","properties":{"TOWN":"Bangor"},"geometry":{"type":"Polygon","coordinates":[[[-68.7192,44.8203],[-68.7272,44.8177],[-68.7412,44.8101],[-68.7459,44.8093],[-68.7559,44.8026],[-68.7662,44.7978],[-68.772,44.7915],[-68.7763,44.7825],[-68.7812,44.7783],[-68.7918,44.7834],[-68.8364,44.7775],[-68.859,44.8649],[-68.7444,44.8802],[-68.7414,44.8789],[-68.7209,44.8637],[-68.7308,44.855],[-68.7258,44.8354],[-68.7224,44.8358],[-68.7192,44.8203]]]}},{"type":"Feature","properties":{"TOWN":"Canaan"},"geometry":{"type":"Polygon","coordinates":[[[-69.525,44.8243],[-69.5152,44.788],[-69.4981,44.7675],[-69.4931,44.7482],[-69.4767,44.7438],[-69.4834,44.7203],[-69.6038,44.7047],[-69.6038,44.7073],[-69.6066,44.7074],[-69.6015,44.7104],[-69.5994,44.7106],[-69.5969,44.7143],[-69.5952,44.7135],[-69.5928,44.714],[-69.5914,44.7128],[-69.5889,44.7141],[-69.5851,44.7147],[-69.584,44.714],[-69.5833,44.7149],[-69.5814,44.7151],[-69.5826,44.7174],[-69.5824,44.7185],[-69.5841,44.7196],[-69.5807,44.7221],[-69.5816,44.7247],[-69.5832,44.7257],[-69.5822,44.7264],[-69.5833,44.7286],[-69.5824,44.731],[-69.5859,44.7314],[-69.5852,44.7321],[-69.5863,44.7323],[-69.5873,44.7337],[-69.5867,44.7346],[-69.5857,44.7344],[-69.5852,44.7354],[-69.5857,44.7361],[-69.5838,44.7365],[-69.5838,44.7375],[-69.5814,44.7386],[-69.5822,44.7395],[-69.5817,44.7406],[-69.5858,44.7416],[-69.5875,44.7432],[-69.5905,44.7423],[-69.5888,44.7501],[-69.5917,44.7501],[-69.5896,44.7582],[-69.587,44.7582],[-69.5871,44.759],[-69.5966,44.8022],[-69.5929,44.8026],[-69.6075,44.8529],[-69.5324,44.8592],[-69.5224,44.8258],[-69.5224,44.8235],[-69.525,44.8243]]]}},{"type":"Feature","properties":{"TOWN":"East Machias"},"geometry":{"type":"Polygon","coordinates":[[[-67.377,44.7202],[-67.3787,44.7215],[-67.3846,44.7214],[-67.3834,44.7182],[-67.3855,44.7148],[-67.3898,44.7117],[-67.3921,44.7137],[-67.3955,44.7151],[-67.4024,44.715],[-67.4114,44.7136],[-67.4224,44.7149],[-67.4298,44.7145],[-67.4344,44.7428],[-67.4453,44.7425],[-67.4455,44.7467],[-67.4488,44.7466],[-67.449,44.7492],[-67.4524,44.7491],[-67.4539,44.7602],[-67.4639,44.76],[-67.4641,44.7634],[-67.4655,44.7633],[-67.4656,44.7669],[-67.4689,44.7669],[-67.4693,44.771],[-67.4678,44.771],[-67.4692,44.7777],[-67.4712,44.7777],[-67.4713,44.7798],[-67.4732,44.7798],[-67.4733,44.7822],[-67.4767,44.7822],[-67.4768,44.7846],[-67.4813,44.7846],[-67.4815,44.7865],[-67.4865,44.7866],[-67.4865,44.7884],[-67.4878,44.7884],[-67.4994,44.7959],[-67.4994,44.7966],[-67.5181,44.8094],[-67.4035,44.8436],[-67.3382,44.7244],[-67.3609,44.723],[-67.3608,44.7207],[-67.377,44.7202]]]}},{"type":"Feature","properties":{"TOWN":"Strong"},"geometry":{"type":"Polygon","coordinates":[[[-70.1714,44.7361],[-70.1919,44.7339],[-70.1915,44.7328],[-70.2294,44.7281],[-70.2514,44.8169],[-70.2551,44.8134],[-70.2587,44.8138],[-70.2614,44.8206],[-70.2588,44.8211],[-70.2605,44.8255],[-70.2632,44.8251],[-70.2644,44.828],[-70.2535,44.8311],[-70.2546,44.8355],[-70.1556,44.8469],[-70.1459,44.8055],[-70.1666,44.8026],[-70.1648,44.7948],[-70.1843,44.7923],[-70.1714,44.7361]]]}},{"type":"Feature","properties":{"TOWN":"Skowhegan"},"geometry":{"type":"Polygon","coordinates":[[[-69.6036,44.7046],[-69.6331,44.7004],[-69.633,44.6988],[-69.6408,44.6999],[-69.7299,44.6869],[-69.7474,44.7493],[-69.739,44.7544],[-69.7533,44.7654],[-69.7514,44.7667],[-69.7576,44.7713],[-69.7501,44.7766],[-69.76,44.785],[-69.719,44.7897],[-69.7245,44.8083],[-69.5993,44.8244],[-69.5929,44.8026],[-69.5966,44.8022],[-69.5871,44.759],[-69.587,44.7582],[-69.5896,44.7582],[-69.5917,44.7501],[-69.5888,44.7501],[-69.5905,44.7423],[-69.5875,44.7432],[-69.5858,44.7416],[-69.5817,44.7406],[-69.5822,44.7395],[-69.5814,44.7386],[-69.5838,44.7375],[-69.5838,44.7365],[-69.5857,44.7361],[-69.5852,44.7354],[-69.5857,44.7344],[-69.5867,44.7346],[-69.5873,44.7337],[-69.5863,44.7323],[-69.5852,44.7321],[-69.5859,44.7314],[-69.5824,44.731],[-69.5833,44.7286],[-69.5822,44.7264],[-69.5832,44.7257],[-69.5816,44.7247],[-69.5807,44.7221],[-69.5841,44.7196],[-69.5824,44.7185],[-69.5826,44.7174],[-69.5814,44.7151],[-69.5833,44.7149],[-69.584,44.714],[-69.5851,44.7147],[-69.5889,44.7141],[-69.5914,44.7128],[-69.5928,44.714],[-69.5952,44.7135],[-69.5969,44.7143],[-69.5994,44.7106],[-69.6015,44.7104],[-69.6066,44.7074],[-69.6038,44.7073],[-69.6042,44.7051],[-69.6036,44.7046]]]}},{"type":"Feature","properties":{"TOWN":"Eddington"},"geometry":{"type":"Polygon","coordinates":[[[-68.5705,44.8057],[-68.5548,44.7487],[-68.6167,44.741],[-68.6118,44.747],[-68.6141,44.7561],[-68.6096,44.7626],[-68.5974,44.7691],[-68.591,44.7754],[-68.5918,44.7768],[-68.5919,44.7835],[-68.6711,44.8173],[-68.6846,44.8008],[-68.6903,44.8033],[-68.6868,44.8047],[-68.6987,44.8215],[-68.6968,44.8225],[-68.6961,44.8243],[-68.6974,44.8276],[-68.7007,44.8309],[-68.7001,44.839],[-68.696,44.8454],[-68.6833,44.8537],[-68.6744,44.8583],[-68.6724,44.8617],[-68.6719,44.8664],[-68.5599,44.8176],[-68.5705,44.8057]]]}},{"type":"Feature","properties":{"TOWN":"Township E"},"geometry":{"type":"Polygon","coordinates":[[[-70.5133,44.8373],[-70.6626,44.7761],[-70.6806,44.8497],[-70.5163,44.867],[-70.5133,44.8373]]]}},{"type":"Feature","properties":{"TOWN":"Clifton"},"geometry":{"type":"Polygon","coordinates":[[[-68.473,44.8708],[-68.4452,44.763],[-68.5548,44.7487],[-68.5705,44.8057],[-68.5167,44.8656],[-68.473,44.8708]]]}},{"type":"Feature","properties":{"TOWN":"New Vineyard"},"geometry":{"type":"Polygon","coordinates":[[[-70.0303,44.8221],[-70.088,44.815],[-70.0752,44.764],[-70.1354,44.7586],[-70.1303,44.7391],[-70.1711,44.7347],[-70.1843,44.7923],[-70.1648,44.7948],[-70.1666,44.8026],[-70.1459,44.8055],[-70.1556,44.8469],[-70.0333,44.8645],[-70.0255,44.8307],[-70.0323,44.8298],[-70.0303,44.8221]]]}},{"type":"Feature","properties":{"TOWN":"Corinna"},"geometry":{"type":"Polygon","coordinates":[[[-69.1835,44.9108],[-69.2421,44.9043],[-69.3055,44.896],[-69.3309,44.9869],[-69.2085,45.0044],[-69.1835,44.9108]]]}},{"type":"Feature","properties":{"TOWN":"Indian Island"},"geometry":{"type":"MultiPolygon","coordinates":[[[[-68.6457,44.9514],[-68.6467,44.9484],[-68.6518,44.9452],[-68.6523,44.944],[-68.6517,44.9422],[-68.6522,44.942],[-68.6541,44.9433],[-68.6588,44.9496],[-68.656,44.9567],[-68.6537,44.9578],[-68.6512,44.9607],[-68.6486,44.9601],[-68.646,44.9541],[-68.6457,44.9514]]],[[[-68.6761,44.9857],[-68.6718,44.9852],[-68.6651,44.9787],[-68.6611,44.9725],[-68.6545,44.971],[-68.6528,44.9681],[-68.6479,44.965],[-68.6456,44.9648],[-68.6489,44.9621],[-68.6523,44.9613],[-68.6569,44.9562],[-68.6604,44.951],[-68.6661,44.9549],[-68.6676,44.9579],[-68.6702,44.9593],[-68.6741,44.9595],[-68.6801,44.9561],[-68.6821,44.9565],[-68.6839,44.9589],[-68.6852,44.9633],[-68.6871,44.9658],[-68.6863,44.9685],[-68.677,44.9777],[-68.6769,44.9849],[-68.6761,44.9857]]]]}},{"type":"Feature","properties":{"TOWN":"Solon"},"geometry":{"type":"Polygon","coordinates":[[[-69.7201,44.905],[-69.8596,44.8872],[-69.8535,44.8897],[-69.8523,44.8911],[-69.8526,44.8943],[-69.8584,44.903],[-69.8569,44.9058],[-69.8565,44.9088],[-69.8571,44.911],[-69.8547,44.9139],[-69.8537,44.9201],[-69.8573,44.9243],[-69.8574,44.9294],[-69.8607,44.934],[-69.8624,44.9353],[-69.8681,44.936],[-69.8698,44.9379],[-69.8679,44.9413],[-69.866,44.9483],[-69.8668,44.952],[-69.8692,44.9534],[-69.871,44.9569],[-69.8671,44.9665],[-69.8684,44.9725],[-69.8744,44.9776],[-69.7454,44.9945],[-69.7382,44.9726],[-69.7201,44.905]]]}},{"type":"Feature","properties":{"TOWN":"Cathance Twp"},"geometry":{"type":"Polygon","coordinates":[[[-67.2968,44.9604],[-67.2945,44.958],[-67.2923,44.958],[-67.2904,44.954],[-67.2872,44.9519],[-67.2897,44.9502],[-67.2934,44.9492],[-67.2918,44.9466],[-67.2898,44.946],[-67.2904,44.9434],[-67.2925,44.9429],[-67.2924,44.9412],[-67.2945,44.9422],[-67.2939,44.9434],[-67.2945,44.9438],[-67.2988,44.944],[-67.2999,44.9428],[-67.2997,44.9415],[-67.3016,44.9414],[-67.3016,44.9399],[-67.3026,44.9392],[-67.2995,44.9377],[-67.2991,44.934],[-67.2972,44.9342],[-67.2936,44.9322],[-67.2937,44.9312],[-67.2956,44.9314],[-67.2956,44.9297],[-67.2917,44.9278],[-67.2914,44.9258],[-67.2896,44.9239],[-67.29,44.9226],[-67.2883,44.9222],[-67.288,44.9214],[-67.2867,44.9226],[-67.2858,44.9217],[-67.3144,44.9135],[-67.3054,44.8971],[-67.4167,44.8677],[-67.4576,44.9424],[-67.3345,44.9771],[-67.3331,44.9738],[-67.3301,44.9746],[-67.3293,44.9716],[-67.3265,44.9701],[-67.3166,44.9682],[-67.3152,44.9669],[-67.3116,44.9673],[-67.3083,44.9649],[-67.3037,44.9634],[-67.3023,44.9619],[-67.2968,44.9604]]]}},{"type":"Feature","properties":{"TOWN":"Saint Albans"},"geometry":{"type":"Polygon","coordinates":[[[-69.3055,44.896],[-69.4402,44.8789],[-69.4446,44.8931],[-69.4629,44.8907],[-69.4628,44.8926],[-69.4652,44.896],[-69.4692,44.8979],[-69.4711,44.9011],[-69.4715,44.9075],[-69.4708,44.9092],[-69.4718,44.9156],[-69.4728,44.9171],[-69.4718,44.9236],[-69.4703,44.9271],[-69.471,44.9301],[-69.4695,44.9303],[-69.468,44.9321],[-69.4695,44.9351],[-69.4683,44.9361],[-69.4677,44.939],[-69.4754,44.9682],[-69.3309,44.9869],[-69.3055,44.896]]]}},{"type":"Feature","properties":{"TOWN":"Embden"},"geometry":{"type":"Polygon","coordinates":[[[-69.8591,44.8876],[-69.9607,44.8735],[-69.9629,44.8747],[-69.9709,44.8751],[-69.9746,44.8775],[-69.9821,44.8769],[-69.9884,44.8814],[-69.9895,44.883],[-69.9897,44.8858],[-69.9923,44.8878],[-69.9911,44.89],[-69.9938,44.8937],[-69.9973,44.8969],[-70.0003,44.8976],[-70.0135,44.9598],[-69.8744,44.9776],[-69.8684,44.9725],[-69.8671,44.9665],[-69.871,44.9569],[-69.8692,44.9534],[-69.8668,44.952],[-69.866,44.9483],[-69.8679,44.9413],[-69.8698,44.9379],[-69.8681,44.936],[-69.8624,44.9353],[-69.8607,44.934],[-69.8574,44.9294],[-69.8573,44.9243],[-69.8537,44.9201],[-69.8547,44.9139],[-69.8571,44.911],[-69.8565,44.9088],[-69.8569,44.9058],[-69.8584,44.903],[-69.853,44.8949],[-69.8522,44.8915],[-69.8535,44.8897],[-69.8591,44.8876]]]}},{"type":"Feature","properties":{"TOWN":"Madrid Twp"},"geometry":{"type":"Polygon","coordinates":[[[-70.3554,44.9165],[-70.3489,44.9044],[-70.5133,44.8373],[-70.5163,44.867],[-70.4874,44.87],[-70.5037,44.9528],[-70.3734,44.9674],[-70.361,44.9156],[-70.3554,44.9165]]]}},{"type":"Feature","properties":{"TOWN":"Devereaux Twp"},"geometry":{"type":"Polygon","coordinates":[[[-67.9597,44.8662],[-68.0823,44.8499],[-68.0888,44.8723],[-68.105,44.9391],[-67.9819,44.9559],[-67.9597,44.8662]]]}},{"type":"Feature","properties":{"TOWN":"Salem Twp"},"geometry":{"type":"Polygon","coordinates":[[[-70.2368,44.931],[-70.2291,44.891],[-70.2686,44.8882],[-70.2675,44.8842],[-70.3279,44.8649],[-70.3554,44.9165],[-70.357,44.932],[-70.2877,44.9395],[-70.288,44.942],[-70.2515,44.9497],[-70.2459,44.9299],[-70.2368,44.931]]]}},{"type":"Feature","properties":{"TOWN":"Rangeley Plt"},"geometry":{"type":"Polygon","coordinates":[[[-70.6088,44.8573],[-70.7739,44.8398],[-70.7953,44.9217],[-70.6282,44.9399],[-70.6088,44.8573]]]}},{"type":"Feature","properties":{"TOWN":"Kenduskeag"},"geometry":{"type":"Polygon","coordinates":[[[-68.9204,44.8842],[-68.9221,44.8901],[-68.9645,44.8844],[-68.979,44.9381],[-68.8933,44.9495],[-68.8784,44.8929],[-68.9204,44.8842]]]}},{"type":"Feature","properties":{"TOWN":"Freeman Twp"},"geometry":{"type":"Polygon","coordinates":[[[-70.1299,44.8508],[-70.1555,44.8469],[-70.2546,44.8355],[-70.2686,44.8882],[-70.2291,44.891],[-70.2368,44.931],[-70.1521,44.9419],[-70.1448,44.9115],[-70.1526,44.9103],[-70.1491,44.8961],[-70.1426,44.8971],[-70.1416,44.8958],[-70.1299,44.8508]]]}},{"type":"Feature","properties":{"TOWN":"Woolwich"},"geometry":{"type":"Polygon","coordinates":[[[-69.8295,43.9579],[-69.8248,43.9692],[-69.8265,43.9725],[-69.8263,43.9781],[-69.8394,43.9857],[-69.8323,43.9887],[-69.8244,44.0005],[-69.8212,44.0028],[-69.8202,44.0062],[-69.822,44.0139],[-69.8142,44.0237],[-69.8135,44.026],[-69.7495,44.0152],[-69.7495,44.0143],[-69.7001,44.0067],[-69.7015,44.0048],[-69.7025,44.0009],[-69.7076,43.9958],[-69.7075,43.9936],[-69.7117,43.9872],[-69.7115,43.9852],[-69.7127,43.985],[-69.7154,43.9801],[-69.7163,43.9764],[-69.7197,43.9711],[-69.721,43.965],[-69.7189,43.9627],[-69.722,43.9586],[-69.7223,43.9549],[-69.7232,43.9528],[-69.7222,43.9495],[-69.7228,43.9402],[-69.725,43.9346],[-69.7237,43.9324],[-69.7074,43.9273],[-69.7128,43.9198],[-69.7165,43.916],[-69.7203,43.9133],[-69.7266,43.911],[-69.7299,43.9086],[-69.7391,43.8975],[-69.7442,43.8931],[-69.7505,43.891],[-69.756,43.8852],[-69.7628,43.888],[-69.765,43.891],[-69.7701,43.8934],[-69.7752,43.8978],[-69.7867,43.9043],[-69.7945,43.91],[-69.7977,43.9103],[-69.8089,43.9065],[-69.8082,43.9096],[-69.8088,43.9183],[-69.808,43.9257],[-69.8095,43.9313],[-69.8095,43.945],[-69.8173,43.9526],[-69.826,43.9546],[-69.8292,43.9568],[-69.8295,43.9579]]]}},{"type":"Feature","properties":{"TOWN":"Wiscasset"},"geometry":{"type":"Polygon","coordinates":[[[-69.6674,43.9837],[-69.6777,43.9669],[-69.6838,43.9607],[-69.6952,43.941],[-69.704,43.9334],[-69.7074,43.9273],[-69.7237,43.9324],[-69.725,43.9346],[-69.7228,43.9402],[-69.7222,43.9495],[-69.7232,43.9528],[-69.7224,43.954],[-69.7219,43.959],[-69.7189,43.9629],[-69.721,43.965],[-69.7197,43.9711],[-69.7163,43.9764],[-69.7154,43.9801],[-69.7127,43.985],[-69.7115,43.9852],[-69.7117,43.9872],[-69.7075,43.9936],[-69.7076,43.9958],[-69.7025,44.0009],[-69.7015,44.0048],[-69.7001,44.0067],[-69.7463,44.0138],[-69.7161,44.0485],[-69.695,44.0805],[-69.6925,44.0792],[-69.6919,44.0773],[-69.6847,44.0881],[-69.6732,44.087],[-69.6786,44.0785],[-69.6677,44.0766],[-69.6687,44.0735],[-69.6742,44.0751],[-69.6768,44.0717],[-69.6663,44.0693],[-69.6685,44.066],[-69.6678,44.0562],[-69.6726,44.051],[-69.6705,44.0501],[-69.6465,44.0467],[-69.6496,44.0427],[-69.6236,44.0288],[-69.6257,44.0239],[-69.631,44.018],[-69.6342,44.0166],[-69.6377,44.0172],[-69.6421,44.0105],[-69.6538,44.0042],[-69.6578,44.0011],[-69.6623,43.9949],[-69.6674,43.9837]]]}},{"type":"Feature","properties":{"TOWN":"Bradley"},"geometry":{"type":"Polygon","coordinates":[[[-68.4918,44.944],[-68.473,44.8708],[-68.5167,44.8656],[-68.5599,44.8176],[-68.6719,44.8664],[-68.6705,44.8693],[-68.6604,44.8821],[-68.6554,44.8864],[-68.6498,44.8891],[-68.6424,44.8951],[-68.6383,44.9004],[-68.6375,44.903],[-68.6387,44.9077],[-68.6381,44.9114],[-68.6365,44.9133],[-68.6313,44.9165],[-68.6307,44.918],[-68.6318,44.9205],[-68.6363,44.924],[-68.4918,44.944]]]}},{"type":"Feature","properties":{"TOWN":"T28 MD BPP"},"geometry":{"type":"Polygon","coordinates":[[[-68.0823,44.8499],[-68.2023,44.8335],[-68.219,44.9107],[-68.2225,44.9232],[-68.105,44.9391],[-68.0888,44.8723],[-68.0823,44.8499]]]}},{"type":"Feature","properties":{"TOWN":"Richardsontown Twp"},"geometry":{"type":"Polygon","coordinates":[[[-70.7964,44.9259],[-70.7739,44.8398],[-70.8976,44.7891],[-70.9286,44.9102],[-70.7964,44.9259]]]}},{"type":"Feature","properties":{"TOWN":"Stetson"},"geometry":{"type":"Polygon","coordinates":[[[-69.0392,44.841],[-69.1607,44.8249],[-69.1835,44.9108],[-69.0624,44.927],[-69.0392,44.841]]]}},{"type":"Feature","properties":{"TOWN":"Perkins Twp Swan Island"},"geometry":{"type":"Polygon","coordinates":[[[-69.8181,44.0349],[-69.8176,44.0423],[-69.8143,44.0453],[-69.8125,44.0489],[-69.8074,44.0544],[-69.8057,44.0573],[-69.8045,44.0647],[-69.799,44.081],[-69.7987,44.0862],[-69.7963,44.0882],[-69.7924,44.0893],[-69.7851,44.089],[-69.7859,44.0872],[-69.7845,44.0828],[-69.7874,44.0753],[-69.7833,44.0719],[-69.7829,44.0699],[-69.7865,44.0645],[-69.786,44.0564],[-69.7892,44.0482],[-69.7903,44.0425],[-69.7955,44.0378],[-69.8122,44.0299],[-69.8135,44.0268],[-69.8171,44.0316],[-69.8181,44.0349]]]}},{"type":"Feature","properties":{"TOWN":"Magalloway Twp"},"geometry":{"type":"Polygon","coordinates":[[[-70.8976,44.7891],[-70.9382,44.7746],[-70.9388,44.7901],[-71.0393,44.7779],[-71.0494,44.896],[-70.9286,44.9102],[-70.8976,44.7891]]]}},{"type":"Feature","properties":{"TOWN":"Aurora"},"geometry":{"type":"Polygon","coordinates":[[[-68.2023,44.8335],[-68.3262,44.817],[-68.3493,44.9054],[-68.2225,44.9232],[-68.219,44.9107],[-68.2023,44.8335]]]}},{"type":"Feature","properties":{"TOWN":"Cornville"},"geometry":{"type":"Polygon","coordinates":[[[-69.6256,44.9174],[-69.5993,44.8244],[-69.7245,44.8083],[-69.7512,44.9011],[-69.6256,44.9174]]]}},{"type":"Feature","properties":{"TOWN":"Madison"},"geometry":{"type":"Polygon","coordinates":[[[-69.7512,44.9011],[-69.719,44.7897],[-69.7702,44.7839],[-69.8697,44.7709],[-69.865,44.7741],[-69.8729,44.7782],[-69.8855,44.7695],[-69.8886,44.7692],[-69.8864,44.7756],[-69.8892,44.7906],[-69.8849,44.7932],[-69.8843,44.7945],[-69.8886,44.7973],[-69.8887,44.7988],[-69.8865,44.8008],[-69.8864,44.8024],[-69.8916,44.8101],[-69.8919,44.8116],[-69.8895,44.8142],[-69.8846,44.8164],[-69.8732,44.8182],[-69.8712,44.8222],[-69.8743,44.8302],[-69.8734,44.8331],[-69.871,44.8345],[-69.866,44.8321],[-69.8645,44.8329],[-69.8647,44.8369],[-69.8667,44.8407],[-69.8688,44.8409],[-69.871,44.838],[-69.8737,44.8381],[-69.8765,44.8398],[-69.8786,44.8422],[-69.8793,44.8461],[-69.8775,44.8484],[-69.8743,44.8485],[-69.8724,44.8497],[-69.8689,44.8548],[-69.8669,44.8553],[-69.8643,44.8545],[-69.863,44.8554],[-69.8628,44.8576],[-69.8655,44.8606],[-69.8635,44.869],[-69.8634,44.8751],[-69.8646,44.8796],[-69.8638,44.8817],[-69.8596,44.8872],[-69.7512,44.9011]]]}},{"type":"Feature","properties":{"TOWN":"Orono"},"geometry":{"type":"Polygon","coordinates":[[[-68.6376,44.904],[-68.6383,44.9004],[-68.6424,44.8951],[-68.6498,44.8891],[-68.6554,44.8864],[-68.6618,44.8806],[-68.6711,44.8685],[-68.6724,44.8617],[-68.6744,44.8583],[-68.6833,44.8537],[-68.6962,44.8453],[-68.7404,44.8782],[-68.7444,44.8802],[-68.7952,44.8735],[-68.8028,44.9007],[-68.8012,44.9001],[-68.794,44.9029],[-68.7915,44.9007],[-68.7911,44.898],[-68.7872,44.8976],[-68.7862,44.8983],[-68.7875,44.9007],[-68.7871,44.9013],[-68.7129,44.9129],[-68.7134,44.9119],[-68.6812,44.9048],[-68.6784,44.9098],[-68.66,44.9124],[-68.6568,44.9013],[-68.6376,44.904]]]}},{"type":"Feature","properties":{"TOWN":"Phillips"},"geometry":{"type":"Polygon","coordinates":[[[-70.2675,44.8842],[-70.2575,44.8465],[-70.3965,44.801],[-70.3896,44.787],[-70.4423,44.7645],[-70.4853,44.8487],[-70.3489,44.9044],[-70.3279,44.8649],[-70.2675,44.8842]]]}},{"type":"Feature","properties":{"TOWN":"Newport"},"geometry":{"type":"Polygon","coordinates":[[[-69.1607,44.8249],[-69.2813,44.8087],[-69.3055,44.896],[-69.2421,44.9043],[-69.1835,44.9108],[-69.1607,44.8249]]]}},{"type":"Feature","properties":{"TOWN":"T25 MD BPP"},"geometry":{"type":"Polygon","coordinates":[[[-67.6941,44.8487],[-67.7158,44.8444],[-67.7102,44.8098],[-67.8105,44.795],[-67.8357,44.8839],[-67.7096,44.9025],[-67.6941,44.8487]]]}},{"type":"Feature","properties":{"TOWN":"Marion Twp"},"geometry":{"type":"Polygon","coordinates":[[[-67.2533,44.805],[-67.3621,44.768],[-67.4167,44.8677],[-67.3054,44.8971],[-67.2897,44.8678],[-67.2533,44.805]]]}},{"type":"Feature","properties":{"TOWN":"Weld"},"geometry":{"type":"Polygon","coordinates":[[[-70.3896,44.787],[-70.3452,44.6958],[-70.5106,44.6272],[-70.5638,44.7132],[-70.3896,44.787]]]}},{"type":"Feature","properties":{"TOWN":"Norridgewock"},"geometry":{"type":"Polygon","coordinates":[[[-69.7319,44.6942],[-69.7323,44.6865],[-69.7342,44.6862],[-69.7383,44.6713],[-69.7909,44.6787],[-69.8289,44.6716],[-69.8325,44.6741],[-69.8628,44.6697],[-69.8642,44.6758],[-69.8676,44.6751],[-69.8683,44.6817],[-69.8658,44.6824],[-69.8685,44.6929],[-69.8827,44.7026],[-69.8919,44.7069],[-69.8902,44.708],[-69.8951,44.7117],[-69.8962,44.7146],[-69.8958,44.7172],[-69.8872,44.7223],[-69.8862,44.7244],[-69.8868,44.7288],[-69.8839,44.7322],[-69.8849,44.733],[-69.891,44.7328],[-69.8954,44.7305],[-69.8989,44.7319],[-69.8989,44.7334],[-69.8969,44.7367],[-69.8977,44.7386],[-69.893,44.7435],[-69.8926,44.745],[-69.8958,44.7485],[-69.903,44.7513],[-69.9034,44.7532],[-69.9022,44.7553],[-69.8997,44.7566],[-69.8967,44.7565],[-69.8945,44.7542],[-69.8933,44.7542],[-69.8928,44.7552],[-69.8957,44.7587],[-69.9025,44.7596],[-69.9022,44.7627],[-69.9012,44.7638],[-69.894,44.7628],[-69.8897,44.7645],[-69.8886,44.7692],[-69.8855,44.7695],[-69.8729,44.7782],[-69.865,44.7741],[-69.8697,44.7709],[-69.76,44.785],[-69.7501,44.7766],[-69.7576,44.7713],[-69.7514,44.7667],[-69.7533,44.7654],[-69.739,44.7544],[-69.7474,44.7493],[-69.7319,44.6942]]]}},{"type":"Feature","properties":{"TOWN":"C Surplus"},"geometry":{"type":"Polygon","coordinates":[[[-70.8215,44.7117],[-70.9317,44.668],[-70.9373,44.7597],[-70.8505,44.7238],[-70.8215,44.7117]]]}},{"type":"Feature","properties":{"TOWN":"Otis"},"geometry":{"type":"Polygon","coordinates":[[[-68.4187,44.6662],[-68.5029,44.655],[-68.5285,44.7522],[-68.4452,44.763],[-68.4187,44.6662]]]}},{"type":"Feature","properties":{"TOWN":"Waltham"},"geometry":{"type":"Polygon","coordinates":[[[-68.3111,44.7599],[-68.2936,44.6863],[-68.2812,44.6403],[-68.3917,44.6249],[-68.3913,44.6282],[-68.39,44.6305],[-68.3902,44.6321],[-68.3929,44.634],[-68.3993,44.6356],[-68.4008,44.6378],[-68.3992,44.6393],[-68.3887,44.6437],[-68.3849,44.6499],[-68.3837,44.6541],[-68.384,44.6566],[-68.3832,44.6579],[-68.378,44.6615],[-68.3767,44.6611],[-68.3756,44.6588],[-68.3738,44.6592],[-68.3727,44.6616],[-68.3743,44.6633],[-68.3722,44.6665],[-68.3725,44.6702],[-68.3702,44.6737],[-68.3725,44.6741],[-68.3721,44.6776],[-68.3732,44.681],[-68.3693,44.6839],[-68.3704,44.6879],[-68.3684,44.6958],[-68.3686,44.6986],[-68.3712,44.704],[-68.3697,44.7134],[-68.3721,44.7179],[-68.378,44.7181],[-68.3821,44.7192],[-68.3844,44.7181],[-68.3889,44.7205],[-68.3845,44.7277],[-68.3843,44.7302],[-68.3751,44.7369],[-68.3703,44.7393],[-68.3689,44.7423],[-68.3659,44.7423],[-68.3632,44.7433],[-68.3621,44.7446],[-68.3577,44.745],[-68.3569,44.7514],[-68.3512,44.7519],[-68.3473,44.7495],[-68.3458,44.7507],[-68.3409,44.7502],[-68.3362,44.751],[-68.332,44.749],[-68.3228,44.7494],[-68.3194,44.7474],[-68.3162,44.7472],[-68.3121,44.7501],[-68.3126,44.7541],[-68.3117,44.755],[-68.3126,44.7563],[-68.3119,44.7594],[-68.3111,44.7599]]]}},{"type":"Feature","properties":{"TOWN":"Farmington"},"geometry":{"type":"Polygon","coordinates":[[[-70.0975,44.7427],[-70.0658,44.6201],[-70.0721,44.6206],[-70.0784,44.6199],[-70.0824,44.6154],[-70.0844,44.6148],[-70.0844,44.6136],[-70.086,44.6137],[-70.0876,44.6111],[-70.0905,44.6116],[-70.0939,44.6093],[-70.0938,44.6079],[-70.0947,44.6068],[-70.0938,44.6051],[-70.0949,44.6038],[-70.1257,44.5898],[-70.1345,44.5952],[-70.1574,44.6126],[-70.1972,44.6546],[-70.2211,44.6958],[-70.2294,44.7281],[-70.1915,44.7328],[-70.1919,44.7339],[-70.1714,44.7361],[-70.1711,44.7347],[-70.1303,44.7391],[-70.1354,44.7586],[-70.1158,44.7604],[-70.1115,44.7412],[-70.0975,44.7427]]]}},{"type":"Feature","properties":{"TOWN":"Temple"},"geometry":{"type":"Polygon","coordinates":[[[-70.2369,44.7572],[-70.2211,44.6958],[-70.2074,44.6722],[-70.2415,44.6614],[-70.2433,44.6541],[-70.2464,44.6564],[-70.2484,44.6559],[-70.2515,44.658],[-70.3169,44.6377],[-70.3559,44.718],[-70.2369,44.7572]]]}},{"type":"Feature","properties":{"TOWN":"Newburgh"},"geometry":{"type":"Polygon","coordinates":[[[-68.9621,44.6807],[-69.061,44.664],[-69.0814,44.7458],[-68.9588,44.7615],[-68.9601,44.7076],[-68.9625,44.7081],[-68.9652,44.707],[-68.9617,44.6882],[-68.9621,44.6807]]]}},{"type":"Feature","properties":{"TOWN":"Dedham"},"geometry":{"type":"Polygon","coordinates":[[[-68.5029,44.655],[-68.5543,44.6485],[-68.5551,44.6514],[-68.5684,44.6495],[-68.5677,44.6463],[-68.6245,44.6387],[-68.6512,44.6558],[-68.6379,44.6665],[-68.6909,44.7217],[-68.6471,44.7036],[-68.6167,44.741],[-68.5285,44.7522],[-68.5029,44.655]]]}},{"type":"Feature","properties":{"TOWN":"Eastbrook"},"geometry":{"type":"Polygon","coordinates":[[[-68.1599,44.657],[-68.2812,44.6403],[-68.2936,44.6863],[-68.3034,44.7306],[-68.181,44.7429],[-68.1701,44.6959],[-68.1599,44.657]]]}},{"type":"Feature","properties":{"TOWN":"Machias"},"geometry":{"type":"Polygon","coordinates":[[[-67.4318,44.6665],[-67.4338,44.6666],[-67.4366,44.6622],[-67.441,44.6584],[-67.4409,44.6555],[-67.438,44.6521],[-67.439,44.6502],[-67.4691,44.6404],[-67.4653,44.6552],[-67.4735,44.6527],[-67.4871,44.6911],[-67.5014,44.7212],[-67.5027,44.7233],[-67.5056,44.7224],[-67.5069,44.7248],[-67.4946,44.7269],[-67.4858,44.722],[-67.4716,44.7238],[-67.4446,44.7248],[-67.4445,44.7228],[-67.4324,44.7292],[-67.4298,44.7145],[-67.4214,44.7148],[-67.4154,44.6958],[-67.4204,44.695],[-67.4187,44.6906],[-67.4397,44.6873],[-67.4318,44.6665]]]}},{"type":"Feature","properties":{"TOWN":"Jonesboro"},"geometry":{"type":"Polygon","coordinates":[[[-67.5289,44.6465],[-67.5343,44.6416],[-67.5373,44.6399],[-67.5407,44.6394],[-67.5436,44.6351],[-67.5413,44.6302],[-67.5421,44.6247],[-67.5402,44.6182],[-67.5424,44.6143],[-67.5427,44.6167],[-67.5439,44.6181],[-67.5482,44.6209],[-67.552,44.6219],[-67.5735,44.6195],[-67.5853,44.6197],[-67.587,44.621],[-67.5877,44.6242],[-67.5902,44.6247],[-67.5919,44.6264],[-67.5912,44.6285],[-67.5899,44.6284],[-67.5892,44.6295],[-67.5904,44.6307],[-67.5902,44.6322],[-67.64,44.6175],[-67.6408,44.6197],[-67.6442,44.6193],[-67.646,44.6211],[-67.6453,44.6217],[-67.647,44.6266],[-67.6455,44.6305],[-67.6462,44.6319],[-67.6484,44.6334],[-67.6471,44.6358],[-67.649,44.636],[-67.6505,44.6376],[-67.654,44.6373],[-67.656,44.6384],[-67.6577,44.6382],[-67.661,44.6406],[-67.6623,44.6427],[-67.6633,44.6426],[-67.6655,44.6445],[-67.6728,44.6712],[-67.6691,44.6716],[-67.6717,44.6816],[-67.5325,44.7191],[-67.5086,44.6767],[-67.4998,44.6629],[-67.5229,44.656],[-67.5188,44.6491],[-67.5254,44.6473],[-67.527,44.6528],[-67.5306,44.6522],[-67.5289,44.6465]]]}},{"type":"Feature","properties":{"TOWN":"Whiting"},"geometry":{"type":"Polygon","coordinates":[[[-67.3234,44.6976],[-67.3621,44.768],[-67.2533,44.805],[-67.186,44.8258],[-67.1699,44.7994],[-67.1435,44.7516],[-67.3234,44.6976]]]}},{"type":"Feature","properties":{"TOWN":"New Sharon"},"geometry":{"type":"Polygon","coordinates":[[[-70.003,44.7089],[-69.9962,44.6775],[-69.9601,44.6812],[-69.9597,44.6807],[-69.9609,44.678],[-69.964,44.6765],[-69.9651,44.6747],[-69.9609,44.6728],[-69.9589,44.6703],[-69.9582,44.6679],[-69.9587,44.6627],[-69.9596,44.6609],[-69.9612,44.6604],[-69.9637,44.6607],[-69.9663,44.6629],[-69.9678,44.6627],[-69.9688,44.6615],[-69.9676,44.6585],[-69.9471,44.648],[-69.9277,44.6041],[-69.9535,44.5747],[-70.0402,44.5887],[-70.0398,44.5909],[-70.0421,44.5954],[-70.0421,44.5977],[-70.0435,44.5996],[-70.0433,44.6011],[-70.046,44.6025],[-70.0455,44.6036],[-70.0461,44.6045],[-70.0452,44.6047],[-70.0466,44.6063],[-70.0472,44.6057],[-70.0479,44.607],[-70.0487,44.607],[-70.0487,44.6087],[-70.0494,44.6091],[-70.0487,44.61],[-70.0501,44.6107],[-70.0509,44.6123],[-70.0518,44.6119],[-70.0516,44.6127],[-70.0529,44.6126],[-70.0543,44.6139],[-70.0536,44.6144],[-70.0543,44.6151],[-70.0535,44.6153],[-70.0542,44.6158],[-70.0528,44.6162],[-70.0529,44.617],[-70.0542,44.6175],[-70.0527,44.6176],[-70.053,44.6192],[-70.0543,44.6195],[-70.0551,44.621],[-70.0579,44.62],[-70.0617,44.6208],[-70.0658,44.6201],[-70.0874,44.7047],[-70.0772,44.7147],[-70.0494,44.7003],[-70.027,44.7028],[-70.0256,44.7043],[-70.0229,44.7046],[-70.0221,44.7033],[-70.0088,44.7048],[-70.0095,44.7082],[-70.003,44.7089]]]}},{"type":"Feature","properties":{"TOWN":"Winterport"},"geometry":{"type":"Polygon","coordinates":[[[-68.8165,44.6858],[-68.815,44.6787],[-68.8119,44.6719],[-68.8121,44.6693],[-68.8224,44.664],[-68.8316,44.6516],[-68.8349,44.6415],[-68.8469,44.6253],[-68.8475,44.6198],[-68.8457,44.6148],[-68.8632,44.6205],[-68.8674,44.6246],[-68.8724,44.6267],[-68.8736,44.6303],[-68.878,44.6343],[-68.8791,44.6365],[-68.8846,44.6394],[-68.8937,44.6361],[-68.8973,44.6375],[-68.9103,44.6378],[-68.9134,44.6357],[-68.9191,44.6345],[-68.9212,44.6324],[-68.9228,44.6331],[-68.9233,44.6344],[-68.926,44.6342],[-68.9321,44.6299],[-68.9374,44.6286],[-68.9378,44.6274],[-68.9411,44.6268],[-68.9427,44.625],[-68.9475,44.6235],[-68.9512,44.62],[-68.9513,44.6189],[-68.9541,44.6187],[-68.9566,44.6198],[-68.9602,44.6169],[-68.9615,44.6171],[-68.9624,44.6183],[-68.9606,44.6205],[-68.9633,44.6219],[-68.9654,44.6209],[-68.9643,44.6182],[-68.9665,44.6165],[-68.979,44.6216],[-68.9802,44.6204],[-68.9915,44.6254],[-68.9995,44.6208],[-69.0142,44.6718],[-68.8967,44.6917],[-68.8959,44.6893],[-68.8654,44.6942],[-68.866,44.697],[-68.8375,44.7021],[-68.8362,44.698],[-68.8378,44.694],[-68.8365,44.6918],[-68.823,44.6879],[-68.8187,44.6874],[-68.8165,44.6858]]]}},{"type":"Feature","properties":{"TOWN":"Columbia Falls"},"geometry":{"type":"Polygon","coordinates":[[[-67.6656,44.6451],[-67.7439,44.6331],[-67.7519,44.6729],[-67.745,44.6746],[-67.7446,44.6754],[-67.7451,44.6763],[-67.7463,44.6756],[-67.7477,44.676],[-67.7461,44.6789],[-67.7504,44.6803],[-67.7532,44.6851],[-67.7552,44.6862],[-67.7551,44.6874],[-67.7576,44.6891],[-67.7594,44.6941],[-67.7606,44.6941],[-67.7609,44.6959],[-67.7598,44.696],[-67.7717,44.7348],[-67.7391,44.7407],[-67.733,44.7238],[-67.6906,44.7302],[-67.6798,44.6949],[-67.6923,44.6927],[-67.6895,44.6858],[-67.6776,44.6876],[-67.6755,44.6806],[-67.6717,44.6816],[-67.6691,44.6716],[-67.6728,44.6712],[-67.6656,44.6451]]]}},{"type":"Feature","properties":{"TOWN":"Andover North Surplus Twp"},"geometry":{"type":"Polygon","coordinates":[[[-70.7394,44.6953],[-70.9068,44.634],[-70.9317,44.668],[-70.7692,44.7322],[-70.7394,44.6953]]]}},{"type":"Feature","properties":{"TOWN":"Dixmont"},"geometry":{"type":"Polygon","coordinates":[[[-69.061,44.664],[-69.1837,44.644],[-69.2052,44.7296],[-69.0814,44.7458],[-69.061,44.664]]]}},{"type":"Feature","properties":{"TOWN":"Columbia"},"geometry":{"type":"Polygon","coordinates":[[[-67.7439,44.6331],[-67.7912,44.6257],[-67.7935,44.6332],[-67.8583,44.6222],[-67.8607,44.6295],[-67.8699,44.6287],[-67.8921,44.6992],[-67.7772,44.7174],[-67.7815,44.733],[-67.7717,44.7348],[-67.7598,44.696],[-67.7609,44.6959],[-67.7606,44.6941],[-67.7594,44.6941],[-67.7576,44.6891],[-67.7551,44.6874],[-67.7552,44.6862],[-67.7532,44.6851],[-67.7504,44.6803],[-67.7461,44.6789],[-67.7477,44.676],[-67.7463,44.6756],[-67.7451,44.6763],[-67.7446,44.6754],[-67.745,44.6746],[-67.7519,44.6729],[-67.7439,44.6331]]]}},{"type":"Feature","properties":{"TOWN":"Hampden"},"geometry":{"type":"Polygon","coordinates":[[[-68.8375,44.7021],[-68.866,44.697],[-68.8654,44.6942],[-68.8959,44.6893],[-68.8967,44.6917],[-68.9621,44.6807],[-68.9617,44.6882],[-68.9652,44.707],[-68.9625,44.7081],[-68.9601,44.7076],[-68.9588,44.7615],[-68.9462,44.7631],[-68.9473,44.7677],[-68.9466,44.7692],[-68.9446,44.7708],[-68.9445,44.7718],[-68.9427,44.7711],[-68.9411,44.7725],[-68.9425,44.7754],[-68.9459,44.7759],[-68.9462,44.7774],[-68.9441,44.7772],[-68.9388,44.7791],[-68.9329,44.7771],[-68.9283,44.7722],[-68.9235,44.772],[-68.9211,44.7701],[-68.9218,44.7691],[-68.9208,44.7666],[-68.7918,44.7834],[-68.7812,44.7783],[-68.786,44.774],[-68.7869,44.7685],[-68.7879,44.7669],[-68.8111,44.7564],[-68.8157,44.7501],[-68.8172,44.7501],[-68.8249,44.7461],[-68.8296,44.7418],[-68.8319,44.7347],[-68.8321,44.7216],[-68.8338,44.7187],[-68.8394,44.7131],[-68.8409,44.7093],[-68.8405,44.707],[-68.8375,44.7021]]]}},{"type":"Feature","properties":{"TOWN":"Troy"},"geometry":{"type":"Polygon","coordinates":[[[-69.1837,44.644],[-69.2859,44.6271],[-69.2991,44.65],[-69.326,44.6539],[-69.3088,44.6732],[-69.3274,44.7145],[-69.2052,44.7296],[-69.1837,44.644]]]}},{"type":"Feature","properties":{"TOWN":"Roxbury"},"geometry":{"type":"Polygon","coordinates":[[[-70.5106,44.6272],[-70.55,44.6107],[-70.5675,44.6129],[-70.5676,44.6137],[-70.5688,44.6131],[-70.5923,44.616],[-70.6553,44.5908],[-70.7064,44.6535],[-70.5638,44.7132],[-70.5106,44.6272]]]}},{"type":"Feature","properties":{"TOWN":"Hermon"},"geometry":{"type":"Polygon","coordinates":[[[-68.9588,44.7615],[-68.9831,44.8484],[-68.859,44.8649],[-68.8364,44.7775],[-68.9208,44.7666],[-68.9218,44.7691],[-68.9211,44.7701],[-68.9235,44.772],[-68.9283,44.7722],[-68.9329,44.7771],[-68.9388,44.7791],[-68.9441,44.7772],[-68.9462,44.7774],[-68.9459,44.7759],[-68.9425,44.7754],[-68.9411,44.7725],[-68.9427,44.7711],[-68.9445,44.7718],[-68.9446,44.7708],[-68.9466,44.7692],[-68.9473,44.7677],[-68.9462,44.7631],[-68.9588,44.7615]]]}},{"type":"Feature","properties":{"TOWN":"Veazie"},"geometry":{"type":"Polygon","coordinates":[[[-68.6961,44.8246],[-68.6968,44.8225],[-68.6993,44.8214],[-68.7187,44.8204],[-68.7224,44.8358],[-68.7258,44.8354],[-68.7308,44.855],[-68.7209,44.8637],[-68.6962,44.8453],[-68.7001,44.839],[-68.7009,44.8336],[-68.7006,44.8306],[-68.6974,44.8276],[-68.6961,44.8246]]]}},{"type":"Feature","properties":{"TOWN":"Township D"},"geometry":{"type":"Polygon","coordinates":[[[-70.6626,44.7761],[-70.7692,44.7322],[-70.7739,44.8398],[-70.6806,44.8497],[-70.6626,44.7761]]]}},{"type":"Feature","properties":{"TOWN":"Township 6 North of Weld"},"geometry":{"type":"Polygon","coordinates":[[[-70.4423,44.7645],[-70.5638,44.7132],[-70.615,44.7956],[-70.4853,44.8487],[-70.4423,44.7645]]]}},{"type":"Feature","properties":{"TOWN":"Township C"},"geometry":{"type":"Polygon","coordinates":[[[-70.7692,44.7322],[-70.8215,44.7117],[-70.9373,44.7597],[-70.9382,44.7746],[-70.8966,44.7895],[-70.7739,44.8398],[-70.7692,44.7322]]]}},{"type":"Feature","properties":{"TOWN":"Avon"},"geometry":{"type":"Polygon","coordinates":[[[-70.2575,44.8465],[-70.2535,44.8311],[-70.2644,44.828],[-70.2632,44.8251],[-70.2605,44.8255],[-70.2588,44.8211],[-70.2614,44.8206],[-70.2587,44.8138],[-70.2551,44.8134],[-70.2514,44.8169],[-70.2369,44.7572],[-70.3559,44.718],[-70.3965,44.801],[-70.2575,44.8465]]]}},{"type":"Feature","properties":{"TOWN":"Carmel"},"geometry":{"type":"Polygon","coordinates":[[[-68.9831,44.8484],[-68.9588,44.7615],[-69.0814,44.7458],[-69.0941,44.7977],[-69.1006,44.797],[-69.1019,44.8021],[-69.0953,44.8029],[-69.1027,44.8325],[-68.9831,44.8484]]]}},{"type":"Feature","properties":{"TOWN":"Osborn"},"geometry":{"type":"Polygon","coordinates":[[[-68.181,44.7429],[-68.3034,44.7306],[-68.3262,44.817],[-68.2023,44.8335],[-68.181,44.7429]]]}},{"type":"Feature","properties":{"TOWN":"Etna"},"geometry":{"type":"Polygon","coordinates":[[[-69.1019,44.8021],[-69.1006,44.797],[-69.0941,44.7977],[-69.0814,44.7458],[-69.1481,44.7369],[-69.1524,44.751],[-69.1668,44.7492],[-69.1906,44.821],[-69.1027,44.8325],[-69.0953,44.8029],[-69.1019,44.8021]]]}},{"type":"Feature","properties":{"TOWN":"Plymouth"},"geometry":{"type":"Polygon","coordinates":[[[-69.1481,44.7369],[-69.2668,44.7219],[-69.2863,44.808],[-69.1906,44.821],[-69.1668,44.7492],[-69.1524,44.751],[-69.1481,44.7369]]]}},{"type":"Feature","properties":{"TOWN":"Mariaville"},"geometry":{"type":"Polygon","coordinates":[[[-68.3111,44.7599],[-68.3119,44.7594],[-68.3126,44.7563],[-68.3117,44.755],[-68.3126,44.7541],[-68.3121,44.7501],[-68.3158,44.7473],[-68.3189,44.7472],[-68.3228,44.7494],[-68.332,44.749],[-68.3362,44.751],[-68.3409,44.7502],[-68.3458,44.7507],[-68.3473,44.7495],[-68.3512,44.7519],[-68.3569,44.7514],[-68.3577,44.745],[-68.3621,44.7446],[-68.3632,44.7433],[-68.3659,44.7423],[-68.3689,44.7423],[-68.3703,44.7393],[-68.3751,44.7369],[-68.3843,44.7302],[-68.3845,44.7277],[-68.3888,44.7203],[-68.3844,44.7181],[-68.3821,44.7192],[-68.3776,44.7181],[-68.3726,44.7183],[-68.3697,44.7134],[-68.3712,44.704],[-68.3686,44.6986],[-68.3684,44.6958],[-68.3704,44.6879],[-68.3693,44.6839],[-68.3732,44.681],[-68.3721,44.6776],[-68.3725,44.6741],[-68.3702,44.6737],[-68.3725,44.6702],[-68.3722,44.6665],[-68.3743,44.6633],[-68.3727,44.6614],[-68.3745,44.6588],[-68.3758,44.6589],[-68.3767,44.6611],[-68.378,44.6615],[-68.3832,44.6579],[-68.384,44.6566],[-68.3837,44.6541],[-68.3849,44.6499],[-68.3887,44.6437],[-68.3992,44.6393],[-68.4007,44.638],[-68.4005,44.6365],[-68.3993,44.6356],[-68.3929,44.634],[-68.3902,44.6321],[-68.39,44.6305],[-68.3913,44.6282],[-68.3917,44.6249],[-68.4071,44.6227],[-68.4256,44.692],[-68.4417,44.749],[-68.4549,44.8016],[-68.3262,44.817],[-68.3111,44.7599]]]}},{"type":"Feature","properties":{"TOWN":"Centerville Twp"},"geometry":{"type":"Polygon","coordinates":[[[-67.5836,44.8015],[-67.5325,44.7191],[-67.6755,44.6806],[-67.6776,44.6876],[-67.6895,44.6858],[-67.6923,44.6927],[-67.6798,44.6949],[-67.701,44.766],[-67.5836,44.8015]]]}},{"type":"Feature","properties":{"TOWN":"T18 MD BPP"},"geometry":{"type":"Polygon","coordinates":[[[-67.7949,44.7146],[-67.9148,44.6953],[-67.9365,44.7777],[-67.8105,44.795],[-67.8009,44.7501],[-67.7949,44.7146]]]}},{"type":"Feature","properties":{"TOWN":"Byron"},"geometry":{"type":"Polygon","coordinates":[[[-70.5638,44.7132],[-70.7064,44.6535],[-70.7692,44.7322],[-70.615,44.7956],[-70.5638,44.7132]]]}},{"type":"Feature","properties":{"TOWN":"Orrington"},"geometry":{"type":"Polygon","coordinates":[[[-68.7676,44.7539],[-68.7203,44.7339],[-68.7248,44.7286],[-68.7219,44.7274],[-68.7309,44.7237],[-68.7324,44.7218],[-68.7208,44.6997],[-68.7269,44.6961],[-68.744,44.6606],[-68.7576,44.6626],[-68.7578,44.662],[-68.7719,44.6645],[-68.7663,44.6757],[-68.781,44.6788],[-68.7851,44.6784],[-68.786,44.6867],[-68.7929,44.6855],[-68.7943,44.6878],[-68.797,44.6871],[-68.7978,44.6888],[-68.8158,44.6838],[-68.8165,44.6858],[-68.8183,44.6872],[-68.8349,44.6911],[-68.8376,44.6933],[-68.8378,44.6949],[-68.8362,44.6976],[-68.8363,44.6992],[-68.8405,44.707],[-68.8409,44.7093],[-68.8394,44.7131],[-68.8338,44.7187],[-68.8321,44.7216],[-68.8319,44.7347],[-68.8296,44.7418],[-68.8249,44.7461],[-68.8172,44.7501],[-68.8157,44.7501],[-68.8111,44.7564],[-68.7875,44.7672],[-68.7638,44.756],[-68.7676,44.7539]]]}},{"type":"Feature","properties":{"TOWN":"Brewer"},"geometry":{"type":"Polygon","coordinates":[[[-68.6846,44.8008],[-68.7277,44.7502],[-68.7351,44.7401],[-68.7676,44.7539],[-68.7638,44.756],[-68.7875,44.7672],[-68.786,44.774],[-68.7763,44.7825],[-68.772,44.7915],[-68.7672,44.7971],[-68.7559,44.8026],[-68.7459,44.8093],[-68.7412,44.8101],[-68.73,44.8164],[-68.7212,44.82],[-68.6987,44.8215],[-68.6868,44.8047],[-68.6903,44.8033],[-68.6846,44.8008]]]}},{"type":"Feature","properties":{"TOWN":"Marshfield"},"geometry":{"type":"Polygon","coordinates":[[[-67.4324,44.7292],[-67.4445,44.7228],[-67.4446,44.7248],[-67.4716,44.7238],[-67.4858,44.722],[-67.4946,44.7269],[-67.5069,44.7248],[-67.509,44.729],[-67.509,44.7336],[-67.55,44.8027],[-67.5181,44.8094],[-67.4994,44.7966],[-67.4994,44.7959],[-67.4878,44.7884],[-67.4865,44.7884],[-67.4865,44.7866],[-67.4815,44.7865],[-67.4813,44.7846],[-67.4768,44.7846],[-67.4767,44.7822],[-67.4733,44.7822],[-67.4732,44.7798],[-67.4713,44.7798],[-67.4712,44.7777],[-67.4692,44.7777],[-67.4678,44.771],[-67.4693,44.771],[-67.4689,44.7669],[-67.4656,44.7669],[-67.4655,44.7633],[-67.4641,44.7634],[-67.4639,44.76],[-67.4539,44.7602],[-67.4524,44.7491],[-67.449,44.7492],[-67.4488,44.7466],[-67.4455,44.7467],[-67.4453,44.7425],[-67.4344,44.7428],[-67.4324,44.7292]]]}},{"type":"Feature","properties":{"TOWN":"Holden"},"geometry":{"type":"Polygon","coordinates":[[[-68.6118,44.747],[-68.6471,44.7036],[-68.691,44.7217],[-68.7139,44.7036],[-68.7208,44.6997],[-68.7324,44.7218],[-68.7309,44.7237],[-68.7219,44.7274],[-68.7248,44.7286],[-68.7203,44.7339],[-68.7351,44.7401],[-68.7277,44.7502],[-68.6711,44.8173],[-68.5919,44.7835],[-68.5918,44.7768],[-68.591,44.7754],[-68.5974,44.7691],[-68.6096,44.7626],[-68.6141,44.7561],[-68.6118,44.747]]]}},{"type":"Feature","properties":{"TOWN":"T19 MD BPP"},"geometry":{"type":"Polygon","coordinates":[[[-67.7047,44.7786],[-67.6906,44.7302],[-67.733,44.7238],[-67.7391,44.7407],[-67.7815,44.733],[-67.7772,44.7174],[-67.7949,44.7146],[-67.8009,44.7501],[-67.8105,44.795],[-67.7102,44.8098],[-67.7047,44.7786]]]}},{"type":"Feature","properties":{"TOWN":"Whitneyville"},"geometry":{"type":"Polygon","coordinates":[[[-67.509,44.729],[-67.5056,44.7224],[-67.5027,44.7233],[-67.5014,44.7212],[-67.4871,44.6911],[-67.4735,44.6527],[-67.4917,44.6474],[-67.4994,44.6625],[-67.5086,44.6767],[-67.537,44.7269],[-67.5796,44.7952],[-67.55,44.8027],[-67.509,44.7336],[-67.509,44.729]]]}},{"type":"Feature","properties":{"TOWN":"Detroit"},"geometry":{"type":"Polygon","coordinates":[[[-69.2668,44.7219],[-69.3274,44.7145],[-69.3435,44.7498],[-69.3427,44.7505],[-69.342,44.7545],[-69.3393,44.7579],[-69.3399,44.7601],[-69.3362,44.761],[-69.3353,44.7646],[-69.3416,44.7679],[-69.3481,44.7694],[-69.3499,44.7718],[-69.3516,44.7709],[-69.3542,44.7714],[-69.3661,44.7972],[-69.2863,44.808],[-69.2668,44.7219]]]}},{"type":"Feature","properties":{"TOWN":"Upton"},"geometry":{"type":"Polygon","coordinates":[[[-70.9388,44.7901],[-70.9317,44.668],[-70.993,44.6593],[-71.031,44.6557],[-71.0393,44.7779],[-70.9388,44.7901]]]}},{"type":"Feature","properties":{"TOWN":"Harrington"},"geometry":{"type":"Polygon","coordinates":[[[-67.7727,44.6286],[-67.7597,44.5842],[-67.7605,44.5823],[-67.7567,44.5795],[-67.7552,44.5769],[-67.755,44.575],[-67.7573,44.5706],[-67.7542,44.5676],[-67.7538,44.5658],[-67.7626,44.5559],[-67.7622,44.5486],[-67.7628,44.5472],[-67.7652,44.5453],[-67.7695,44.5437],[-67.7746,44.5378],[-67.7733,44.5265],[-67.7643,44.5124],[-67.7658,44.5098],[-67.7767,44.5025],[-67.7788,44.5002],[-67.779,44.4987],[-67.7774,44.4924],[-67.7755,44.4889],[-67.7668,44.4826],[-67.7661,44.4765],[-67.7745,44.4111],[-67.7883,44.4022],[-67.7979,44.3988],[-67.8305,44.4712],[-67.8427,44.4742],[-67.8444,44.4798],[-67.8443,44.4833],[-67.8416,44.4905],[-67.8362,44.4982],[-67.8349,44.5044],[-67.8357,44.5088],[-67.8419,44.5129],[-67.8463,44.5205],[-67.8422,44.5311],[-67.8415,44.5371],[-67.8396,44.5397],[-67.8371,44.541],[-67.8325,44.5424],[-67.8265,44.5429],[-67.8242,44.5425],[-67.8213,44.5403],[-67.8169,44.5382],[-67.8116,44.5381],[-67.8087,44.5445],[-67.8091,44.548],[-67.8074,44.5513],[-67.8067,44.5582],[-67.8084,44.5601],[-67.8237,44.5669],[-67.8371,44.5697],[-67.8422,44.5737],[-67.8453,44.5772],[-67.8507,44.579],[-67.8511,44.582],[-67.848,44.5828],[-67.8478,44.5842],[-67.8511,44.5855],[-67.8519,44.5893],[-67.8539,44.5893],[-67.8561,44.5907],[-67.8568,44.5926],[-67.8554,44.5932],[-67.8576,44.5936],[-67.8574,44.596],[-67.8595,44.5953],[-67.8594,44.5961],[-67.8641,44.5973],[-67.8658,44.5966],[-67.8693,44.5987],[-67.8696,44.6004],[-67.8728,44.6022],[-67.8728,44.6044],[-67.8744,44.6048],[-67.8764,44.6115],[-67.8562,44.6148],[-67.8583,44.6222],[-67.7935,44.6332],[-67.7912,44.6257],[-67.7727,44.6286]]]}},{"type":"Feature","properties":{"TOWN":"Addison"},"geometry":{"type":"Polygon","coordinates":[[[-67.7596,44.5839],[-67.7727,44.6286],[-67.6656,44.6451],[-67.6651,44.6438],[-67.6623,44.6427],[-67.661,44.6406],[-67.6577,44.6382],[-67.656,44.6384],[-67.654,44.6373],[-67.6505,44.6376],[-67.649,44.636],[-67.6471,44.6358],[-67.6484,44.6334],[-67.6462,44.6319],[-67.6455,44.6305],[-67.647,44.6266],[-67.6453,44.6217],[-67.6459,44.6209],[-67.6442,44.6193],[-67.6408,44.6197],[-67.6394,44.6172],[-67.6396,44.6156],[-67.6422,44.6158],[-67.6439,44.6141],[-67.6425,44.6124],[-67.6443,44.6105],[-67.6427,44.6095],[-67.6435,44.6083],[-67.6417,44.6074],[-67.6419,44.6063],[-67.6391,44.6052],[-67.6376,44.6036],[-67.6373,44.6009],[-67.6383,44.6009],[-67.6362,44.5994],[-67.6358,44.5978],[-67.6366,44.5983],[-67.6372,44.5968],[-67.6357,44.5947],[-67.6348,44.5946],[-67.6358,44.5926],[-67.6347,44.5926],[-67.6342,44.5912],[-67.633,44.5914],[-67.6341,44.5899],[-67.6326,44.5885],[-67.6335,44.5879],[-67.6332,44.5871],[-67.6344,44.5873],[-67.6346,44.5845],[-67.6338,44.5836],[-67.6353,44.5833],[-67.6346,44.5815],[-67.6372,44.5818],[-67.6406,44.5808],[-67.6394,44.5783],[-67.6413,44.5776],[-67.6399,44.5768],[-67.6395,44.5754],[-67.6415,44.5751],[-67.641,44.5736],[-67.639,44.5727],[-67.6411,44.573],[-67.6444,44.5709],[-67.6442,44.5684],[-67.6467,44.5636],[-67.6444,44.5614],[-67.6434,44.5555],[-67.6401,44.5513],[-67.6399,44.5489],[-67.6409,44.5457],[-67.6446,44.5404],[-67.645,44.5384],[-67.6445,44.536],[-67.6411,44.5341],[-67.6402,44.5312],[-67.6429,44.5295],[-67.6445,44.5259],[-67.6527,44.5156],[-67.6574,44.5052],[-67.6572,44.5021],[-67.6557,44.4991],[-67.6493,44.4945],[-67.6502,44.4892],[-67.6467,44.4719],[-67.6462,44.4604],[-67.6476,44.453],[-67.6564,44.4226],[-67.6739,44.3942],[-67.6746,44.3946],[-67.6794,44.3919],[-67.6958,44.3877],[-67.7153,44.3865],[-67.7295,44.3877],[-67.7417,44.3908],[-67.7586,44.3983],[-67.7745,44.4111],[-67.7661,44.4765],[-67.7668,44.4826],[-67.7755,44.4889],[-67.7774,44.4924],[-67.779,44.4987],[-67.7788,44.5002],[-67.7767,44.5025],[-67.7658,44.5098],[-67.7644,44.5121],[-67.7733,44.5265],[-67.7747,44.5374],[-67.7695,44.5437],[-67.7652,44.5453],[-67.7628,44.5472],[-67.7622,44.5486],[-67.7626,44.5559],[-67.7538,44.5658],[-67.7542,44.5676],[-67.7573,44.5706],[-67.755,44.575],[-67.7552,44.5769],[-67.7567,44.5795],[-67.7605,44.5823],[-67.7596,44.5839]]]}},{"type":"Feature","properties":{"TOWN":"Beals"},"geometry":{"type":"Polygon","coordinates":[[[-67.5798,44.5262],[-67.5479,44.4618],[-67.5157,44.4196],[-67.5274,44.4159],[-67.5415,44.409],[-67.5496,44.4066],[-67.5537,44.4032],[-67.5676,44.3972],[-67.5811,44.3932],[-67.5929,44.391],[-67.61,44.3858],[-67.6174,44.3846],[-67.6319,44.3835],[-67.6466,44.385],[-67.655,44.3867],[-67.6695,44.3917],[-67.6739,44.3942],[-67.6564,44.4226],[-67.6469,44.456],[-67.6459,44.4645],[-67.6467,44.4719],[-67.6501,44.4882],[-67.6492,44.4943],[-67.6555,44.4989],[-67.6575,44.5038],[-67.6527,44.5156],[-67.6473,44.5222],[-67.6366,44.5203],[-67.6315,44.5209],[-67.6241,44.5239],[-67.6184,44.5246],[-67.5998,44.526],[-67.5798,44.5262]]]}},{"type":"Feature","properties":{"TOWN":"Jonesport"},"geometry":{"type":"Polygon","coordinates":[[[-67.5479,44.4618],[-67.5798,44.5262],[-67.5998,44.526],[-67.6184,44.5246],[-67.6241,44.5239],[-67.6315,44.5209],[-67.6366,44.5203],[-67.6473,44.5222],[-67.6437,44.527],[-67.6429,44.5295],[-67.6401,44.5316],[-67.6414,44.5344],[-67.6445,44.536],[-67.645,44.5384],[-67.6446,44.5404],[-67.6409,44.5457],[-67.6399,44.5489],[-67.6401,44.5513],[-67.6434,44.5555],[-67.6444,44.5614],[-67.6467,44.5636],[-67.6442,44.5684],[-67.6444,44.5709],[-67.6411,44.573],[-67.639,44.5727],[-67.641,44.5736],[-67.6415,44.5751],[-67.6395,44.5754],[-67.6399,44.5768],[-67.6413,44.5776],[-67.6394,44.5783],[-67.6406,44.5808],[-67.6372,44.5818],[-67.6346,44.5815],[-67.6353,44.5833],[-67.6338,44.5836],[-67.6346,44.5845],[-67.6344,44.5873],[-67.6332,44.5871],[-67.6335,44.5879],[-67.6326,44.5885],[-67.6341,44.5899],[-67.633,44.5914],[-67.6342,44.5912],[-67.6347,44.5926],[-67.6358,44.5926],[-67.6348,44.5946],[-67.6357,44.5947],[-67.6372,44.5968],[-67.6366,44.5983],[-67.6358,44.5978],[-67.6362,44.5994],[-67.6383,44.6009],[-67.6373,44.6009],[-67.6376,44.6036],[-67.6391,44.6052],[-67.6419,44.6063],[-67.6417,44.6074],[-67.6435,44.6083],[-67.6427,44.6095],[-67.6443,44.6105],[-67.6425,44.6124],[-67.6439,44.6141],[-67.6422,44.6158],[-67.6396,44.6156],[-67.6394,44.6172],[-67.64,44.6175],[-67.5902,44.6322],[-67.5904,44.6307],[-67.5892,44.6295],[-67.5899,44.6284],[-67.5912,44.6285],[-67.5919,44.6264],[-67.5902,44.6247],[-67.5877,44.6242],[-67.587,44.621],[-67.5853,44.6197],[-67.5735,44.6195],[-67.5512,44.6218],[-67.5482,44.6209],[-67.5434,44.6177],[-67.5423,44.6142],[-67.4645,44.5892],[-67.4209,44.5943],[-67.4225,44.5904],[-67.4226,44.5852],[-67.4257,44.5807],[-67.4243,44.5739],[-67.4234,44.5724],[-67.4187,44.5693],[-67.4112,44.554],[-67.3888,44.5202],[-67.3964,44.516],[-67.4139,44.5096],[-67.4434,44.5053],[-67.4413,44.5001],[-67.4417,44.4902],[-67.4442,44.4811],[-67.449,44.4726],[-67.4552,44.4649],[-67.4611,44.46],[-67.4669,44.4573],[-67.473,44.4484],[-67.4926,44.4322],[-67.4994,44.4276],[-67.5157,44.4196],[-67.5479,44.4618]]]}},{"type":"Feature","properties":{"TOWN":"Milbridge"},"geometry":{"type":"Polygon","coordinates":[[[-67.8824,44.477],[-67.889,44.4867],[-67.8829,44.4879],[-67.8847,44.4941],[-67.8819,44.497],[-67.8823,44.4988],[-67.8869,44.4957],[-67.8932,44.4947],[-67.8998,44.5181],[-67.9104,44.5606],[-67.9194,44.6045],[-67.8764,44.6115],[-67.8744,44.6048],[-67.8728,44.6044],[-67.8728,44.6022],[-67.8696,44.6004],[-67.8693,44.5987],[-67.8658,44.5966],[-67.8641,44.5973],[-67.8594,44.5961],[-67.8595,44.5953],[-67.8574,44.596],[-67.8576,44.5936],[-67.8554,44.5932],[-67.8568,44.5926],[-67.8561,44.5907],[-67.8539,44.5893],[-67.8519,44.5893],[-67.8511,44.5855],[-67.8478,44.5842],[-67.848,44.5828],[-67.8511,44.582],[-67.8507,44.579],[-67.8453,44.5772],[-67.8422,44.5737],[-67.8371,44.5697],[-67.8237,44.5669],[-67.8084,44.5601],[-67.8067,44.5582],[-67.8074,44.5513],[-67.8091,44.548],[-67.8087,44.5445],[-67.8116,44.5381],[-67.8169,44.5382],[-67.8213,44.5403],[-67.8242,44.5425],[-67.8265,44.5429],[-67.8325,44.5424],[-67.8371,44.541],[-67.8396,44.5397],[-67.8415,44.5371],[-67.8422,44.5311],[-67.8463,44.5205],[-67.8419,44.5129],[-67.8357,44.5088],[-67.8349,44.5044],[-67.8362,44.4982],[-67.8416,44.4905],[-67.8443,44.4833],[-67.8444,44.4798],[-67.8427,44.4742],[-67.8305,44.4712],[-67.7979,44.3988],[-67.8056,44.391],[-67.7983,44.3835],[-67.796,44.3795],[-67.7953,44.3751],[-67.7953,44.3612],[-67.8008,44.3475],[-67.8097,44.3365],[-67.8237,44.327],[-67.8423,44.3205],[-67.8583,44.317],[-67.8744,44.3169],[-67.8839,44.3183],[-67.8982,44.3221],[-67.9167,44.3335],[-67.9222,44.338],[-67.9252,44.3414],[-67.8839,44.3871],[-67.8792,44.4084],[-67.8808,44.4207],[-67.8791,44.4251],[-67.8809,44.4308],[-67.881,44.4389],[-67.8825,44.4421],[-67.8809,44.4446],[-67.8794,44.4495],[-67.8752,44.4526],[-67.8738,44.4555],[-67.8761,44.4631],[-67.8797,44.4685],[-67.8824,44.477]]]}},{"type":"Feature","properties":{"TOWN":"Steuben"},"geometry":{"type":"Polygon","coordinates":[[[-67.9535,44.5849],[-67.9502,44.576],[-67.9492,44.5762],[-67.9478,44.5717],[-67.9446,44.5722],[-67.9407,44.5595],[-67.9368,44.56],[-67.9348,44.554],[-67.9269,44.5551],[-67.9246,44.548],[-67.9184,44.5489],[-67.919,44.5511],[-67.9083,44.5526],[-67.8998,44.5181],[-67.8932,44.4947],[-67.8869,44.4957],[-67.8823,44.4988],[-67.8819,44.497],[-67.8847,44.4941],[-67.8829,44.4879],[-67.889,44.4867],[-67.8824,44.477],[-67.8797,44.4685],[-67.8761,44.4631],[-67.8738,44.4558],[-67.8752,44.4526],[-67.8794,44.4495],[-67.8809,44.4446],[-67.8825,44.4421],[-67.881,44.4389],[-67.8809,44.4308],[-67.8791,44.4251],[-67.8808,44.4207],[-67.8792,44.4084],[-67.8839,44.3871],[-67.9252,44.3414],[-67.9374,44.3988],[-67.9421,44.4061],[-67.9499,44.4084],[-67.9545,44.4119],[-67.965,44.4277],[-67.9675,44.4363],[-67.9703,44.4408],[-67.97,44.4471],[-67.9716,44.4536],[-67.9781,44.4613],[-67.9788,44.4655],[-67.982,44.4729],[-67.9812,44.4746],[-67.9749,44.4775],[-67.9738,44.4824],[-67.9743,44.4848],[-67.973,44.4888],[-67.9767,44.4912],[-67.9756,44.4925],[-67.9772,44.498],[-67.9862,44.5005],[-67.9914,44.5029],[-68.0051,44.5512],[-68.0172,44.5891],[-67.9583,44.5977],[-67.9569,44.5932],[-67.9581,44.593],[-67.9567,44.5886],[-67.958,44.5884],[-67.9568,44.5845],[-67.9535,44.5849]]]}},{"type":"Feature","properties":{"TOWN":"Surry"},"geometry":{"type":"Polygon","coordinates":[[[-68.4336,44.4766],[-68.4465,44.4699],[-68.4428,44.4516],[-68.4429,44.4448],[-68.4448,44.44],[-68.448,44.435],[-68.4446,44.4096],[-68.4481,44.4023],[-68.4487,44.3969],[-68.4476,44.3934],[-68.4413,44.3869],[-68.4396,44.3841],[-68.4512,44.3721],[-68.4711,44.362],[-68.4833,44.3696],[-68.4867,44.3727],[-68.494,44.387],[-68.4991,44.3946],[-68.4982,44.3965],[-68.4835,44.4021],[-68.4801,44.4042],[-68.4801,44.4078],[-68.482,44.4135],[-68.4873,44.4186],[-68.4863,44.4274],[-68.4806,44.443],[-68.5995,44.4931],[-68.6022,44.4976],[-68.6043,44.504],[-68.6073,44.5086],[-68.6108,44.5113],[-68.6187,44.5138],[-68.6212,44.5165],[-68.6227,44.5209],[-68.6209,44.5264],[-68.6213,44.5316],[-68.6255,44.5408],[-68.6023,44.5476],[-68.5959,44.5569],[-68.5873,44.5524],[-68.5757,44.5522],[-68.5729,44.5505],[-68.5669,44.5446],[-68.5556,44.5457],[-68.549,44.5446],[-68.5449,44.5427],[-68.5356,44.5366],[-68.5267,44.5325],[-68.5182,44.53],[-68.5174,44.5294],[-68.5173,44.5278],[-68.4725,44.5134],[-68.4557,44.5036],[-68.4303,44.5016],[-68.4288,44.4942],[-68.4312,44.4855],[-68.4318,44.4795],[-68.4336,44.4766]]]}},{"type":"Feature","properties":{"TOWN":"Fayette"},"geometry":{"type":"Polygon","coordinates":[[[-70.0168,44.4244],[-70.0178,44.4216],[-70.017,44.4181],[-70.019,44.4154],[-70.0172,44.4034],[-70.018,44.4013],[-70.0176,44.3995],[-70.0193,44.3956],[-70.021,44.3941],[-70.0218,44.3909],[-70.0995,44.3801],[-70.1294,44.4872],[-70.0424,44.4852],[-70.042,44.4822],[-70.0429,44.4801],[-70.0423,44.4796],[-70.0384,44.4842],[-70.0375,44.4879],[-70.0362,44.4881],[-70.0347,44.4901],[-70.0322,44.4898],[-70.0306,44.4872],[-70.0317,44.4832],[-70.0308,44.4756],[-70.0323,44.4707],[-70.0318,44.4683],[-70.0331,44.4675],[-70.0344,44.4648],[-70.0358,44.461],[-70.0353,44.4595],[-70.0338,44.4585],[-70.0334,44.4595],[-70.0343,44.4604],[-70.0291,44.4656],[-70.0256,44.4667],[-70.0231,44.4657],[-70.0211,44.4683],[-70.0184,44.4671],[-70.0157,44.464],[-70.0252,44.4445],[-70.0306,44.4266],[-70.0168,44.4244]]]}},{"type":"Feature","properties":{"TOWN":"Livermore"},"geometry":{"type":"Polygon","coordinates":[[[-70.1532,44.3694],[-70.1569,44.3678],[-70.1649,44.3669],[-70.1716,44.3686],[-70.1783,44.3684],[-70.1816,44.3693],[-70.1845,44.3684],[-70.1874,44.3622],[-70.1889,44.3539],[-70.1879,44.3487],[-70.1845,44.3459],[-70.1879,44.3432],[-70.2652,44.3629],[-70.2787,44.4152],[-70.2683,44.4164],[-70.2744,44.4406],[-70.1998,44.4783],[-70.1865,44.4685],[-70.1856,44.4672],[-70.1847,44.4618],[-70.1822,44.4596],[-70.1786,44.458],[-70.1731,44.4497],[-70.1739,44.445],[-70.1726,44.4391],[-70.1742,44.4327],[-70.1737,44.4253],[-70.173,44.4241],[-70.168,44.4211],[-70.1562,44.4176],[-70.154,44.4165],[-70.1529,44.4149],[-70.1519,44.4095],[-70.1534,44.4001],[-70.1527,44.3959],[-70.1504,44.3896],[-70.1531,44.3839],[-70.1529,44.3764],[-70.152,44.3721],[-70.1532,44.3694]]]}},{"type":"Feature","properties":{"TOWN":"Roque Bluffs"},"geometry":{"type":"Polygon","coordinates":[[[-67.4209,44.5943],[-67.4645,44.5892],[-67.5423,44.6142],[-67.5402,44.6182],[-67.5421,44.6247],[-67.5413,44.6302],[-67.5435,44.6352],[-67.5404,44.6396],[-67.5373,44.6399],[-67.5343,44.6416],[-67.5314,44.6449],[-67.5289,44.6465],[-67.5306,44.6522],[-67.527,44.6528],[-67.5254,44.6473],[-67.5188,44.6491],[-67.5229,44.656],[-67.4998,44.6629],[-67.4917,44.6474],[-67.4653,44.6552],[-67.4691,44.6404],[-67.439,44.6502],[-67.4406,44.6479],[-67.4404,44.6445],[-67.4422,44.6417],[-67.4429,44.6358],[-67.4414,44.633],[-67.4376,44.6297],[-67.4368,44.6271],[-67.4316,44.6257],[-67.4279,44.6194],[-67.4251,44.6174],[-67.4254,44.6157],[-67.4236,44.6106],[-67.4247,44.606],[-67.4193,44.5968],[-67.4209,44.5943]]]}},{"type":"Feature","properties":{"TOWN":"Mercer"},"geometry":{"type":"Polygon","coordinates":[[[-69.8628,44.6697],[-69.8644,44.6585],[-69.8677,44.6588],[-69.8679,44.6547],[-69.8688,44.6535],[-69.8669,44.6509],[-69.8675,44.6506],[-69.866,44.649],[-69.8662,44.648],[-69.8645,44.647],[-69.865,44.6457],[-69.8639,44.6454],[-69.8647,44.6444],[-69.8499,44.622],[-69.9305,44.6109],[-69.9471,44.648],[-69.9676,44.6585],[-69.9688,44.6615],[-69.9665,44.663],[-69.9637,44.6607],[-69.9603,44.6605],[-69.9587,44.6627],[-69.9582,44.6679],[-69.9589,44.6703],[-69.9609,44.6728],[-69.9651,44.6747],[-69.964,44.6765],[-69.9609,44.678],[-69.9596,44.6801],[-69.9634,44.6861],[-69.9562,44.6906],[-69.9575,44.693],[-69.9569,44.6988],[-69.958,44.7023],[-69.9574,44.7033],[-69.9518,44.7035],[-69.9457,44.7083],[-69.9428,44.7094],[-69.9351,44.7076],[-69.9316,44.7058],[-69.9297,44.7033],[-69.9239,44.7037],[-69.9204,44.7059],[-69.9188,44.7092],[-69.9166,44.7114],[-69.9056,44.7104],[-69.8962,44.7146],[-69.8951,44.7117],[-69.8902,44.708],[-69.8919,44.7069],[-69.8827,44.7026],[-69.8685,44.6929],[-69.8658,44.6824],[-69.8683,44.6817],[-69.8676,44.6751],[-69.8642,44.6758],[-69.8628,44.6697]]]}},{"type":"Feature","properties":{"TOWN":"Andover"},"geometry":{"type":"Polygon","coordinates":[[[-70.7064,44.6535],[-70.6553,44.5908],[-70.7796,44.5427],[-70.8215,44.5974],[-70.8605,44.651],[-70.7394,44.6953],[-70.7064,44.6535]]]}},{"type":"Feature","properties":{"TOWN":"Perkins Twp"},"geometry":{"type":"Polygon","coordinates":[[[-70.3312,44.6671],[-70.3558,44.6568],[-70.3455,44.6358],[-70.3729,44.6243],[-70.398,44.6739],[-70.3452,44.6958],[-70.3312,44.6671]]]}},{"type":"Feature","properties":{"TOWN":"Fairfield"},"geometry":{"type":"Polygon","coordinates":[[[-69.633,44.6988],[-69.6327,44.6907],[-69.63,44.6845],[-69.6288,44.6727],[-69.6275,44.6705],[-69.6222,44.6655],[-69.6175,44.657],[-69.6143,44.6542],[-69.6056,44.6511],[-69.5992,44.6445],[-69.5921,44.6395],[-69.586,44.6324],[-69.5817,44.6301],[-69.5791,44.627],[-69.5789,44.624],[-69.5806,44.6204],[-69.5902,44.6081],[-69.5927,44.6034],[-69.5926,44.5979],[-69.5893,44.5898],[-69.5909,44.5846],[-69.5931,44.5822],[-69.6005,44.5803],[-69.6057,44.5773],[-69.7421,44.5983],[-69.7803,44.6771],[-69.7383,44.6713],[-69.7342,44.6862],[-69.7323,44.6865],[-69.7319,44.6942],[-69.7299,44.6869],[-69.6408,44.6999],[-69.633,44.6988]]]}},{"type":"Feature","properties":{"TOWN":"Bucksport"},"geometry":{"type":"Polygon","coordinates":[[[-68.7463,44.5813],[-68.7733,44.5655],[-68.7917,44.5699],[-68.7983,44.5681],[-68.8003,44.5697],[-68.8066,44.5708],[-68.8109,44.5731],[-68.815,44.5779],[-68.8197,44.5896],[-68.8267,44.5999],[-68.8317,44.6051],[-68.8417,44.611],[-68.8457,44.6147],[-68.8475,44.6198],[-68.8464,44.6265],[-68.8372,44.6378],[-68.834,44.6433],[-68.8319,44.6512],[-68.8227,44.6637],[-68.8121,44.6693],[-68.8119,44.6719],[-68.815,44.6787],[-68.8158,44.6838],[-68.7978,44.6888],[-68.797,44.6871],[-68.7943,44.6878],[-68.7929,44.6855],[-68.786,44.6867],[-68.7851,44.6784],[-68.781,44.6788],[-68.7663,44.6757],[-68.7719,44.6645],[-68.7578,44.662],[-68.7576,44.6626],[-68.744,44.6606],[-68.7269,44.6961],[-68.7139,44.7036],[-68.6909,44.7217],[-68.6379,44.6665],[-68.7271,44.5943],[-68.7298,44.5936],[-68.7322,44.5902],[-68.7342,44.5893],[-68.7364,44.5898],[-68.7376,44.5858],[-68.7392,44.5837],[-68.7417,44.5819],[-68.7463,44.5813]]]}},{"type":"Feature","properties":{"TOWN":"Carthage"},"geometry":{"type":"Polygon","coordinates":[[[-70.3455,44.6358],[-70.3322,44.6089],[-70.3476,44.5802],[-70.55,44.6107],[-70.398,44.6739],[-70.3729,44.6243],[-70.3455,44.6358]]]}},{"type":"Feature","properties":{"TOWN":"Smithfield"},"geometry":{"type":"Polygon","coordinates":[[[-69.7803,44.6771],[-69.7443,44.6026],[-69.7763,44.6082],[-69.7873,44.5941],[-69.7928,44.5773],[-69.8185,44.5813],[-69.8188,44.5819],[-69.8177,44.5821],[-69.8166,44.5842],[-69.818,44.5848],[-69.817,44.5856],[-69.8177,44.5856],[-69.8174,44.5865],[-69.8186,44.5883],[-69.8175,44.589],[-69.8185,44.5903],[-69.8173,44.5916],[-69.8188,44.5925],[-69.818,44.5929],[-69.8187,44.5943],[-69.8178,44.5946],[-69.8184,44.5953],[-69.8171,44.5964],[-69.8172,44.5978],[-69.8184,44.5978],[-69.8188,44.5992],[-69.8204,44.5996],[-69.8204,44.6006],[-69.8223,44.6009],[-69.8224,44.6019],[-69.8204,44.6032],[-69.8208,44.6041],[-69.8227,44.6046],[-69.8217,44.6049],[-69.8228,44.6052],[-69.822,44.6067],[-69.8224,44.6077],[-69.8239,44.6078],[-69.8254,44.6067],[-69.8264,44.6079],[-69.8282,44.6083],[-69.8533,44.6215],[-69.8499,44.622],[-69.8647,44.6444],[-69.8639,44.6454],[-69.865,44.6457],[-69.8645,44.647],[-69.8662,44.648],[-69.866,44.649],[-69.8675,44.6506],[-69.8669,44.6509],[-69.8688,44.6535],[-69.8679,44.6547],[-69.8677,44.6588],[-69.8644,44.6585],[-69.8628,44.6697],[-69.8325,44.6741],[-69.8289,44.6716],[-69.7909,44.6787],[-69.7803,44.6771]]]}},{"type":"Feature","properties":{"TOWN":"Monroe"},"geometry":{"type":"Polygon","coordinates":[[[-68.9665,44.6165],[-68.9682,44.6133],[-68.9706,44.6125],[-68.9714,44.6106],[-68.98,44.6048],[-68.9843,44.5995],[-68.9869,44.5999],[-68.9845,44.5978],[-68.985,44.5953],[-68.9869,44.5961],[-68.9898,44.5947],[-68.9904,44.5961],[-68.9925,44.5956],[-68.9878,44.5797],[-69.0342,44.5487],[-69.0476,44.5494],[-69.0486,44.5466],[-69.0504,44.5454],[-69.0513,44.5453],[-69.0505,44.5464],[-69.0514,44.5467],[-69.0529,44.5451],[-69.0573,44.5439],[-69.06,44.5416],[-69.0592,44.5488],[-69.0678,44.5494],[-69.0673,44.5525],[-69.0985,44.5557],[-69.097,44.575],[-69.1017,44.5828],[-69.1077,44.5821],[-69.0963,44.6255],[-69.0886,44.6593],[-69.0142,44.6718],[-68.9995,44.6208],[-68.9915,44.6254],[-68.9802,44.6204],[-68.979,44.6216],[-68.9665,44.6165]]]}},{"type":"Feature","properties":{"TOWN":"Ellsworth"},"geometry":{"type":"Polygon","coordinates":[[[-68.4254,44.4724],[-68.4346,44.4759],[-68.4318,44.4795],[-68.4312,44.4855],[-68.4288,44.4942],[-68.4303,44.5016],[-68.4557,44.5036],[-68.4725,44.5134],[-68.5173,44.5278],[-68.5174,44.5294],[-68.5182,44.53],[-68.5267,44.5325],[-68.5356,44.5366],[-68.5477,44.5441],[-68.5546,44.5457],[-68.5669,44.5446],[-68.5729,44.5505],[-68.5757,44.5522],[-68.5873,44.5524],[-68.5959,44.5569],[-68.579,44.5816],[-68.6398,44.6367],[-68.5677,44.6463],[-68.5684,44.6495],[-68.5551,44.6514],[-68.5543,44.6485],[-68.4187,44.6662],[-68.3841,44.5323],[-68.3943,44.5001],[-68.4024,44.4782],[-68.4254,44.4724]]]}},{"type":"Feature","properties":{"TOWN":"Wilton"},"geometry":{"type":"Polygon","coordinates":[[[-70.1345,44.5952],[-70.1525,44.5893],[-70.2778,44.5731],[-70.2807,44.5696],[-70.3476,44.5802],[-70.3169,44.6377],[-70.2515,44.658],[-70.2484,44.6559],[-70.2464,44.6564],[-70.2433,44.6541],[-70.2415,44.6614],[-70.2074,44.6722],[-70.1972,44.6546],[-70.1698,44.6257],[-70.1574,44.6126],[-70.1345,44.5952]]]}},{"type":"Feature","properties":{"TOWN":"Washington Twp"},"geometry":{"type":"Polygon","coordinates":[[[-70.3169,44.6377],[-70.3322,44.6089],[-70.3558,44.6568],[-70.3312,44.6671],[-70.3169,44.6377]]]}},{"type":"Feature","properties":{"TOWN":"Jackson"},"geometry":{"type":"Polygon","coordinates":[[[-69.0963,44.6255],[-69.1095,44.5749],[-69.1787,44.5649],[-69.2043,44.6406],[-69.0886,44.6593],[-69.0963,44.6255]]]}},{"type":"Feature","properties":{"TOWN":"Unity"},"geometry":{"type":"Polygon","coordinates":[[[-69.2859,44.6271],[-69.2855,44.608],[-69.2827,44.572],[-69.2834,44.5548],[-69.2916,44.5339],[-69.4168,44.5511],[-69.3931,44.6404],[-69.3429,44.635],[-69.326,44.6539],[-69.2991,44.65],[-69.2859,44.6271]]]}},{"type":"Feature","properties":{"TOWN":"Thorndike"},"geometry":{"type":"Polygon","coordinates":[[[-69.1787,44.5649],[-69.2805,44.5482],[-69.2834,44.5548],[-69.2827,44.572],[-69.2855,44.608],[-69.2859,44.6271],[-69.2043,44.6406],[-69.1787,44.5649]]]}},{"type":"Feature","properties":{"TOWN":"Frankfort"},"geometry":{"type":"Polygon","coordinates":[[[-68.8632,44.6205],[-68.8457,44.6148],[-68.8418,44.6111],[-68.8492,44.6053],[-68.8542,44.5999],[-68.8615,44.5948],[-68.8632,44.5926],[-68.863,44.5886],[-68.8574,44.5821],[-68.8558,44.5774],[-68.9718,44.5602],[-68.9875,44.5791],[-68.9925,44.5955],[-68.9904,44.5961],[-68.9898,44.5947],[-68.9869,44.5961],[-68.985,44.5953],[-68.9845,44.5978],[-68.9869,44.5999],[-68.9843,44.5995],[-68.98,44.6048],[-68.9714,44.6106],[-68.9706,44.6125],[-68.9682,44.6133],[-68.9673,44.6159],[-68.9645,44.6178],[-68.9656,44.6203],[-68.9647,44.6216],[-68.9633,44.6219],[-68.9606,44.6205],[-68.9623,44.6188],[-68.9611,44.617],[-68.9599,44.6171],[-68.9565,44.6199],[-68.9541,44.6187],[-68.9514,44.6189],[-68.9475,44.6235],[-68.9427,44.625],[-68.9411,44.6268],[-68.9378,44.6274],[-68.9374,44.6286],[-68.9321,44.6299],[-68.9263,44.6341],[-68.9233,44.6344],[-68.9226,44.6329],[-68.921,44.6324],[-68.9191,44.6345],[-68.9134,44.6357],[-68.9103,44.6378],[-68.8973,44.6375],[-68.8937,44.6361],[-68.8877,44.6387],[-68.884,44.6393],[-68.8791,44.6365],[-68.878,44.6343],[-68.8736,44.6303],[-68.8724,44.6267],[-68.8674,44.6246],[-68.8632,44.6205]]]}},{"type":"Feature","properties":{"TOWN":"Mexico"},"geometry":{"type":"Polygon","coordinates":[[[-70.5675,44.6129],[-70.4716,44.5986],[-70.4715,44.5956],[-70.4733,44.5953],[-70.4732,44.5935],[-70.4696,44.5892],[-70.4644,44.5866],[-70.4651,44.5857],[-70.4678,44.5855],[-70.4688,44.5846],[-70.4646,44.5822],[-70.4623,44.5818],[-70.4623,44.5763],[-70.4576,44.5718],[-70.459,44.5692],[-70.458,44.5666],[-70.4593,44.5655],[-70.4588,44.563],[-70.4611,44.5612],[-70.4634,44.5573],[-70.4584,44.5539],[-70.4575,44.5523],[-70.4584,44.5483],[-70.4569,44.5448],[-70.4616,44.5418],[-70.4601,44.5391],[-70.4606,44.5348],[-70.4594,44.5309],[-70.4602,44.5295],[-70.4712,44.5319],[-70.4814,44.5299],[-70.489,44.5305],[-70.504,44.5298],[-70.5268,44.5424],[-70.5403,44.5547],[-70.5418,44.555],[-70.5439,44.5544],[-70.5469,44.5558],[-70.5923,44.616],[-70.5688,44.6131],[-70.5676,44.6137],[-70.5675,44.6129]]]}},{"type":"Feature","properties":{"TOWN":"Rome"},"geometry":{"type":"Polygon","coordinates":[[[-69.8185,44.5813],[-69.8197,44.5813],[-69.82,44.5803],[-69.8187,44.5802],[-69.8197,44.5796],[-69.8184,44.5782],[-69.817,44.5741],[-69.823,44.5718],[-69.8263,44.5688],[-69.8348,44.5585],[-69.8387,44.5497],[-69.8421,44.5475],[-69.8485,44.5475],[-69.8539,44.5489],[-69.8574,44.5509],[-69.8603,44.5538],[-69.8638,44.5617],[-69.8657,44.5642],[-69.8701,44.5659],[-69.8749,44.5645],[-69.8772,44.5595],[-69.8779,44.5526],[-69.8764,44.5469],[-69.8726,44.5416],[-69.8719,44.5341],[-69.8738,44.5293],[-69.8778,44.5263],[-69.8792,44.5257],[-69.8807,44.5283],[-69.8832,44.5299],[-69.8831,44.5278],[-69.8847,44.5278],[-69.8876,44.5293],[-69.8878,44.5321],[-69.8891,44.5319],[-69.8889,44.5303],[-69.9096,44.5124],[-69.9135,44.5124],[-69.9475,44.5181],[-69.9455,44.5257],[-69.9473,44.526],[-69.9358,44.5676],[-69.9406,44.5683],[-69.9326,44.5801],[-69.9468,44.5824],[-69.9277,44.6041],[-69.9305,44.6109],[-69.8533,44.6215],[-69.8282,44.6083],[-69.8264,44.6079],[-69.8254,44.6067],[-69.8239,44.6078],[-69.8224,44.6077],[-69.822,44.6067],[-69.8228,44.6052],[-69.8217,44.6049],[-69.8227,44.6046],[-69.8208,44.6041],[-69.8204,44.6032],[-69.8224,44.6019],[-69.8223,44.6009],[-69.8204,44.6006],[-69.8204,44.5996],[-69.8188,44.5992],[-69.8184,44.5978],[-69.8172,44.5978],[-69.8171,44.5964],[-69.8184,44.5953],[-69.8178,44.5946],[-69.8187,44.5943],[-69.818,44.5929],[-69.8188,44.5925],[-69.8173,44.5916],[-69.8185,44.5903],[-69.8175,44.589],[-69.8186,44.5883],[-69.8174,44.5865],[-69.8177,44.5856],[-69.817,44.5856],[-69.818,44.5848],[-69.8166,44.5842],[-69.8177,44.5821],[-69.8188,44.5819],[-69.8185,44.5813]]]}},{"type":"Feature","properties":{"TOWN":"Benton"},"geometry":{"type":"Polygon","coordinates":[[[-69.5873,44.6341],[-69.4365,44.6136],[-69.447,44.5764],[-69.4432,44.5613],[-69.4797,44.5663],[-69.4818,44.5593],[-69.6057,44.5773],[-69.6005,44.5803],[-69.5927,44.5824],[-69.5909,44.5846],[-69.5893,44.5889],[-69.5902,44.5931],[-69.5926,44.5979],[-69.5927,44.6034],[-69.5902,44.6081],[-69.5811,44.6196],[-69.5789,44.6244],[-69.5791,44.627],[-69.5817,44.6301],[-69.5857,44.6322],[-69.5873,44.6341]]]}},{"type":"Feature","properties":{"TOWN":"Rumford"},"geometry":{"type":"Polygon","coordinates":[[[-70.4829,44.5298],[-70.5084,44.5038],[-70.504,44.4968],[-70.5501,44.4791],[-70.5591,44.4906],[-70.5515,44.4937],[-70.5558,44.499],[-70.661,44.4572],[-70.6697,44.4676],[-70.6689,44.4696],[-70.6806,44.4902],[-70.7327,44.5609],[-70.5923,44.616],[-70.5469,44.5558],[-70.5439,44.5544],[-70.5418,44.555],[-70.5403,44.5547],[-70.5268,44.5424],[-70.5054,44.5302],[-70.5015,44.5295],[-70.489,44.5305],[-70.4829,44.5298]]]}},{"type":"Feature","properties":{"TOWN":"Riley Twp"},"geometry":{"type":"Polygon","coordinates":[[[-70.8988,44.4276],[-71.0173,44.4152],[-71.0254,44.54],[-70.9953,44.5443],[-70.9722,44.5426],[-70.9042,44.5514],[-70.8988,44.4276]]]}},{"type":"Feature","properties":{"TOWN":"Knox"},"geometry":{"type":"Polygon","coordinates":[[[-69.1462,44.4716],[-69.2018,44.4648],[-69.2034,44.4714],[-69.2509,44.5064],[-69.2593,44.5114],[-69.2737,44.5177],[-69.2784,44.5176],[-69.2892,44.5227],[-69.2917,44.5339],[-69.2834,44.5548],[-69.2805,44.5482],[-69.1787,44.5649],[-69.1462,44.4716]]]}},{"type":"Feature","properties":{"TOWN":"Prospect"},"geometry":{"type":"Polygon","coordinates":[[[-68.8052,44.549],[-68.8304,44.5518],[-68.8272,44.5464],[-68.8549,44.5416],[-68.8523,44.5341],[-68.8588,44.5332],[-68.859,44.5348],[-68.8708,44.5351],[-68.8706,44.5316],[-68.9147,44.5249],[-68.9144,44.5239],[-68.9232,44.5227],[-68.9322,44.5523],[-68.9388,44.5561],[-68.9401,44.561],[-68.9385,44.5652],[-68.8558,44.5774],[-68.8574,44.5821],[-68.863,44.5886],[-68.8632,44.5926],[-68.8615,44.5948],[-68.8542,44.5999],[-68.8492,44.6053],[-68.8418,44.6111],[-68.8339,44.6067],[-68.8267,44.5999],[-68.8207,44.5915],[-68.8154,44.5784],[-68.8116,44.5737],[-68.8078,44.5712],[-68.8011,44.5701],[-68.7983,44.5683],[-68.7981,44.5667],[-68.7992,44.5641],[-68.8057,44.5551],[-68.8062,44.5523],[-68.8052,44.549]]]}},{"type":"Feature","properties":{"TOWN":"Verona Island"},"geometry":{"type":"Polygon","coordinates":[[[-68.7924,44.5699],[-68.7753,44.5663],[-68.7712,44.5638],[-68.7678,44.5572],[-68.7641,44.5375],[-68.7626,44.5359],[-68.7549,44.5334],[-68.7539,44.531],[-68.7541,44.5275],[-68.7585,44.5202],[-68.7599,44.5119],[-68.764,44.5074],[-68.773,44.5017],[-68.7925,44.4967],[-68.7955,44.5089],[-68.8033,44.5273],[-68.8033,44.5434],[-68.8062,44.5529],[-68.8048,44.557],[-68.7983,44.5658],[-68.7983,44.5681],[-68.7924,44.5699]]]}},{"type":"Feature","properties":{"TOWN":"Stockton Springs"},"geometry":{"type":"Polygon","coordinates":[[[-68.8036,44.5452],[-68.8033,44.5273],[-68.7955,44.5089],[-68.7924,44.496],[-68.7947,44.486],[-68.7951,44.4774],[-68.7971,44.4684],[-68.8001,44.4631],[-68.8046,44.4584],[-68.8289,44.4418],[-68.8407,44.4313],[-68.8478,44.4229],[-68.8509,44.4181],[-68.8558,44.4213],[-68.8593,44.4258],[-68.8638,44.436],[-68.8661,44.4469],[-68.8681,44.464],[-68.8663,44.4685],[-68.8608,44.4749],[-68.8604,44.4773],[-68.8611,44.4792],[-68.8667,44.4851],[-68.8663,44.4854],[-68.8793,44.4916],[-68.8814,44.49],[-68.8858,44.5046],[-68.9164,44.5008],[-68.9232,44.5227],[-68.9144,44.5239],[-68.9147,44.5249],[-68.8706,44.5316],[-68.8708,44.5351],[-68.859,44.5348],[-68.8588,44.5332],[-68.8523,44.5341],[-68.8549,44.5416],[-68.8272,44.5464],[-68.8304,44.5518],[-68.8052,44.549],[-68.8036,44.5452]]]}},{"type":"Feature","properties":{"TOWN":"Canton"},"geometry":{"type":"Polygon","coordinates":[[[-70.2389,44.459],[-70.2744,44.4406],[-70.2683,44.4164],[-70.2787,44.4152],[-70.2768,44.4075],[-70.2816,44.407],[-70.2832,44.413],[-70.3043,44.4104],[-70.3069,44.4204],[-70.3158,44.4203],[-70.3307,44.4356],[-70.3603,44.4758],[-70.3574,44.4792],[-70.3546,44.4798],[-70.354,44.4779],[-70.3493,44.4798],[-70.3503,44.4835],[-70.3489,44.485],[-70.3518,44.4856],[-70.3077,44.5379],[-70.2899,44.5403],[-70.2809,44.5051],[-70.2706,44.5062],[-70.2694,44.5012],[-70.2509,44.5034],[-70.2389,44.459]]]}},{"type":"Feature","properties":{"TOWN":"Penobscot"},"geometry":{"type":"Polygon","coordinates":[[[-68.7041,44.3954],[-68.7051,44.3968],[-68.703,44.4007],[-68.7035,44.4027],[-68.7115,44.408],[-68.7139,44.4112],[-68.7171,44.4135],[-68.7202,44.4138],[-68.7246,44.4102],[-68.7265,44.4099],[-68.7303,44.4115],[-68.7343,44.4147],[-68.7418,44.4248],[-68.746,44.4279],[-68.7483,44.4282],[-68.7628,44.4248],[-68.7722,44.4306],[-68.7696,44.4323],[-68.7765,44.4356],[-68.776,44.4379],[-68.7767,44.4423],[-68.7803,44.4484],[-68.7833,44.4472],[-68.7848,44.451],[-68.7875,44.4543],[-68.7923,44.4578],[-68.801,44.462],[-68.7966,44.47],[-68.7951,44.4774],[-68.7947,44.486],[-68.7925,44.4937],[-68.6255,44.5408],[-68.6213,44.5316],[-68.6209,44.5264],[-68.6227,44.5209],[-68.6212,44.5165],[-68.6187,44.5138],[-68.6108,44.5113],[-68.6073,44.5086],[-68.6043,44.504],[-68.6022,44.4976],[-68.5995,44.4931],[-68.6304,44.5054],[-68.6967,44.4063],[-68.6967,44.4052],[-68.7041,44.3954]]]}},{"type":"Feature","properties":{"TOWN":"Freedom"},"geometry":{"type":"Polygon","coordinates":[[[-69.2916,44.5339],[-69.2892,44.5227],[-69.3028,44.5149],[-69.3052,44.5095],[-69.3109,44.5045],[-69.3142,44.5036],[-69.303,44.5001],[-69.3074,44.493],[-69.3396,44.4494],[-69.396,44.4571],[-69.3848,44.4963],[-69.3828,44.5062],[-69.3724,44.5446],[-69.2916,44.5339]]]}},{"type":"Feature","properties":{"TOWN":"Peru"},"geometry":{"type":"Polygon","coordinates":[[[-70.4602,44.5295],[-70.454,44.5267],[-70.4463,44.5254],[-70.4436,44.5238],[-70.4392,44.5235],[-70.4168,44.5172],[-70.4109,44.5149],[-70.4064,44.5114],[-70.4037,44.5067],[-70.3973,44.5027],[-70.3942,44.4998],[-70.3906,44.4989],[-70.3862,44.4994],[-70.3729,44.4921],[-70.3673,44.4903],[-70.3577,44.4887],[-70.3515,44.486],[-70.3518,44.4856],[-70.3489,44.485],[-70.3503,44.4835],[-70.3493,44.4798],[-70.354,44.4779],[-70.3546,44.4798],[-70.3574,44.4792],[-70.3603,44.4758],[-70.3518,44.4633],[-70.3664,44.4485],[-70.3736,44.4522],[-70.4044,44.4216],[-70.4401,44.4285],[-70.4577,44.4246],[-70.4633,44.4347],[-70.5234,44.4362],[-70.5308,44.4621],[-70.5508,44.4536],[-70.5606,44.4751],[-70.504,44.4968],[-70.5084,44.5038],[-70.4829,44.5298],[-70.4712,44.5319],[-70.4602,44.5295]]]}},{"type":"Feature","properties":{"TOWN":"Hanover"},"geometry":{"type":"Polygon","coordinates":[[[-70.6864,44.4981],[-70.6904,44.4975],[-70.6926,44.4957],[-70.6953,44.488],[-70.6988,44.4836],[-70.701,44.4792],[-70.7025,44.4781],[-70.7067,44.4807],[-70.7166,44.4786],[-70.7224,44.4783],[-70.7338,44.4815],[-70.7405,44.4821],[-70.7478,44.4844],[-70.7533,44.4849],[-70.7613,44.4843],[-70.7666,44.4851],[-70.7726,44.4873],[-70.7829,44.4869],[-70.7847,44.4862],[-70.7878,44.4866],[-70.7582,44.5001],[-70.7043,44.5225],[-70.6864,44.4981]]]}},{"type":"Feature","properties":{"TOWN":"Newry"},"geometry":{"type":"Polygon","coordinates":[[[-70.7327,44.5609],[-70.7043,44.5225],[-70.7582,44.5001],[-70.7878,44.4866],[-70.8912,44.418],[-70.8988,44.4276],[-70.9042,44.5514],[-70.8799,44.5546],[-70.8811,44.5731],[-70.8667,44.5784],[-70.8675,44.5796],[-70.8546,44.585],[-70.8211,44.5969],[-70.7796,44.5427],[-70.7327,44.5609]]]}},{"type":"Feature","properties":{"TOWN":"Dixfield"},"geometry":{"type":"Polygon","coordinates":[[[-70.4716,44.5986],[-70.2807,44.5696],[-70.3515,44.486],[-70.3577,44.4887],[-70.3673,44.4903],[-70.3729,44.4921],[-70.3862,44.4994],[-70.3906,44.4989],[-70.3942,44.4998],[-70.3973,44.5027],[-70.4037,44.5067],[-70.4064,44.5114],[-70.4109,44.5149],[-70.4168,44.5172],[-70.4392,44.5235],[-70.4436,44.5238],[-70.4463,44.5254],[-70.454,44.5267],[-70.4602,44.5295],[-70.4594,44.5309],[-70.4606,44.5348],[-70.4601,44.5391],[-70.4616,44.5418],[-70.4569,44.5448],[-70.4584,44.5483],[-70.4575,44.5523],[-70.4584,44.5539],[-70.4634,44.5573],[-70.4611,44.5612],[-70.4588,44.563],[-70.4593,44.5655],[-70.458,44.5666],[-70.459,44.5692],[-70.4576,44.5718],[-70.4623,44.5763],[-70.4623,44.5818],[-70.4646,44.5822],[-70.4688,44.5846],[-70.4678,44.5855],[-70.4651,44.5857],[-70.4644,44.5866],[-70.4696,44.5892],[-70.4732,44.5935],[-70.4733,44.5953],[-70.4716,44.5954],[-70.4716,44.5986]]]}},{"type":"Feature","properties":{"TOWN":"Cherryfield"},"geometry":{"type":"Polygon","coordinates":[[[-67.8607,44.6295],[-67.8562,44.6148],[-67.9194,44.6045],[-67.9083,44.5526],[-67.919,44.5511],[-67.9184,44.5489],[-67.9246,44.548],[-67.9269,44.5551],[-67.9348,44.554],[-67.9368,44.56],[-67.9407,44.5595],[-67.9446,44.5722],[-67.9478,44.5717],[-67.9492,44.5762],[-67.9502,44.576],[-67.9535,44.5849],[-67.9568,44.5845],[-67.958,44.5884],[-67.9567,44.5886],[-67.9581,44.593],[-67.9569,44.5932],[-67.9583,44.5977],[-67.9936,44.5922],[-68.0161,44.6767],[-67.9995,44.679],[-67.9995,44.6804],[-67.9511,44.6892],[-67.8921,44.6992],[-67.8699,44.6287],[-67.8607,44.6295]]]}},{"type":"Feature","properties":{"TOWN":"Jay"},"geometry":{"type":"Polygon","coordinates":[[[-70.1294,44.4872],[-70.2013,44.478],[-70.2389,44.459],[-70.2509,44.5034],[-70.2694,44.5012],[-70.2706,44.5062],[-70.2809,44.5051],[-70.2899,44.5403],[-70.3077,44.5379],[-70.2778,44.5731],[-70.1525,44.5893],[-70.1396,44.5382],[-70.1294,44.4872]]]}},{"type":"Feature","properties":{"TOWN":"Albion"},"geometry":{"type":"Polygon","coordinates":[[[-69.4095,44.5789],[-69.4168,44.5511],[-69.3724,44.5446],[-69.3828,44.5062],[-69.3848,44.4963],[-69.396,44.4571],[-69.4697,44.4672],[-69.4697,44.4822],[-69.5153,44.4904],[-69.4935,44.5609],[-69.4818,44.5593],[-69.4797,44.5663],[-69.4432,44.5613],[-69.447,44.5764],[-69.4447,44.5842],[-69.4095,44.5789]]]}},{"type":"Feature","properties":{"TOWN":"Brooks"},"geometry":{"type":"Polygon","coordinates":[[[-69.06,44.5416],[-69.0505,44.5362],[-69.1026,44.4962],[-69.1462,44.4716],[-69.1787,44.5649],[-69.1095,44.5749],[-69.1077,44.5821],[-69.1017,44.5828],[-69.097,44.575],[-69.0985,44.5557],[-69.0673,44.5525],[-69.0678,44.5494],[-69.0592,44.5488],[-69.06,44.5416]]]}},{"type":"Feature","properties":{"TOWN":"Swanville"},"geometry":{"type":"Polygon","coordinates":[[[-68.9718,44.5602],[-68.9824,44.5587],[-68.9656,44.4991],[-69.0403,44.4656],[-69.0444,44.4758],[-69.0475,44.4871],[-69.0415,44.509],[-69.0654,44.5247],[-69.0505,44.5362],[-69.06,44.5416],[-69.0573,44.5439],[-69.0529,44.5451],[-69.0514,44.5467],[-69.0505,44.5464],[-69.0513,44.5453],[-69.0504,44.5454],[-69.0486,44.5466],[-69.0476,44.5494],[-69.0342,44.5487],[-68.9878,44.5797],[-68.9718,44.5602]]]}},{"type":"Feature","properties":{"TOWN":"Winslow"},"geometry":{"type":"Polygon","coordinates":[[[-69.6057,44.5773],[-69.4935,44.5609],[-69.514,44.4945],[-69.5386,44.4981],[-69.5433,44.4806],[-69.5652,44.4839],[-69.5656,44.4826],[-69.6766,44.5005],[-69.6734,44.5079],[-69.6591,44.5213],[-69.6498,44.5289],[-69.6377,44.535],[-69.6332,44.5399],[-69.6296,44.5422],[-69.6272,44.5454],[-69.6258,44.5525],[-69.6259,44.5561],[-69.625,44.5582],[-69.6214,44.5631],[-69.6142,44.5674],[-69.6107,44.5728],[-69.6057,44.5773]]]}},{"type":"Feature","properties":{"TOWN":"Vassalboro"},"geometry":{"type":"Polygon","coordinates":[[[-69.5656,44.4826],[-69.6136,44.3825],[-69.6153,44.3824],[-69.6161,44.3789],[-69.615,44.3743],[-69.6173,44.3746],[-69.6177,44.3735],[-69.6154,44.37],[-69.6119,44.3685],[-69.6133,44.3671],[-69.6134,44.3629],[-69.6124,44.3614],[-69.6127,44.3603],[-69.6104,44.3592],[-69.729,44.3778],[-69.727,44.3806],[-69.7285,44.383],[-69.7296,44.3872],[-69.7296,44.3909],[-69.7267,44.4001],[-69.7209,44.4079],[-69.7154,44.4102],[-69.7134,44.4119],[-69.7016,44.4269],[-69.6973,44.4366],[-69.6962,44.4422],[-69.687,44.458],[-69.6833,44.4756],[-69.6838,44.4807],[-69.6818,44.4878],[-69.6794,44.4922],[-69.6766,44.5005],[-69.5656,44.4826]]]}},{"type":"Feature","properties":{"TOWN":"York"},"geometry":{"type":"MultiPolygon","coordinates":[[[[-70.6695,43.1098],[-70.6704,43.1139],[-70.6746,43.1172],[-70.7024,43.1327],[-70.7448,43.1543],[-70.7574,43.1923],[-70.7545,43.1976],[-70.6529,43.2609],[-70.5812,43.2293],[-70.5094,43.2078],[-70.5135,43.1961],[-70.5197,43.191],[-70.5193,43.1867],[-70.5199,43.183],[-70.5205,43.1811],[-70.5229,43.1789],[-70.5209,43.1746],[-70.5207,43.1618],[-70.5217,43.1549],[-70.5071,43.1635],[-70.4933,43.1692],[-70.4864,43.1703],[-70.4649,43.1708],[-70.4462,43.1682],[-70.4409,43.1666],[-70.4312,43.1612],[-70.4196,43.1526],[-70.4106,43.1428],[-70.4072,43.1384],[-70.4046,43.1315],[-70.4031,43.1195],[-70.4041,43.1094],[-70.4062,43.1021],[-70.4107,43.0966],[-70.4211,43.0867],[-70.4306,43.0802],[-70.4398,43.0765],[-70.4486,43.0737],[-70.4591,43.0715],[-70.469,43.0707],[-70.4772,43.071],[-70.493,43.0731],[-70.4995,43.0749],[-70.5104,43.0801],[-70.5251,43.0893],[-70.5302,43.0937],[-70.5343,43.0991],[-70.5374,43.1059],[-70.5404,43.1197],[-70.5401,43.1306],[-70.5558,43.1215],[-70.5574,43.1147],[-70.562,43.1099],[-70.5732,43.1005],[-70.5822,43.0955],[-70.5858,43.081],[-70.6624,43.1012],[-70.6617,43.104],[-70.6642,43.105],[-70.6647,43.1063],[-70.6695,43.1098]]],[[[-70.3897,43.1252],[-70.3881,43.1255],[-70.3876,43.1243],[-70.3892,43.1238],[-70.3897,43.1252]]]]}},{"type":"Feature","properties":{"TOWN":"Wells"},"geometry":{"type":"Polygon","coordinates":[[[-70.5897,43.2688],[-70.5917,43.2684],[-70.5942,43.2713],[-70.5959,43.2716],[-70.5977,43.2708],[-70.5983,43.2712],[-70.599,43.2699],[-70.6061,43.269],[-70.6095,43.2645],[-70.6135,43.2677],[-70.6168,43.2664],[-70.6214,43.2666],[-70.6254,43.2639],[-70.6273,43.2641],[-70.6279,43.2627],[-70.6293,43.2642],[-70.6301,43.2639],[-70.6305,43.2652],[-70.6318,43.2654],[-70.6357,43.2635],[-70.6494,43.2644],[-70.6503,43.2636],[-70.65,43.2625],[-70.6512,43.2601],[-70.7017,43.2833],[-70.7112,43.3073],[-70.7242,43.3349],[-70.6701,43.3912],[-70.6602,43.387],[-70.6565,43.3824],[-70.6541,43.384],[-70.6517,43.3836],[-70.6394,43.3875],[-70.63,43.3878],[-70.6263,43.3865],[-70.623,43.387],[-70.6159,43.3855],[-70.6149,43.386],[-70.6135,43.3852],[-70.6108,43.3868],[-70.6066,43.3859],[-70.6057,43.3863],[-70.603,43.3855],[-70.6024,43.3846],[-70.5951,43.3848],[-70.5883,43.3825],[-70.5831,43.3791],[-70.5811,43.3791],[-70.575,43.3734],[-70.5751,43.372],[-70.5683,43.3693],[-70.5681,43.3682],[-70.5649,43.3676],[-70.5637,43.3647],[-70.5617,43.3641],[-70.5616,43.3628],[-70.5599,43.363],[-70.5594,43.3607],[-70.5571,43.3603],[-70.5572,43.3595],[-70.5539,43.3569],[-70.5534,43.3554],[-70.551,43.3541],[-70.5515,43.3534],[-70.5494,43.3533],[-70.5504,43.3518],[-70.5477,43.3504],[-70.5485,43.3498],[-70.547,43.3493],[-70.5477,43.3485],[-70.5454,43.3493],[-70.5454,43.3471],[-70.5441,43.3469],[-70.5446,43.346],[-70.546,43.3458],[-70.5437,43.3461],[-70.5445,43.3442],[-70.5435,43.3436],[-70.546,43.3428],[-70.5464,43.3419],[-70.5438,43.3386],[-70.5422,43.3378],[-70.5421,43.3399],[-70.5435,43.3415],[-70.541,43.3432],[-70.539,43.3375],[-70.5406,43.3355],[-70.5353,43.3353],[-70.493,43.2869],[-70.4973,43.2744],[-70.5022,43.2681],[-70.5148,43.2556],[-70.5208,43.2521],[-70.5897,43.2688]]]}},{"type":"Feature","properties":{"TOWN":"China"},"geometry":{"type":"Polygon","coordinates":[[[-69.514,44.4945],[-69.5153,44.4904],[-69.4697,44.4822],[-69.4697,44.4672],[-69.4455,44.4638],[-69.5064,44.3429],[-69.5942,44.3566],[-69.6104,44.3592],[-69.6127,44.3603],[-69.6124,44.3614],[-69.6136,44.365],[-69.6132,44.3673],[-69.6118,44.3685],[-69.6154,44.37],[-69.6177,44.3735],[-69.6173,44.3746],[-69.615,44.3743],[-69.6161,44.3789],[-69.6153,44.3824],[-69.6136,44.3825],[-69.5652,44.4839],[-69.5433,44.4806],[-69.5386,44.4981],[-69.514,44.4945]]]}},{"type":"Feature","properties":{"TOWN":"Woodstock"},"geometry":{"type":"Polygon","coordinates":[[[-70.5308,44.4621],[-70.5211,44.4262],[-70.5252,44.4243],[-70.519,44.4094],[-70.5145,44.3858],[-70.506,44.3708],[-70.5086,44.3695],[-70.513,44.3768],[-70.5252,44.3712],[-70.5219,44.3634],[-70.573,44.3393],[-70.5696,44.3334],[-70.5751,44.331],[-70.5797,44.3325],[-70.5823,44.3322],[-70.5838,44.3338],[-70.5853,44.334],[-70.591,44.3315],[-70.5873,44.3262],[-70.591,44.3247],[-70.5948,44.3297],[-70.6029,44.3259],[-70.6199,44.3412],[-70.6231,44.3457],[-70.6353,44.3559],[-70.6609,44.3798],[-70.6675,44.3769],[-70.6751,44.3852],[-70.6695,44.3874],[-70.69,44.4067],[-70.6942,44.4098],[-70.6406,44.4311],[-70.6369,44.4266],[-70.6236,44.4323],[-70.6205,44.4284],[-70.6241,44.4269],[-70.6213,44.4229],[-70.5308,44.4621]]]}},{"type":"Feature","properties":{"TOWN":"Hartford"},"geometry":{"type":"Polygon","coordinates":[[[-70.2768,44.4075],[-70.2652,44.3629],[-70.2815,44.3224],[-70.3178,44.3185],[-70.3181,44.3168],[-70.364,44.317],[-70.3625,44.3209],[-70.3628,44.3228],[-70.3612,44.321],[-70.3599,44.3219],[-70.3619,44.3243],[-70.3653,44.3245],[-70.3671,44.3272],[-70.3641,44.3279],[-70.3639,44.3292],[-70.3662,44.3295],[-70.3738,44.3332],[-70.3747,44.3343],[-70.3741,44.3359],[-70.3756,44.3363],[-70.3743,44.3373],[-70.3746,44.3385],[-70.3734,44.3392],[-70.3734,44.3418],[-70.3713,44.3438],[-70.3734,44.353],[-70.3759,44.3556],[-70.3744,44.3564],[-70.3771,44.3582],[-70.3738,44.3603],[-70.3773,44.3605],[-70.3774,44.3617],[-70.3818,44.3651],[-70.3817,44.3674],[-70.3848,44.3739],[-70.3839,44.3756],[-70.3843,44.3768],[-70.382,44.3792],[-70.3862,44.3831],[-70.3856,44.3841],[-70.3864,44.3856],[-70.386,44.3867],[-70.3871,44.3888],[-70.3881,44.3891],[-70.3859,44.3909],[-70.3883,44.3934],[-70.3867,44.3941],[-70.3866,44.3952],[-70.392,44.3992],[-70.395,44.3999],[-70.3958,44.4022],[-70.3971,44.4032],[-70.4046,44.4026],[-70.4056,44.4013],[-70.4052,44.4004],[-70.4087,44.3988],[-70.4104,44.4],[-70.4149,44.4008],[-70.4143,44.4011],[-70.4149,44.4018],[-70.4146,44.4029],[-70.4161,44.4029],[-70.4163,44.4044],[-70.4175,44.4049],[-70.4183,44.4066],[-70.4179,44.4081],[-70.419,44.4084],[-70.4186,44.4103],[-70.4171,44.4108],[-70.4195,44.4113],[-70.4205,44.412],[-70.4201,44.4132],[-70.4216,44.4139],[-70.4204,44.4151],[-70.421,44.4171],[-70.4197,44.4207],[-70.4208,44.4223],[-70.4201,44.4245],[-70.422,44.425],[-70.4044,44.4216],[-70.3736,44.4522],[-70.3664,44.4485],[-70.3518,44.4633],[-70.3307,44.4356],[-70.3158,44.4203],[-70.3069,44.4204],[-70.3043,44.4104],[-70.2832,44.413],[-70.2816,44.407],[-70.2768,44.4075]]]}},{"type":"Feature","properties":{"TOWN":"Lamoine"},"geometry":{"type":"Polygon","coordinates":[[[-68.3006,44.5152],[-68.2994,44.5139],[-68.2905,44.5096],[-68.2744,44.5046],[-68.2718,44.5001],[-68.2664,44.4963],[-68.2639,44.4888],[-68.2562,44.4795],[-68.2551,44.4748],[-68.2547,44.466],[-68.2491,44.458],[-68.2479,44.4523],[-68.255,44.4507],[-68.2684,44.4496],[-68.2811,44.4442],[-68.2878,44.4429],[-68.2987,44.4444],[-68.3115,44.4505],[-68.3154,44.4515],[-68.3188,44.4509],[-68.3322,44.4441],[-68.337,44.4435],[-68.3431,44.444],[-68.3518,44.455],[-68.3526,44.4593],[-68.3554,44.4627],[-68.3554,44.4676],[-68.357,44.4716],[-68.3571,44.475],[-68.3536,44.4806],[-68.3536,44.4854],[-68.3517,44.4905],[-68.352,44.4914],[-68.3567,44.494],[-68.3596,44.4991],[-68.3702,44.4967],[-68.3893,44.5157],[-68.3861,44.526],[-68.3705,44.5183],[-68.3032,44.5279],[-68.3006,44.5152]]]}},{"type":"Feature","properties":{"TOWN":"Morrill"},"geometry":{"type":"Polygon","coordinates":[[[-69.16,44.4698],[-69.1294,44.441],[-69.1045,44.4155],[-69.1254,44.4062],[-69.1506,44.4037],[-69.1621,44.3998],[-69.1723,44.3981],[-69.2085,44.4315],[-69.2222,44.4413],[-69.2034,44.4714],[-69.2018,44.4648],[-69.16,44.4698]]]}},{"type":"Feature","properties":{"TOWN":"Sullivan"},"geometry":{"type":"Polygon","coordinates":[[[-68.1292,44.4876],[-68.1371,44.4863],[-68.1447,44.4884],[-68.1538,44.4885],[-68.1548,44.4934],[-68.1573,44.4979],[-68.1652,44.5014],[-68.1696,44.5059],[-68.1775,44.5092],[-68.186,44.5143],[-68.2068,44.515],[-68.2079,44.517],[-68.2105,44.5184],[-68.2226,44.5212],[-68.225,44.5247],[-68.238,44.5292],[-68.2547,44.5393],[-68.2565,44.5485],[-68.0932,44.5778],[-68.0849,44.5465],[-68.0898,44.5458],[-68.0875,44.537],[-68.1143,44.5332],[-68.1031,44.4899],[-68.1292,44.4876]]]}},{"type":"Feature","properties":{"TOWN":"Waldo"},"geometry":{"type":"Polygon","coordinates":[[[-69.0654,44.5247],[-69.0415,44.509],[-69.0475,44.4871],[-69.0444,44.4758],[-69.0403,44.4656],[-69.1183,44.4298],[-69.16,44.4698],[-69.1462,44.4716],[-69.1134,44.4897],[-69.1026,44.4962],[-69.0654,44.5247]]]}},{"type":"Feature","properties":{"TOWN":"Montville"},"geometry":{"type":"Polygon","coordinates":[[[-69.2495,44.5052],[-69.2034,44.4714],[-69.2495,44.3984],[-69.2689,44.3647],[-69.2953,44.3842],[-69.2908,44.391],[-69.3089,44.398],[-69.3242,44.4063],[-69.3251,44.4056],[-69.3574,44.4294],[-69.3396,44.4494],[-69.3074,44.493],[-69.303,44.5001],[-69.3142,44.5036],[-69.3109,44.5045],[-69.3052,44.5095],[-69.3027,44.5149],[-69.2892,44.5227],[-69.2784,44.5176],[-69.2737,44.5177],[-69.2623,44.5127],[-69.2495,44.5052]]]}},{"type":"Feature","properties":{"TOWN":"Trenton"},"geometry":{"type":"Polygon","coordinates":[[[-68.3605,44.4207],[-68.3693,44.4233],[-68.3783,44.4162],[-68.3754,44.4107],[-68.3745,44.4069],[-68.3745,44.402],[-68.3886,44.3955],[-68.3967,44.3946],[-68.4018,44.3956],[-68.4198,44.3856],[-68.4392,44.3845],[-68.4473,44.3931],[-68.4487,44.3956],[-68.4481,44.4023],[-68.4446,44.4096],[-68.448,44.435],[-68.4448,44.44],[-68.4429,44.4448],[-68.4428,44.4516],[-68.4465,44.4699],[-68.4346,44.4759],[-68.4254,44.4724],[-68.4024,44.4782],[-68.3893,44.5157],[-68.3702,44.4967],[-68.3596,44.4991],[-68.357,44.4942],[-68.3518,44.491],[-68.3536,44.4854],[-68.3536,44.4806],[-68.3571,44.475],[-68.357,44.4716],[-68.3554,44.4676],[-68.3554,44.4627],[-68.3526,44.4593],[-68.3518,44.455],[-68.3431,44.444],[-68.3459,44.4431],[-68.3497,44.4405],[-68.3525,44.4338],[-68.3576,44.4295],[-68.3576,44.4281],[-68.3543,44.4241],[-68.3605,44.4207]]]}},{"type":"Feature","properties":{"TOWN":"T7 SD BPP"},"geometry":{"type":"Polygon","coordinates":[[[-68.0051,44.5512],[-67.9918,44.5045],[-68.0291,44.5008],[-68.0386,44.5435],[-68.0708,44.5396],[-68.0677,44.5246],[-68.064,44.5201],[-68.0605,44.5184],[-68.0631,44.516],[-68.0653,44.5166],[-68.0658,44.5156],[-68.0676,44.5159],[-68.0695,44.5142],[-68.0686,44.5138],[-68.0693,44.5123],[-68.0663,44.5118],[-68.0648,44.5106],[-68.0648,44.509],[-68.0675,44.5054],[-68.0655,44.5051],[-68.0643,44.5039],[-68.0713,44.5032],[-68.0707,44.499],[-68.0755,44.4983],[-68.0744,44.4942],[-68.1031,44.4899],[-68.1143,44.5332],[-68.0875,44.537],[-68.0898,44.5458],[-68.0849,44.5465],[-68.0932,44.5778],[-68.0785,44.5806],[-68.0172,44.5891],[-68.0051,44.5512]]]}},{"type":"Feature","properties":{"TOWN":"Bethel"},"geometry":{"type":"Polygon","coordinates":[[[-70.6697,44.4676],[-70.6406,44.4311],[-70.8386,44.3514],[-70.8912,44.418],[-70.7878,44.4866],[-70.7847,44.4862],[-70.7829,44.4869],[-70.7726,44.4873],[-70.7666,44.4851],[-70.7613,44.4843],[-70.7533,44.4849],[-70.7478,44.4844],[-70.7405,44.4821],[-70.7338,44.4815],[-70.7224,44.4783],[-70.7166,44.4786],[-70.7067,44.4807],[-70.7025,44.4781],[-70.701,44.4792],[-70.6988,44.4836],[-70.6953,44.488],[-70.6926,44.4957],[-70.6904,44.4975],[-70.6864,44.4981],[-70.6762,44.4832],[-70.6689,44.4696],[-70.6697,44.4676]]]}},{"type":"Feature","properties":{"TOWN":"Milton Twp"},"geometry":{"type":"Polygon","coordinates":[[[-70.5501,44.4791],[-70.5606,44.4751],[-70.5508,44.4536],[-70.6213,44.4229],[-70.6241,44.4269],[-70.6205,44.4284],[-70.6236,44.4323],[-70.6369,44.4266],[-70.661,44.4572],[-70.5558,44.499],[-70.5515,44.4937],[-70.5591,44.4906],[-70.5501,44.4791]]]}},{"type":"Feature","properties":{"TOWN":"Sedgwick"},"geometry":{"type":"Polygon","coordinates":[[[-68.6067,44.3102],[-68.6114,44.307],[-68.6102,44.3058],[-68.6137,44.302],[-68.6257,44.2928],[-68.6322,44.2704],[-68.688,44.2933],[-68.7042,44.302],[-68.6945,44.3072],[-68.69,44.3115],[-68.6914,44.3141],[-68.6888,44.3152],[-68.6879,44.3166],[-68.6894,44.3181],[-68.6911,44.3178],[-68.691,44.3198],[-68.6927,44.3213],[-68.6919,44.3225],[-68.6925,44.3237],[-68.6897,44.3289],[-68.6902,44.3296],[-68.6892,44.3303],[-68.6901,44.331],[-68.6872,44.3326],[-68.6871,44.3338],[-68.6842,44.3365],[-68.6825,44.3421],[-68.6619,44.3324],[-68.6592,44.3353],[-68.6826,44.347],[-68.6825,44.3482],[-68.6798,44.3499],[-68.6777,44.3534],[-68.6791,44.3587],[-68.6772,44.3606],[-68.6792,44.365],[-68.6784,44.3675],[-68.6759,44.3693],[-68.6748,44.3715],[-68.675,44.3754],[-68.6739,44.3781],[-68.6743,44.3832],[-68.6836,44.3904],[-68.6846,44.394],[-68.6912,44.393],[-68.7041,44.3954],[-68.6967,44.4052],[-68.6967,44.4063],[-68.6939,44.4053],[-68.6916,44.4087],[-68.685,44.4078],[-68.6793,44.4144],[-68.578,44.3448],[-68.5837,44.3369],[-68.5868,44.3338],[-68.5862,44.3299],[-68.5871,44.3278],[-68.5888,44.3269],[-68.5943,44.3262],[-68.5954,44.3233],[-68.6019,44.3185],[-68.6039,44.3151],[-68.6064,44.3136],[-68.6067,44.3102]]]}},{"type":"Feature","properties":{"TOWN":"Winter Harbor"},"geometry":{"type":"Polygon","coordinates":[[[-68.1124,44.415],[-68.0526,44.4237],[-68.0434,44.391],[-68.0515,44.3898],[-68.0506,44.3858],[-68.0484,44.3813],[-68.0466,44.3815],[-68.0436,44.3751],[-68.0428,44.3732],[-68.0437,44.373],[-68.0405,44.3647],[-68.0378,44.3651],[-68.0367,44.3629],[-68.0375,44.3578],[-68.0371,44.3564],[-68.0323,44.3513],[-67.9994,44.3221],[-67.9693,44.301],[-67.9736,44.2952],[-67.9827,44.2884],[-67.9925,44.2831],[-68.0074,44.2774],[-68.0182,44.2751],[-68.0358,44.2742],[-68.0568,44.277],[-68.061,44.2783],[-68.1278,44.2644],[-68.1661,44.2917],[-68.1624,44.2991],[-68.1585,44.3114],[-68.1554,44.3273],[-68.1551,44.334],[-68.1552,44.3425],[-68.1601,44.3543],[-68.1547,44.3656],[-68.1628,44.3745],[-68.1653,44.3754],[-68.1634,44.3889],[-68.156,44.3976],[-68.1505,44.4016],[-68.1436,44.4091],[-68.1485,44.42],[-68.1246,44.4242],[-68.1142,44.4153],[-68.1124,44.415]]]}},{"type":"Feature","properties":{"TOWN":"Bar Harbor"},"geometry":{"type":"Polygon","coordinates":[[[-68.3312,44.3777],[-68.4101,44.3732],[-68.4158,44.3819],[-68.4198,44.3856],[-68.4018,44.3956],[-68.3967,44.3946],[-68.3886,44.3955],[-68.3745,44.402],[-68.3745,44.4069],[-68.3757,44.4117],[-68.3781,44.4164],[-68.3693,44.4233],[-68.3605,44.4207],[-68.3543,44.4241],[-68.3576,44.4281],[-68.3576,44.4295],[-68.3525,44.4338],[-68.3502,44.4399],[-68.3459,44.4431],[-68.3431,44.444],[-68.337,44.4435],[-68.3322,44.4441],[-68.3188,44.4509],[-68.3154,44.4515],[-68.3115,44.4505],[-68.2987,44.4444],[-68.2913,44.4429],[-68.2862,44.443],[-68.2785,44.4452],[-68.2684,44.4496],[-68.2531,44.4509],[-68.2495,44.4515],[-68.2476,44.4526],[-68.2308,44.4464],[-68.2172,44.4433],[-68.226,44.4285],[-68.2272,44.4175],[-68.219,44.4102],[-68.2199,44.4063],[-68.2197,44.4027],[-68.2184,44.3995],[-68.215,44.3956],[-68.2128,44.3945],[-68.2058,44.395],[-68.1984,44.3944],[-68.1933,44.3928],[-68.191,44.3908],[-68.1943,44.3813],[-68.1883,44.3809],[-68.176,44.377],[-68.1642,44.3751],[-68.155,44.3662],[-68.1549,44.3641],[-68.1601,44.3543],[-68.1552,44.3425],[-68.1551,44.334],[-68.1566,44.3198],[-68.1603,44.3048],[-68.1661,44.2917],[-68.1965,44.3034],[-68.1976,44.3112],[-68.1991,44.3155],[-68.2006,44.3168],[-68.1999,44.3185],[-68.2014,44.3205],[-68.2019,44.3229],[-68.3312,44.3777]]]}},{"type":"Feature","properties":{"TOWN":"Brooksville"},"geometry":{"type":"Polygon","coordinates":[[[-68.7016,44.3946],[-68.6912,44.393],[-68.6846,44.394],[-68.6836,44.3904],[-68.6743,44.3832],[-68.6739,44.3781],[-68.675,44.3754],[-68.6748,44.3715],[-68.6759,44.3693],[-68.6784,44.3675],[-68.6792,44.365],[-68.6772,44.3606],[-68.6791,44.3587],[-68.6777,44.3534],[-68.6798,44.3499],[-68.6825,44.3482],[-68.6826,44.347],[-68.6592,44.3353],[-68.6619,44.3324],[-68.6825,44.3421],[-68.6842,44.3365],[-68.6871,44.3338],[-68.6872,44.3326],[-68.6901,44.331],[-68.6892,44.3303],[-68.6902,44.3296],[-68.6897,44.3289],[-68.6925,44.3237],[-68.6919,44.3225],[-68.6927,44.3213],[-68.691,44.3198],[-68.6911,44.3178],[-68.6888,44.3179],[-68.688,44.3162],[-68.6914,44.3141],[-68.69,44.3115],[-68.6945,44.3072],[-68.7042,44.302],[-68.7349,44.3167],[-68.7415,44.3179],[-68.7494,44.3152],[-68.7745,44.3035],[-68.7892,44.2989],[-68.8034,44.2984],[-68.8116,44.2995],[-68.8194,44.3017],[-68.8298,44.302],[-68.8409,44.3007],[-68.8612,44.2967],[-68.8601,44.3024],[-68.8606,44.3203],[-68.8595,44.327],[-68.8575,44.332],[-68.8512,44.3411],[-68.8439,44.3547],[-68.8161,44.3557],[-68.8111,44.3574],[-68.8005,44.3645],[-68.7992,44.367],[-68.8007,44.3697],[-68.8046,44.3716],[-68.8128,44.3737],[-68.8143,44.3752],[-68.8137,44.3769],[-68.79,44.3852],[-68.7793,44.3975],[-68.7702,44.4023],[-68.7678,44.406],[-68.7674,44.4178],[-68.7628,44.4248],[-68.7483,44.4282],[-68.746,44.4279],[-68.7429,44.4259],[-68.7351,44.4157],[-68.7303,44.4115],[-68.7251,44.4099],[-68.7202,44.4138],[-68.7171,44.4135],[-68.7139,44.4112],[-68.7115,44.408],[-68.7053,44.4044],[-68.7032,44.4023],[-68.703,44.4007],[-68.7051,44.3968],[-68.7047,44.3958],[-68.7016,44.3946]],[[-68.7857,44.3077],[-68.7847,44.3071],[-68.7839,44.3081],[-68.7827,44.308],[-68.7804,44.3061],[-68.7793,44.3063],[-68.7799,44.3077],[-68.7846,44.3085],[-68.7857,44.3077]]]}},{"type":"Feature","properties":{"TOWN":"Manchester"},"geometry":{"type":"Polygon","coordinates":[[[-69.8783,44.4013],[-69.8185,44.3918],[-69.8221,44.3807],[-69.8236,44.3808],[-69.8342,44.3472],[-69.8317,44.3463],[-69.8294,44.3471],[-69.8283,44.3461],[-69.8294,44.3449],[-69.8338,44.3321],[-69.8306,44.3316],[-69.8311,44.3299],[-69.8245,44.3286],[-69.8263,44.3248],[-69.8297,44.3253],[-69.8324,44.3187],[-69.8264,44.3177],[-69.8271,44.314],[-69.8315,44.3149],[-69.8348,44.3054],[-69.8353,44.3047],[-69.8373,44.3051],[-69.8401,44.298],[-69.8392,44.2978],[-69.8402,44.2953],[-69.8486,44.2969],[-69.8499,44.2935],[-69.8508,44.2937],[-69.8525,44.2893],[-69.8469,44.2864],[-69.8556,44.2805],[-69.8628,44.2791],[-69.8655,44.2763],[-69.8673,44.2759],[-69.868,44.2734],[-69.867,44.2718],[-69.869,44.268],[-69.8762,44.258],[-69.8902,44.2604],[-69.8887,44.2638],[-69.9021,44.2659],[-69.9014,44.2673],[-69.9107,44.2688],[-69.8802,44.3215],[-69.8765,44.3329],[-69.8775,44.333],[-69.8771,44.3343],[-69.8799,44.3348],[-69.8812,44.3388],[-69.8784,44.3431],[-69.8827,44.344],[-69.8743,44.3693],[-69.8765,44.3934],[-69.8798,44.3963],[-69.8783,44.4013]]]}},{"type":"Feature","properties":{"TOWN":"Mason Twp"},"geometry":{"type":"Polygon","coordinates":[[[-70.8386,44.3514],[-70.8681,44.3393],[-70.8452,44.3011],[-70.8977,44.3095],[-70.9495,44.2948],[-70.9573,44.2909],[-70.9612,44.3265],[-70.9104,44.3496],[-70.9357,44.3806],[-70.8677,44.3883],[-70.8386,44.3514]]]}},{"type":"Feature","properties":{"TOWN":"Batchelders Grant Twp"},"geometry":{"type":"Polygon","coordinates":[[[-70.9573,44.2909],[-70.9593,44.2898],[-70.9765,44.268],[-70.9743,44.2579],[-70.9779,44.2576],[-70.9803,44.2794],[-71.0096,44.2733],[-71.0151,44.3714],[-70.9357,44.3806],[-70.9104,44.3496],[-70.9612,44.3265],[-70.9573,44.2909]]]}},{"type":"Feature","properties":{"TOWN":"Augusta"},"geometry":{"type":"Polygon","coordinates":[[[-69.7799,44.2952],[-69.7796,44.2957],[-69.8017,44.2993],[-69.8005,44.3027],[-69.8106,44.3043],[-69.8089,44.3098],[-69.8187,44.3113],[-69.8192,44.3126],[-69.8271,44.314],[-69.8264,44.3177],[-69.8324,44.3187],[-69.8297,44.3253],[-69.8263,44.3248],[-69.8245,44.3286],[-69.8311,44.3299],[-69.8306,44.3316],[-69.8338,44.3321],[-69.8294,44.3449],[-69.8283,44.3461],[-69.8296,44.3471],[-69.8315,44.3463],[-69.834,44.3467],[-69.834,44.3483],[-69.8236,44.3808],[-69.8221,44.3807],[-69.8185,44.3918],[-69.6257,44.3618],[-69.6515,44.275],[-69.6738,44.2778],[-69.7799,44.2952]]]}},{"type":"Feature","properties":{"TOWN":"Rockwood Strip T2 R1 NBKP"},"geometry":{"type":"Polygon","coordinates":[[[-69.8718,45.6526],[-70.0043,45.6346],[-70.0088,45.6517],[-69.8773,45.6718],[-69.8718,45.6526]]]}},{"type":"Feature","properties":{"TOWN":"Taunton & Raynham Academy Grant"},"geometry":{"type":"Polygon","coordinates":[[[-69.7402,45.6678],[-69.7395,45.6672],[-69.7417,45.6665],[-69.7444,45.664],[-69.744,45.6624],[-69.7447,45.6615],[-69.7414,45.6603],[-69.7413,45.6577],[-69.7395,45.6572],[-69.7427,45.6548],[-69.7443,45.6523],[-69.7361,45.6507],[-69.7337,45.6544],[-69.7317,45.6558],[-69.7326,45.6568],[-69.7349,45.6568],[-69.7349,45.6576],[-69.7265,45.6564],[-69.7226,45.6575],[-69.7178,45.6411],[-69.7185,45.64],[-69.7174,45.6398],[-69.7127,45.6245],[-69.8558,45.6029],[-69.8592,45.6116],[-69.8718,45.6528],[-69.7398,45.6703],[-69.7402,45.6678]]]}},{"type":"Feature","properties":{"TOWN":"Rockwood Strip T1 R1 NBKP"},"geometry":{"type":"Polygon","coordinates":[[[-69.7398,45.6703],[-69.8718,45.6528],[-69.8773,45.6718],[-69.7748,45.6872],[-69.773,45.6857],[-69.7649,45.6826],[-69.7601,45.6825],[-69.7562,45.6796],[-69.7547,45.6794],[-69.7488,45.6812],[-69.7436,45.6808],[-69.7387,45.6794],[-69.7384,45.6769],[-69.7376,45.6777],[-69.7378,45.6767],[-69.7367,45.6767],[-69.7389,45.675],[-69.7388,45.6717],[-69.7398,45.6703]]]}},{"type":"Feature","properties":{"TOWN":"Islesboro"},"geometry":{"type":"Polygon","coordinates":[[[-68.8499,44.3916],[-68.8424,44.3799],[-68.8407,44.3751],[-68.841,44.3628],[-68.8427,44.3573],[-68.8458,44.351],[-68.859,44.3287],[-68.8606,44.3203],[-68.8601,44.3024],[-68.8612,44.2967],[-68.8671,44.2849],[-68.8785,44.2691],[-68.8843,44.2595],[-68.8868,44.2505],[-68.8897,44.2298],[-68.8934,44.2173],[-68.9166,44.1667],[-69.0,44.1667],[-69.0048,44.2032],[-69.0132,44.2105],[-69.0215,44.2315],[-69.0003,44.2501],[-68.9655,44.2835],[-68.9543,44.2964],[-68.9458,44.3082],[-68.9454,44.3104],[-68.9461,44.3159],[-68.9376,44.3376],[-68.9309,44.3448],[-68.9299,44.3473],[-68.9297,44.3588],[-68.9309,44.3751],[-68.9354,44.4051],[-68.8866,44.4109],[-68.8531,44.4124],[-68.8535,44.4059],[-68.8526,44.3993],[-68.8499,44.3916]],[[-68.9512,44.2116],[-68.9516,44.2114],[-68.9515,44.211],[-68.9514,44.2109],[-68.9512,44.2116]],[[-68.9611,44.2005],[-68.9631,44.2006],[-68.9643,44.1996],[-68.9643,44.1958],[-68.9649,44.1957],[-68.9646,44.1946],[-68.9644,44.1955],[-68.9627,44.1949],[-68.9648,44.1924],[-68.9637,44.193],[-68.9613,44.1899],[-68.9587,44.1921],[-68.9601,44.1946],[-68.9579,44.1965],[-68.9589,44.1981],[-68.9574,44.2026],[-68.959,44.201],[-68.9611,44.2005]],[[-68.9433,44.199],[-68.9422,44.198],[-68.9418,44.2001],[-68.9423,44.1992],[-68.9433,44.199]],[[-68.9418,44.1905],[-68.9421,44.1916],[-68.9425,44.1906],[-68.9418,44.1905]],[[-68.9646,44.1917],[-68.9646,44.1919],[-68.9646,44.1918],[-68.9646,44.1917]],[[-68.9613,44.2009],[-68.9615,44.2009],[-68.9615,44.2008],[-68.9613,44.2009]],[[-68.9621,44.2013],[-68.9615,44.2015],[-68.9616,44.2016],[-68.9621,44.2013]],[[-68.951,44.1842],[-68.9502,44.1853],[-68.9506,44.1855],[-68.951,44.1842]],[[-68.9793,44.1842],[-68.9798,44.1839],[-68.9796,44.1833],[-68.9793,44.1842]],[[-68.9519,44.1832],[-68.9522,44.1833],[-68.9521,44.1831],[-68.9519,44.1832]],[[-68.9649,44.1802],[-68.9651,44.1779],[-68.9637,44.1775],[-68.963,44.1786],[-68.9643,44.1797],[-68.9635,44.1811],[-68.9649,44.1802]],[[-68.9653,44.1793],[-68.9655,44.1792],[-68.9654,44.1791],[-68.9653,44.1793]],[[-68.9803,44.1761],[-68.9832,44.1754],[-68.9841,44.1741],[-68.9838,44.1718],[-68.9818,44.1716],[-68.9801,44.1736],[-68.9797,44.175],[-68.9803,44.1761]]]}},{"type":"Feature","properties":{"TOWN":"West Paris"},"geometry":{"type":"Polygon","coordinates":[[[-70.513,44.3768],[-70.5086,44.3695],[-70.506,44.3708],[-70.4712,44.3166],[-70.4597,44.3167],[-70.4568,44.312],[-70.4686,44.3124],[-70.5264,44.2877],[-70.5289,44.2878],[-70.5662,44.2709],[-70.5808,44.2948],[-70.6029,44.3259],[-70.5948,44.3297],[-70.591,44.3247],[-70.5873,44.3262],[-70.591,44.3315],[-70.5853,44.334],[-70.5838,44.3338],[-70.5823,44.3322],[-70.5797,44.3325],[-70.5751,44.331],[-70.5696,44.3334],[-70.573,44.3393],[-70.5219,44.3634],[-70.5252,44.3712],[-70.513,44.3768]]]}},{"type":"Feature","properties":{"TOWN":"Mount Desert"},"geometry":{"type":"Polygon","coordinates":[[[-68.4165,44.3826],[-68.4101,44.3732],[-68.3312,44.3777],[-68.2019,44.3229],[-68.2014,44.3205],[-68.1999,44.3185],[-68.2006,44.3168],[-68.1991,44.3155],[-68.1976,44.3112],[-68.1965,44.3034],[-68.1661,44.2917],[-68.18,44.2913],[-68.2163,44.2877],[-68.2255,44.2862],[-68.2356,44.2794],[-68.2452,44.2819],[-68.2536,44.2827],[-68.2582,44.2823],[-68.2641,44.2862],[-68.2744,44.2873],[-68.2794,44.2784],[-68.2807,44.2778],[-68.2925,44.2816],[-68.3044,44.2888],[-68.3067,44.2891],[-68.3085,44.2939],[-68.307,44.298],[-68.3072,44.3005],[-68.3061,44.3021],[-68.3085,44.3081],[-68.3112,44.3114],[-68.3181,44.3082],[-68.3562,44.3221],[-68.3606,44.3187],[-68.398,44.3141],[-68.3979,44.3299],[-68.4076,44.3285],[-68.4103,44.3273],[-68.4169,44.3276],[-68.4197,44.3241],[-68.4255,44.3204],[-68.4319,44.319],[-68.44,44.3146],[-68.4481,44.3191],[-68.4626,44.3246],[-68.4626,44.327],[-68.4708,44.336],[-68.4721,44.3449],[-68.4707,44.3563],[-68.4711,44.362],[-68.4512,44.3721],[-68.4404,44.3828],[-68.4397,44.3847],[-68.4367,44.3842],[-68.4261,44.3856],[-68.4197,44.3856],[-68.4165,44.3826]]]}},{"type":"Feature","properties":{"TOWN":"Castine"},"geometry":{"type":"Polygon","coordinates":[[[-68.7673,44.4181],[-68.7678,44.406],[-68.7702,44.4023],[-68.7793,44.3975],[-68.79,44.3852],[-68.8137,44.3769],[-68.8143,44.3752],[-68.8128,44.3737],[-68.8046,44.3716],[-68.8007,44.3697],[-68.7992,44.367],[-68.8005,44.3645],[-68.8111,44.3574],[-68.8161,44.3557],[-68.8439,44.3547],[-68.841,44.3628],[-68.8407,44.3751],[-68.8424,44.3799],[-68.8487,44.3894],[-68.8515,44.3956],[-68.8534,44.4033],[-68.8531,44.4124],[-68.8504,44.4189],[-68.844,44.4277],[-68.8289,44.4418],[-68.8091,44.4549],[-68.801,44.462],[-68.7923,44.4578],[-68.7875,44.4543],[-68.7848,44.451],[-68.7833,44.4472],[-68.7803,44.4484],[-68.7767,44.4423],[-68.776,44.4379],[-68.7765,44.4356],[-68.7696,44.4323],[-68.7722,44.4306],[-68.7628,44.4248],[-68.7673,44.4181]]]}},{"type":"Feature","properties":{"TOWN":"Palermo"},"geometry":{"type":"Polygon","coordinates":[[[-69.4455,44.4638],[-69.3396,44.4494],[-69.3823,44.4013],[-69.3859,44.3655],[-69.3944,44.3429],[-69.3968,44.3406],[-69.4023,44.3431],[-69.4077,44.3378],[-69.4091,44.3364],[-69.4046,44.3329],[-69.4096,44.328],[-69.5064,44.3429],[-69.4455,44.4638]]]}},{"type":"Feature","properties":{"TOWN":"Sumner"},"geometry":{"type":"Polygon","coordinates":[[[-70.5234,44.4362],[-70.4633,44.4347],[-70.4577,44.4246],[-70.4401,44.4285],[-70.4202,44.4245],[-70.4208,44.4223],[-70.4197,44.4207],[-70.421,44.4171],[-70.4204,44.4151],[-70.4216,44.4139],[-70.4201,44.4132],[-70.4205,44.412],[-70.4195,44.4113],[-70.4171,44.4108],[-70.4186,44.4103],[-70.419,44.4084],[-70.4179,44.4081],[-70.4183,44.4066],[-70.4175,44.4049],[-70.4163,44.4044],[-70.4161,44.4029],[-70.4146,44.4029],[-70.4149,44.4018],[-70.4143,44.4011],[-70.4149,44.4008],[-70.4104,44.4],[-70.4087,44.3988],[-70.4052,44.4004],[-70.4056,44.4013],[-70.4046,44.4026],[-70.3971,44.4032],[-70.3958,44.4022],[-70.395,44.3999],[-70.392,44.3992],[-70.3866,44.3952],[-70.3867,44.3941],[-70.3883,44.3934],[-70.3859,44.3909],[-70.3881,44.3891],[-70.3871,44.3888],[-70.386,44.3867],[-70.3864,44.3856],[-70.3856,44.3841],[-70.3862,44.3831],[-70.382,44.3792],[-70.3843,44.3768],[-70.3839,44.3756],[-70.3848,44.3739],[-70.3817,44.3674],[-70.3818,44.3651],[-70.3774,44.3617],[-70.3773,44.3605],[-70.3738,44.3603],[-70.3771,44.3582],[-70.3744,44.3564],[-70.3759,44.3556],[-70.3734,44.353],[-70.3713,44.3438],[-70.3734,44.3418],[-70.3734,44.3392],[-70.3746,44.3385],[-70.3743,44.3373],[-70.3756,44.3363],[-70.3741,44.3359],[-70.3747,44.3343],[-70.3738,44.3332],[-70.3662,44.3295],[-70.3641,44.3294],[-70.3641,44.3279],[-70.3671,44.3272],[-70.3653,44.3245],[-70.3619,44.3243],[-70.3601,44.3213],[-70.3615,44.3211],[-70.3628,44.3228],[-70.3625,44.3209],[-70.364,44.317],[-70.3964,44.317],[-70.396,44.318],[-70.3906,44.3184],[-70.3899,44.3206],[-70.3913,44.3216],[-70.3878,44.3242],[-70.3888,44.3254],[-70.3882,44.3262],[-70.3926,44.3277],[-70.3937,44.3269],[-70.4024,44.3263],[-70.4037,44.3243],[-70.4006,44.3193],[-70.4003,44.317],[-70.4712,44.3166],[-70.5064,44.3714],[-70.5145,44.3858],[-70.519,44.4094],[-70.5252,44.4243],[-70.5211,44.4262],[-70.5234,44.4362]]]}},{"type":"Feature","properties":{"TOWN":"Greenwood"},"geometry":{"type":"Polygon","coordinates":[[[-70.6029,44.3259],[-70.5808,44.2948],[-70.6397,44.2767],[-70.6455,44.2802],[-70.6721,44.2667],[-70.6856,44.2805],[-70.7627,44.3823],[-70.6942,44.4098],[-70.69,44.4067],[-70.6695,44.3874],[-70.6751,44.3852],[-70.6675,44.3769],[-70.6609,44.3798],[-70.6353,44.3559],[-70.6231,44.3457],[-70.6199,44.3412],[-70.6029,44.3259]]]}},{"type":"Feature","properties":{"TOWN":"Gilead"},"geometry":{"type":"Polygon","coordinates":[[[-70.8988,44.4276],[-70.8677,44.3883],[-71.0151,44.3714],[-71.0173,44.4152],[-70.8988,44.4276]]]}},{"type":"Feature","properties":{"TOWN":"Searsmont"},"geometry":{"type":"Polygon","coordinates":[[[-69.1723,44.3981],[-69.1085,44.3373],[-69.1709,44.2926],[-69.2689,44.3647],[-69.2495,44.3984],[-69.2222,44.4413],[-69.2085,44.4315],[-69.1723,44.3981]]]}},{"type":"Feature","properties":{"TOWN":"Liberty"},"geometry":{"type":"Polygon","coordinates":[[[-69.2689,44.3647],[-69.3466,44.3083],[-69.3944,44.3429],[-69.3859,44.3655],[-69.3823,44.4013],[-69.3574,44.4294],[-69.3251,44.4056],[-69.3242,44.4063],[-69.3089,44.398],[-69.2908,44.391],[-69.2953,44.3842],[-69.2689,44.3647]]]}},{"type":"Feature","properties":{"TOWN":"Readfield"},"geometry":{"type":"Polygon","coordinates":[[[-69.924,44.4099],[-69.8783,44.4013],[-69.8798,44.3963],[-69.8765,44.3934],[-69.8743,44.3693],[-69.8827,44.344],[-69.8784,44.3431],[-69.8793,44.3411],[-69.9354,44.3495],[-69.9566,44.3488],[-70.017,44.3593],[-70.0112,44.379],[-70.0256,44.3812],[-70.023,44.3907],[-70.0218,44.3909],[-70.021,44.3941],[-70.0193,44.3956],[-70.0177,44.3993],[-70.018,44.4013],[-70.0172,44.4034],[-70.019,44.4154],[-70.017,44.4181],[-70.0178,44.4216],[-70.0168,44.4244],[-69.9833,44.4191],[-69.9828,44.421],[-69.9406,44.4151],[-69.9415,44.4116],[-69.924,44.4099]]]}},{"type":"Feature","properties":{"TOWN":"Belmont"},"geometry":{"type":"Polygon","coordinates":[[[-69.0656,44.373],[-69.0823,44.3609],[-69.078,44.3588],[-69.1085,44.3373],[-69.1723,44.3981],[-69.1621,44.3998],[-69.1506,44.4037],[-69.1254,44.4062],[-69.1045,44.4155],[-69.0656,44.373]]]}},{"type":"Feature","properties":{"TOWN":"Lincolnville"},"geometry":{"type":"Polygon","coordinates":[[[-68.9789,44.2709],[-69.0003,44.2501],[-69.0215,44.2315],[-69.0284,44.249],[-69.0431,44.2596],[-69.1216,44.2557],[-69.1709,44.2926],[-69.078,44.3588],[-69.0512,44.3455],[-69.0485,44.3416],[-69.0305,44.3312],[-69.0242,44.3245],[-69.0165,44.3219],[-69.0121,44.3212],[-69.0086,44.3195],[-68.9789,44.2709]]]}},{"type":"Feature","properties":{"TOWN":"Chelsea"},"geometry":{"type":"Polygon","coordinates":[[[-69.6515,44.275],[-69.6654,44.2276],[-69.6746,44.229],[-69.6738,44.2314],[-69.6802,44.2323],[-69.6799,44.233],[-69.6817,44.2334],[-69.6815,44.234],[-69.6882,44.2349],[-69.6894,44.2313],[-69.7466,44.2406],[-69.7461,44.2429],[-69.7686,44.2466],[-69.7689,44.249],[-69.7677,44.2532],[-69.773,44.2621],[-69.7781,44.2664],[-69.7845,44.27],[-69.7865,44.2724],[-69.7895,44.2801],[-69.7882,44.2869],[-69.7875,44.2883],[-69.7837,44.2905],[-69.78,44.2951],[-69.6738,44.2778],[-69.6515,44.275]]]}},{"type":"Feature","properties":{"TOWN":"Stow"},"geometry":{"type":"Polygon","coordinates":[[[-70.9743,44.2579],[-70.9558,44.2209],[-70.9709,44.2146],[-70.9646,44.2113],[-70.9603,44.201],[-70.948,44.187],[-70.9442,44.1854],[-70.9404,44.1713],[-70.9367,44.1638],[-70.9377,44.1617],[-70.9371,44.157],[-70.9452,44.1378],[-70.9655,44.1475],[-71.0022,44.1106],[-71.0057,44.2027],[-71.0096,44.2733],[-70.9803,44.2794],[-70.9779,44.2576],[-70.9743,44.2579]]]}},{"type":"Feature","properties":{"TOWN":"Monmouth"},"geometry":{"type":"Polygon","coordinates":[[[-70.0413,44.2841],[-70.0043,44.2784],[-70.006,44.2695],[-69.9929,44.2674],[-69.9915,44.2673],[-69.9907,44.268],[-69.9897,44.2671],[-69.9903,44.2688],[-69.9891,44.2722],[-69.9843,44.2738],[-69.9829,44.2751],[-69.9374,44.2677],[-69.9684,44.1762],[-70.0605,44.1918],[-70.0555,44.1991],[-70.0659,44.2008],[-70.0757,44.2062],[-70.0743,44.2902],[-70.0413,44.2841]]]}},{"type":"Feature","properties":{"TOWN":"Tremont"},"geometry":{"type":"Polygon","coordinates":[[[-68.3527,44.2704],[-68.35,44.2688],[-68.3486,44.2688],[-68.3487,44.2678],[-68.3475,44.2681],[-68.348,44.2671],[-68.3459,44.2662],[-68.3462,44.2653],[-68.3454,44.2642],[-68.3464,44.2624],[-68.3435,44.2589],[-68.3448,44.2565],[-68.3411,44.2545],[-68.3257,44.2304],[-68.3218,44.2268],[-68.2932,44.185],[-68.314,44.1811],[-68.3255,44.1813],[-68.3348,44.1856],[-68.3469,44.1899],[-68.3475,44.1913],[-68.346,44.1949],[-68.3462,44.1991],[-68.3493,44.204],[-68.3539,44.2068],[-68.369,44.2098],[-68.3903,44.2113],[-68.4143,44.2149],[-68.4292,44.2178],[-68.4411,44.2226],[-68.4532,44.2299],[-68.4604,44.2353],[-68.4749,44.2511],[-68.4832,44.2583],[-68.4883,44.2611],[-68.5019,44.2648],[-68.5038,44.2662],[-68.5081,44.2722],[-68.5112,44.2805],[-68.5114,44.2856],[-68.5097,44.2962],[-68.5102,44.298],[-68.4785,44.2976],[-68.4712,44.3071],[-68.4626,44.3246],[-68.4481,44.3191],[-68.44,44.3146],[-68.4319,44.319],[-68.4255,44.3204],[-68.4197,44.3241],[-68.4169,44.3276],[-68.4103,44.3273],[-68.4076,44.3285],[-68.3979,44.3299],[-68.398,44.3141],[-68.384,44.3157],[-68.3527,44.2704]]]}},{"type":"Feature","properties":{"TOWN":"Hancock County Island"},"geometry":{"type":"MultiPolygon","coordinates":[[[[-68.8166,44.2057],[-68.8173,44.2056],[-68.8173,44.2057],[-68.8166,44.2057]]],[[[-68.8181,44.2056],[-68.818,44.206],[-68.8176,44.2059],[-68.8181,44.2056]]],[[[-68.8124,44.2065],[-68.8133,44.2061],[-68.8146,44.2076],[-68.813,44.2065],[-68.8124,44.2065]]],[[[-68.8648,44.2132],[-68.866,44.2131],[-68.8659,44.2142],[-68.8633,44.2153],[-68.8648,44.2132]]],[[[-68.8489,44.2177],[-68.8489,44.2181],[-68.8487,44.218],[-68.8489,44.2177]]],[[[-68.8488,44.2187],[-68.8495,44.2187],[-68.8491,44.2191],[-68.8488,44.2187]]],[[[-68.8257,44.2202],[-68.8252,44.2215],[-68.8259,44.223],[-68.8244,44.2223],[-68.8238,44.224],[-68.8226,44.2226],[-68.8229,44.2183],[-68.8242,44.2184],[-68.8283,44.2164],[-68.8301,44.2168],[-68.8257,44.2202]]],[[[-68.812,44.2224],[-68.8124,44.2227],[-68.8121,44.2229],[-68.812,44.2224]]],[[[-68.8121,44.2231],[-68.812,44.2229],[-68.8122,44.223],[-68.8121,44.2231]]],[[[-68.8325,44.2238],[-68.835,44.2227],[-68.8352,44.2229],[-68.8342,44.224],[-68.8325,44.2238]]],[[[-68.8125,44.2237],[-68.8122,44.2245],[-68.8116,44.2241],[-68.8119,44.2232],[-68.8125,44.2237]]],[[[-68.8241,44.2242],[-68.8244,44.2253],[-68.8241,44.225],[-68.8241,44.2242]]],[[[-68.8284,44.2265],[-68.8281,44.2264],[-68.8281,44.2262],[-68.8284,44.2265]]],[[[-68.8187,44.2265],[-68.8186,44.2262],[-68.8188,44.2263],[-68.8187,44.2265]]],[[[-68.8185,44.2267],[-68.8191,44.2273],[-68.8195,44.2288],[-68.8188,44.2285],[-68.8185,44.2267]]],[[[-68.8481,44.2289],[-68.8483,44.2292],[-68.8482,44.2292],[-68.8481,44.2289]]],[[[-68.8478,44.2296],[-68.8481,44.2295],[-68.8478,44.2297],[-68.8478,44.2296]]],[[[-68.8321,44.2314],[-68.832,44.2313],[-68.8321,44.2313],[-68.8321,44.2314]]],[[[-68.8496,44.2336],[-68.8475,44.2305],[-68.85,44.2302],[-68.852,44.2286],[-68.8526,44.2293],[-68.851,44.2324],[-68.8515,44.2355],[-68.8508,44.2366],[-68.8491,44.2361],[-68.8496,44.2336]]],[[[-68.8276,44.2391],[-68.8272,44.2409],[-68.8212,44.2426],[-68.8183,44.2426],[-68.8187,44.2407],[-68.8166,44.2386],[-68.8204,44.235],[-68.819,44.2312],[-68.8195,44.2293],[-68.8216,44.2299],[-68.8234,44.2352],[-68.8242,44.2333],[-68.8237,44.2313],[-68.8254,44.2302],[-68.8245,44.2292],[-68.828,44.229],[-68.831,44.2313],[-68.831,44.2343],[-68.8281,44.2356],[-68.8272,44.2369],[-68.8276,44.2391]]],[[[-68.8297,44.2359],[-68.8295,44.2359],[-68.8295,44.2359],[-68.8297,44.2359]]],[[[-68.8496,44.2499],[-68.8475,44.2495],[-68.8514,44.2469],[-68.8512,44.2488],[-68.8496,44.2499]]],[[[-68.8594,44.2594],[-68.8619,44.2551],[-68.8619,44.2567],[-68.8631,44.2586],[-68.8616,44.2602],[-68.8596,44.2609],[-68.8594,44.2594]]],[[[-68.8224,44.2598],[-68.8208,44.259],[-68.8178,44.2594],[-68.8167,44.2582],[-68.8182,44.2574],[-68.8237,44.257],[-68.8291,44.2609],[-68.828,44.2619],[-68.8247,44.2622],[-68.8221,44.2606],[-68.8224,44.2598]]],[[[-68.8415,44.2613],[-68.84,44.2603],[-68.8417,44.2597],[-68.8415,44.2613]]],[[[-68.8341,44.2655],[-68.836,44.2661],[-68.8322,44.2668],[-68.8324,44.2663],[-68.8341,44.2655]]],[[[-68.83,44.2669],[-68.831,44.2666],[-68.8305,44.2674],[-68.83,44.2669]]],[[[-68.828,44.2905],[-68.8281,44.29],[-68.8287,44.2901],[-68.8286,44.2904],[-68.828,44.2905]]],[[[-68.8195,44.2909],[-68.8214,44.2902],[-68.8241,44.2905],[-68.8248,44.2921],[-68.8224,44.2929],[-68.8224,44.2921],[-68.8205,44.2919],[-68.8176,44.2935],[-68.8195,44.2909]]],[[[-68.7827,44.1892],[-68.7853,44.1876],[-68.7859,44.1888],[-68.7853,44.1898],[-68.7832,44.1901],[-68.7827,44.1892]]],[[[-68.7943,44.1956],[-68.7952,44.1947],[-68.796,44.1947],[-68.7943,44.1956]]],[[[-68.774,44.1997],[-68.7734,44.1995],[-68.7741,44.1996],[-68.774,44.1997]]],[[[-68.7731,44.1993],[-68.7712,44.2011],[-68.7704,44.2005],[-68.7712,44.1994],[-68.7731,44.1993]]],[[[-68.7731,44.2017],[-68.7742,44.2017],[-68.774,44.2034],[-68.7718,44.2041],[-68.7714,44.2033],[-68.7731,44.2017]]],[[[-68.797,44.2105],[-68.801,44.2079],[-68.8017,44.2085],[-68.8007,44.2103],[-68.797,44.2105]]],[[[-68.7694,44.2145],[-68.7775,44.2072],[-68.7775,44.2031],[-68.7798,44.2014],[-68.7834,44.2012],[-68.7839,44.2031],[-68.7815,44.2037],[-68.7811,44.2061],[-68.7857,44.2098],[-68.7864,44.2113],[-68.7842,44.2116],[-68.7823,44.2145],[-68.7764,44.217],[-68.7744,44.2193],[-68.772,44.2178],[-68.7675,44.2181],[-68.7673,44.2173],[-68.7694,44.2145]]],[[[-68.7873,44.2114],[-68.7871,44.2116],[-68.787,44.2115],[-68.7873,44.2114]]],[[[-68.7875,44.2117],[-68.7874,44.2118],[-68.7873,44.2118],[-68.7875,44.2117]]],[[[-68.8121,44.213],[-68.812,44.2128],[-68.8123,44.2128],[-68.8121,44.213]]],[[[-68.812,44.2264],[-68.8118,44.2272],[-68.8107,44.2278],[-68.811,44.227],[-68.812,44.2264]]],[[[-68.8104,44.2284],[-68.8101,44.2284],[-68.8105,44.2281],[-68.8104,44.2284]]],[[[-68.7991,44.2354],[-68.7951,44.2366],[-68.7914,44.2366],[-68.7877,44.2349],[-68.7879,44.2334],[-68.7837,44.2314],[-68.7835,44.2273],[-68.781,44.2263],[-68.7857,44.2251],[-68.7887,44.2261],[-68.7931,44.226],[-68.7955,44.2243],[-68.7975,44.2242],[-68.7974,44.2255],[-68.7957,44.2272],[-68.7998,44.2317],[-68.7991,44.2354]]],[[[-68.8114,44.2311],[-68.8115,44.2308],[-68.8116,44.231],[-68.8114,44.2311]]],[[[-68.8062,44.2332],[-68.8051,44.2325],[-68.806,44.2315],[-68.8098,44.23],[-68.8062,44.2332]]],[[[-68.8115,44.2322],[-68.8119,44.2331],[-68.8104,44.234],[-68.8115,44.2322]]],[[[-68.8094,44.2339],[-68.8092,44.2339],[-68.8094,44.2338],[-68.8094,44.2339]]],[[[-68.8026,44.2366],[-68.8024,44.2354],[-68.8045,44.2348],[-68.8033,44.2367],[-68.8026,44.2366]]],[[[-68.8065,44.2364],[-68.8062,44.238],[-68.8053,44.2387],[-68.8034,44.2376],[-68.8065,44.2364]]],[[[-68.7579,44.2464],[-68.7531,44.2462],[-68.7503,44.2451],[-68.7498,44.2437],[-68.7504,44.2425],[-68.7563,44.2415],[-68.7584,44.2402],[-68.7609,44.2404],[-68.7628,44.2417],[-68.7646,44.2414],[-68.7649,44.2436],[-68.7632,44.2472],[-68.7612,44.248],[-68.7579,44.2464]]],[[[-68.7625,44.283],[-68.7629,44.2833],[-68.7624,44.2833],[-68.7625,44.283]]],[[[-68.7948,44.2864],[-68.7889,44.2849],[-68.7867,44.2853],[-68.786,44.2846],[-68.7931,44.2809],[-68.795,44.2806],[-68.7937,44.2821],[-68.7939,44.2839],[-68.7958,44.2853],[-68.7979,44.2853],[-68.7948,44.2864]]],[[[-68.7841,44.2857],[-68.7852,44.286],[-68.7845,44.2869],[-68.7842,44.2867],[-68.7841,44.2857]]],[[[-68.8006,44.2891],[-68.8096,44.2924],[-68.8127,44.2948],[-68.8103,44.2938],[-68.8082,44.2944],[-68.8046,44.2937],[-68.8033,44.2912],[-68.8006,44.2891]]],[[[-68.8069,44.2907],[-68.8067,44.2906],[-68.8069,44.2905],[-68.8069,44.2907]]],[[[-68.78,44.3078],[-68.7793,44.3062],[-68.7804,44.3061],[-68.7827,44.308],[-68.7839,44.3081],[-68.7847,44.3071],[-68.7858,44.3075],[-68.7846,44.3085],[-68.78,44.3078]]],[[[-68.5096,44.1256],[-68.5077,44.1274],[-68.5058,44.1274],[-68.5009,44.1255],[-68.498,44.1225],[-68.4954,44.1215],[-68.4959,44.1207],[-68.4937,44.1183],[-68.4924,44.1153],[-68.495,44.1131],[-68.4948,44.1123],[-68.4939,44.1114],[-68.4908,44.1114],[-68.4913,44.1102],[-68.4939,44.1087],[-68.4963,44.109],[-68.4968,44.1108],[-68.4987,44.1112],[-68.5001,44.11],[-68.5029,44.1095],[-68.5032,44.1084],[-68.5047,44.1086],[-68.5044,44.107],[-68.5023,44.1064],[-68.5011,44.1042],[-68.5023,44.1001],[-68.5043,44.0991],[-68.5036,44.0966],[-68.5064,44.0987],[-68.5058,44.1],[-68.5081,44.1009],[-68.5073,44.1037],[-68.5102,44.1041],[-68.513,44.1025],[-68.5165,44.1034],[-68.5182,44.1056],[-68.5171,44.1106],[-68.5188,44.1138],[-68.5177,44.1161],[-68.5118,44.1208],[-68.512,44.124],[-68.5112,44.1253],[-68.5096,44.1256]]],[[[-68.4912,44.1214],[-68.4929,44.121],[-68.4938,44.1223],[-68.4912,44.1239],[-68.4912,44.1214]]],[[[-68.7528,44.2249],[-68.7551,44.2235],[-68.7557,44.2242],[-68.7539,44.2251],[-68.7528,44.2249]]],[[[-68.7393,44.2464],[-68.7401,44.2453],[-68.7432,44.2467],[-68.742,44.2469],[-68.7393,44.2464]]],[[[-68.7441,44.2467],[-68.7442,44.2463],[-68.7444,44.2465],[-68.7441,44.2467]]],[[[-68.7394,44.2582],[-68.7393,44.2584],[-68.7392,44.2583],[-68.7394,44.2582]]],[[[-68.7375,44.2583],[-68.7388,44.2584],[-68.739,44.2589],[-68.7381,44.2592],[-68.7375,44.2583]]],[[[-68.7398,44.26],[-68.7394,44.2601],[-68.7394,44.26],[-68.7398,44.26]]],[[[-68.7284,44.2647],[-68.7289,44.2647],[-68.7297,44.2654],[-68.7289,44.2655],[-68.7284,44.2647]]],[[[-68.7493,44.263],[-68.7541,44.2628],[-68.7541,44.2638],[-68.7521,44.2648],[-68.754,44.2656],[-68.7548,44.2678],[-68.7579,44.269],[-68.7576,44.2706],[-68.7511,44.2685],[-68.7482,44.2684],[-68.7492,44.2663],[-68.7486,44.2655],[-68.7457,44.2667],[-68.7423,44.267],[-68.7406,44.2685],[-68.7389,44.2682],[-68.7381,44.2665],[-68.7359,44.2656],[-68.737,44.2645],[-68.7362,44.2635],[-68.7316,44.2638],[-68.731,44.2628],[-68.7351,44.2602],[-68.7401,44.2626],[-68.7471,44.2616],[-68.7487,44.262],[-68.7493,44.263]]],[[[-68.7182,44.2662],[-68.7182,44.2657],[-68.7188,44.2659],[-68.7182,44.2662]]],[[[-68.7189,44.2661],[-68.7191,44.266],[-68.7192,44.2661],[-68.7189,44.2661]]],[[[-68.723,44.2671],[-68.723,44.2673],[-68.7228,44.2673],[-68.723,44.2671]]],[[[-68.7199,44.2681],[-68.7196,44.2678],[-68.7198,44.2679],[-68.7199,44.2681]]],[[[-68.7113,44.2682],[-68.713,44.2685],[-68.7132,44.2686],[-68.7113,44.2682]]],[[[-68.716,44.2686],[-68.714,44.2685],[-68.7139,44.2679],[-68.716,44.2686]]],[[[-68.7282,44.2702],[-68.7278,44.2692],[-68.7303,44.2687],[-68.7309,44.2676],[-68.7329,44.2688],[-68.7317,44.269],[-68.7315,44.2699],[-68.7282,44.2702]]],[[[-68.7331,44.2707],[-68.7343,44.2715],[-68.7322,44.271],[-68.7331,44.2707]]],[[[-68.7232,44.2751],[-68.7233,44.2753],[-68.7231,44.2753],[-68.7232,44.2751]]],[[[-68.7236,44.2762],[-68.7238,44.2764],[-68.7234,44.2764],[-68.7236,44.2762]]],[[[-68.7246,44.2775],[-68.7245,44.2776],[-68.7244,44.2775],[-68.7246,44.2775]]],[[[-68.7262,44.2784],[-68.7253,44.2792],[-68.7239,44.2784],[-68.7245,44.2777],[-68.7262,44.2784]]],[[[-68.7488,44.2824],[-68.7483,44.2828],[-68.7476,44.2827],[-68.7478,44.2822],[-68.7488,44.2824]]],[[[-68.7405,44.282],[-68.7411,44.2815],[-68.743,44.2825],[-68.7414,44.2841],[-68.7408,44.2837],[-68.7415,44.2825],[-68.7405,44.282]]],[[[-68.7325,44.2848],[-68.7352,44.2841],[-68.7378,44.2849],[-68.7356,44.2863],[-68.734,44.2846],[-68.7325,44.2848]]],[[[-68.7471,44.2999],[-68.7483,44.299],[-68.7497,44.3009],[-68.7485,44.3012],[-68.7471,44.2999]]],[[[-68.7434,44.3088],[-68.7425,44.3096],[-68.7419,44.3095],[-68.7427,44.3087],[-68.7434,44.3088]]],[[[-68.7423,44.3105],[-68.7422,44.3103],[-68.7424,44.3103],[-68.7423,44.3105]]]]}},{"type":"Feature","properties":{"TOWN":"Deer Isle"},"geometry":{"type":"Polygon","coordinates":[[[-68.6897,44.2941],[-68.6182,44.2641],[-68.605,44.253],[-68.6002,44.2454],[-68.5969,44.2427],[-68.5742,44.2354],[-68.57,44.2324],[-68.5525,44.215],[-68.5472,44.2107],[-68.5405,44.2061],[-68.5169,44.1927],[-68.5317,44.1553],[-68.5355,44.1486],[-68.545,44.1357],[-68.5482,44.1295],[-68.5522,44.1448],[-68.5658,44.1601],[-68.5679,44.1643],[-68.5693,44.1702],[-68.5722,44.1738],[-68.5755,44.1759],[-68.5838,44.178],[-68.5956,44.1831],[-68.6035,44.1879],[-68.6111,44.1941],[-68.6172,44.1965],[-68.6276,44.1968],[-68.6412,44.2003],[-68.6442,44.1992],[-68.6474,44.1949],[-68.6504,44.1924],[-68.6622,44.1875],[-68.6666,44.1847],[-68.6697,44.1815],[-68.673,44.1813],[-68.6732,44.1824],[-68.6755,44.183],[-68.6769,44.1858],[-68.6818,44.1843],[-68.6843,44.1883],[-68.6974,44.184],[-68.7044,44.1775],[-68.7069,44.1736],[-68.7122,44.1611],[-68.7462,44.1268],[-68.7522,44.1325],[-68.756,44.1377],[-68.765,44.1638],[-68.7748,44.1774],[-68.7794,44.181],[-68.7961,44.1886],[-68.8125,44.2009],[-68.8204,44.2023],[-68.8285,44.209],[-68.832,44.2101],[-68.8364,44.2092],[-68.853,44.2022],[-68.8651,44.1995],[-68.8719,44.1989],[-68.8964,44.2099],[-68.8897,44.2298],[-68.8868,44.2505],[-68.8843,44.2595],[-68.8785,44.2691],[-68.8671,44.2849],[-68.8612,44.2967],[-68.8409,44.3007],[-68.8298,44.302],[-68.8194,44.3017],[-68.8116,44.2995],[-68.8034,44.2984],[-68.7892,44.2989],[-68.7745,44.3035],[-68.7494,44.3152],[-68.7427,44.3178],[-68.7398,44.3179],[-68.7333,44.316],[-68.7042,44.302],[-68.6897,44.2941]],[[-68.7724,44.2113],[-68.7673,44.2173],[-68.7675,44.2181],[-68.772,44.2178],[-68.7744,44.2193],[-68.7764,44.217],[-68.7823,44.2145],[-68.7842,44.2116],[-68.7864,44.2114],[-68.7857,44.2098],[-68.7811,44.2061],[-68.7812,44.204],[-68.7839,44.2031],[-68.7839,44.2014],[-68.7798,44.2014],[-68.7788,44.2027],[-68.7781,44.2026],[-68.7774,44.2033],[-68.7774,44.2075],[-68.7724,44.2113]],[[-68.7989,44.2355],[-68.7998,44.2315],[-68.7957,44.2272],[-68.7977,44.2247],[-68.7968,44.2238],[-68.7931,44.226],[-68.7887,44.2261],[-68.7857,44.2251],[-68.781,44.2263],[-68.7837,44.2277],[-68.7837,44.2314],[-68.7877,44.2332],[-68.7877,44.2349],[-68.7905,44.2357],[-68.7912,44.2366],[-68.7989,44.2355]],[[-68.8222,44.2424],[-68.8272,44.2409],[-68.8272,44.2369],[-68.8281,44.2356],[-68.831,44.2343],[-68.831,44.2313],[-68.828,44.229],[-68.8245,44.2292],[-68.8254,44.2302],[-68.8237,44.2313],[-68.8242,44.2333],[-68.8234,44.2352],[-68.8216,44.2299],[-68.8197,44.2292],[-68.8193,44.2297],[-68.8192,44.2326],[-68.8204,44.235],[-68.8166,44.2387],[-68.8187,44.2407],[-68.8183,44.2426],[-68.8222,44.2424]],[[-68.7487,44.262],[-68.7439,44.2617],[-68.7401,44.2626],[-68.7351,44.2602],[-68.731,44.2628],[-68.7316,44.2638],[-68.7362,44.2635],[-68.737,44.2645],[-68.7359,44.2656],[-68.7381,44.2665],[-68.7389,44.2682],[-68.7406,44.2685],[-68.7423,44.267],[-68.7457,44.2667],[-68.7486,44.2655],[-68.7492,44.2663],[-68.7482,44.2684],[-68.7511,44.2685],[-68.7576,44.2706],[-68.7579,44.269],[-68.7548,44.2678],[-68.754,44.2656],[-68.7521,44.2648],[-68.7541,44.2638],[-68.7541,44.2628],[-68.7493,44.263],[-68.7487,44.262]],[[-68.7582,44.2464],[-68.7621,44.2479],[-68.7634,44.2469],[-68.7649,44.2436],[-68.7646,44.2414],[-68.7628,44.2417],[-68.7609,44.2404],[-68.7584,44.2402],[-68.7563,44.2415],[-68.7504,44.2425],[-68.7498,44.2437],[-68.7503,44.2451],[-68.7531,44.2462],[-68.7582,44.2464]],[[-68.8235,44.2618],[-68.8276,44.2621],[-68.8291,44.2608],[-68.8237,44.257],[-68.8182,44.2574],[-68.8167,44.2582],[-68.8178,44.2594],[-68.8215,44.2592],[-68.8235,44.2618]],[[-68.795,44.2863],[-68.7979,44.2853],[-68.7958,44.2853],[-68.7939,44.2839],[-68.7937,44.2821],[-68.795,44.2806],[-68.7931,44.2809],[-68.786,44.2846],[-68.795,44.2863]],[[-68.8255,44.2203],[-68.8301,44.2168],[-68.8283,44.2164],[-68.8242,44.2184],[-68.8229,44.2183],[-68.8226,44.2226],[-68.8238,44.224],[-68.8244,44.2223],[-68.8259,44.223],[-68.8255,44.2203]],[[-68.8096,44.2924],[-68.8052,44.2904],[-68.8006,44.289],[-68.8033,44.2912],[-68.8046,44.2937],[-68.8082,44.2944],[-68.8103,44.2938],[-68.8127,44.2948],[-68.8096,44.2924]],[[-68.8491,44.2354],[-68.8501,44.2367],[-68.8515,44.2355],[-68.851,44.2324],[-68.8526,44.2293],[-68.852,44.2286],[-68.85,44.2302],[-68.8488,44.2299],[-68.8474,44.2307],[-68.8495,44.2334],[-68.8491,44.2354]],[[-68.8607,44.2561],[-68.8594,44.2594],[-68.8596,44.2609],[-68.8616,44.2602],[-68.8631,44.2586],[-68.8619,44.2567],[-68.8619,44.2551],[-68.8607,44.2561]],[[-68.8176,44.2935],[-68.8205,44.2919],[-68.8224,44.2921],[-68.8224,44.2929],[-68.8246,44.2924],[-68.8247,44.2907],[-68.8197,44.2906],[-68.8176,44.2935]],[[-68.7973,44.2098],[-68.7972,44.2106],[-68.8,44.2106],[-68.8017,44.2085],[-68.801,44.2079],[-68.7994,44.2082],[-68.7973,44.2098]],[[-68.7317,44.2692],[-68.7329,44.2688],[-68.7309,44.2676],[-68.7303,44.2687],[-68.7288,44.2687],[-68.7276,44.2696],[-68.7283,44.2704],[-68.7299,44.2703],[-68.7319,44.2697],[-68.7317,44.2692]],[[-68.8069,44.2309],[-68.8051,44.2324],[-68.8053,44.2329],[-68.807,44.2329],[-68.8099,44.23],[-68.8069,44.2309]],[[-68.7832,44.1901],[-68.7859,44.189],[-68.7854,44.1877],[-68.7827,44.1892],[-68.7832,44.1901]],[[-68.7328,44.2851],[-68.734,44.2846],[-68.7356,44.2863],[-68.7378,44.2849],[-68.7348,44.2841],[-68.7328,44.2851]],[[-68.7714,44.2033],[-68.7718,44.2041],[-68.773,44.2041],[-68.774,44.2034],[-68.7742,44.2017],[-68.7731,44.2017],[-68.7714,44.2033]],[[-68.8505,44.2497],[-68.8514,44.2469],[-68.8475,44.2495],[-68.8505,44.2497]],[[-68.7495,44.3012],[-68.749,44.2995],[-68.7475,44.2991],[-68.7473,44.3007],[-68.7495,44.3012]],[[-68.8034,44.2377],[-68.8053,44.2387],[-68.8067,44.2366],[-68.8053,44.2366],[-68.8034,44.2377]],[[-68.8633,44.2153],[-68.8659,44.2142],[-68.866,44.2131],[-68.8644,44.2132],[-68.8633,44.2153]],[[-68.7712,44.2011],[-68.7733,44.1995],[-68.7731,44.1993],[-68.7712,44.1994],[-68.7704,44.2005],[-68.7712,44.2011]],[[-68.8322,44.2667],[-68.8348,44.2666],[-68.836,44.266],[-68.8343,44.2655],[-68.8322,44.2667]],[[-68.7415,44.2827],[-68.7408,44.2837],[-68.7414,44.2841],[-68.743,44.2824],[-68.7406,44.2816],[-68.7415,44.2827]],[[-68.7556,44.2244],[-68.7537,44.224],[-68.7526,44.2252],[-68.7556,44.2244]],[[-68.8038,44.2352],[-68.8048,44.2351],[-68.8037,44.2345],[-68.8022,44.2363],[-68.8033,44.2367],[-68.8038,44.2352]],[[-68.7391,44.2462],[-68.7432,44.2467],[-68.7402,44.2453],[-68.7391,44.2462]],[[-68.7239,44.2784],[-68.7253,44.2792],[-68.7263,44.2787],[-68.7244,44.2777],[-68.7239,44.2784]],[[-68.84,44.2603],[-68.8415,44.2613],[-68.8417,44.2597],[-68.84,44.2603]],[[-68.8343,44.2239],[-68.8351,44.2228],[-68.8325,44.2237],[-68.8334,44.2237],[-68.8343,44.2239]],[[-68.716,44.2688],[-68.7138,44.268],[-68.7147,44.269],[-68.716,44.2688]],[[-68.8106,44.234],[-68.8119,44.2331],[-68.812,44.2322],[-68.8113,44.2324],[-68.8106,44.234]],[[-68.7322,44.271],[-68.7343,44.2714],[-68.7331,44.2707],[-68.7322,44.271]],[[-68.7843,44.2869],[-68.7852,44.2861],[-68.7844,44.2856],[-68.784,44.2858],[-68.7843,44.2869]],[[-68.738,44.2591],[-68.7389,44.2585],[-68.7376,44.2582],[-68.738,44.2591]],[[-68.742,44.3092],[-68.743,44.3093],[-68.7434,44.3087],[-68.742,44.3092]],[[-68.8106,44.2277],[-68.8118,44.2272],[-68.8122,44.2265],[-68.8106,44.2277]],[[-68.7115,44.2685],[-68.7132,44.2686],[-68.7113,44.2681],[-68.7115,44.2685]],[[-68.7283,44.2652],[-68.7297,44.2652],[-68.7282,44.2647],[-68.7283,44.2652]],[[-68.83,44.2669],[-68.8309,44.2673],[-68.8308,44.2663],[-68.83,44.2669]],[[-68.812,44.2245],[-68.8125,44.2237],[-68.8121,44.2232],[-68.8116,44.2237],[-68.812,44.2245]],[[-68.8124,44.2065],[-68.8146,44.2076],[-68.8133,44.2061],[-68.8124,44.2065]],[[-68.8185,44.2267],[-68.8195,44.2287],[-68.8191,44.2273],[-68.8185,44.2267]],[[-68.7478,44.2822],[-68.7483,44.2828],[-68.7488,44.2824],[-68.7478,44.2822]],[[-68.796,44.1947],[-68.7952,44.1947],[-68.7943,44.1956],[-68.7955,44.1952],[-68.796,44.1947]],[[-68.8488,44.2187],[-68.8495,44.2187],[-68.8493,44.2181],[-68.8488,44.2187]],[[-68.8286,44.2904],[-68.8282,44.29],[-68.8279,44.2903],[-68.828,44.2905],[-68.8286,44.2904]],[[-68.7626,44.2833],[-68.763,44.2829],[-68.7624,44.2832],[-68.7626,44.2833]],[[-68.8121,44.2228],[-68.8123,44.2222],[-68.8122,44.222],[-68.8121,44.2228]],[[-68.8241,44.225],[-68.8246,44.2254],[-68.8241,44.2242],[-68.8241,44.225]],[[-68.7182,44.2657],[-68.7184,44.2662],[-68.7188,44.2659],[-68.7182,44.2657]],[[-68.8185,44.2266],[-68.8187,44.2262],[-68.8184,44.2263],[-68.8185,44.2266]],[[-68.8101,44.2284],[-68.8105,44.2283],[-68.8105,44.2281],[-68.8101,44.2284]],[[-68.8485,44.2287],[-68.8481,44.2289],[-68.8482,44.2292],[-68.8485,44.2287]],[[-68.8121,44.213],[-68.812,44.2128],[-68.8118,44.2131],[-68.8121,44.213]],[[-68.8168,44.2055],[-68.8172,44.2057],[-68.8173,44.2056],[-68.8168,44.2055]],[[-68.8178,44.206],[-68.8181,44.2056],[-68.8176,44.2059],[-68.8178,44.206]],[[-68.7443,44.2467],[-68.7441,44.2463],[-68.744,44.2467],[-68.7443,44.2467]],[[-68.7236,44.2762],[-68.7235,44.2765],[-68.7239,44.2763],[-68.7236,44.2762]],[[-68.7423,44.3105],[-68.7422,44.3103],[-68.742,44.3104],[-68.7423,44.3105]],[[-68.7738,44.1995],[-68.7734,44.1996],[-68.7741,44.1996],[-68.7738,44.1995]],[[-68.8112,44.2309],[-68.8115,44.2308],[-68.8112,44.2308],[-68.8112,44.2309]],[[-68.8489,44.2181],[-68.8489,44.2177],[-68.8487,44.218],[-68.8489,44.2181]],[[-68.7198,44.2679],[-68.7196,44.2681],[-68.7199,44.2681],[-68.7198,44.2679]],[[-68.7397,44.2601],[-68.7395,44.26],[-68.7394,44.2601],[-68.7397,44.2601]],[[-68.8478,44.2296],[-68.8481,44.2295],[-68.848,44.2294],[-68.8478,44.2296]],[[-68.8282,44.2262],[-68.8281,44.2264],[-68.8284,44.2265],[-68.8282,44.2262]],[[-68.7232,44.2673],[-68.7229,44.2672],[-68.7229,44.2674],[-68.7232,44.2673]],[[-68.7871,44.2116],[-68.7872,44.2114],[-68.787,44.2115],[-68.7871,44.2116]],[[-68.8297,44.2359],[-68.8295,44.2359],[-68.8297,44.2361],[-68.8297,44.2359]],[[-68.7189,44.2661],[-68.7192,44.2661],[-68.7191,44.266],[-68.7189,44.2661]],[[-68.7247,44.2775],[-68.7245,44.2776],[-68.7247,44.2776],[-68.7247,44.2775]],[[-68.7394,44.2582],[-68.7393,44.2584],[-68.7394,44.2583],[-68.7394,44.2582]],[[-68.7231,44.2752],[-68.7234,44.2752],[-68.7233,44.2751],[-68.7231,44.2752]],[[-68.8092,44.2339],[-68.8094,44.2339],[-68.8094,44.2338],[-68.8092,44.2339]],[[-68.8069,44.2905],[-68.8067,44.2906],[-68.8069,44.2907],[-68.8069,44.2905]],[[-68.7874,44.2118],[-68.7875,44.2117],[-68.7873,44.2118],[-68.7874,44.2118]],[[-68.812,44.223],[-68.8122,44.223],[-68.812,44.2229],[-68.812,44.223]],[[-68.8321,44.2314],[-68.832,44.2313],[-68.8319,44.2313],[-68.8321,44.2314]]]}},{"type":"Feature","properties":{"TOWN":"Cranberry Isles"},"geometry":{"type":"Polygon","coordinates":[[[-68.1272,44.2598],[-68.1245,44.2546],[-68.1245,44.2501],[-68.1217,44.2501],[-68.1207,44.2443],[-68.1209,44.2347],[-68.1226,44.2261],[-68.1245,44.2223],[-68.1376,44.2069],[-68.1565,44.1949],[-68.1707,44.1899],[-68.2104,44.2058],[-68.2171,44.207],[-68.224,44.2064],[-68.2299,44.2046],[-68.2487,44.196],[-68.2648,44.1931],[-68.2861,44.2234],[-68.2879,44.2281],[-68.2882,44.2372],[-68.2842,44.2439],[-68.2833,44.2482],[-68.2843,44.2642],[-68.2819,44.271],[-68.2808,44.2779],[-68.2794,44.2784],[-68.2744,44.2873],[-68.2641,44.2862],[-68.2582,44.2823],[-68.2536,44.2827],[-68.2452,44.2819],[-68.2356,44.2794],[-68.2255,44.2862],[-68.2163,44.2877],[-68.18,44.2913],[-68.1661,44.2917],[-68.1278,44.2644],[-68.1283,44.2638],[-68.1272,44.2598]]]}},{"type":"Feature","properties":{"TOWN":"Whitefield"},"geometry":{"type":"Polygon","coordinates":[[[-69.6502,44.2796],[-69.5403,44.2598],[-69.5917,44.1226],[-69.6232,44.1378],[-69.6314,44.1217],[-69.6569,44.1255],[-69.6654,44.2276],[-69.6502,44.2796]]]}},{"type":"Feature","properties":{"TOWN":"Southwest Harbor"},"geometry":{"type":"Polygon","coordinates":[[[-68.2834,44.2678],[-68.2845,44.2607],[-68.2833,44.2482],[-68.2842,44.2439],[-68.2882,44.2372],[-68.2877,44.2272],[-68.2861,44.2234],[-68.2648,44.1931],[-68.2932,44.185],[-68.3218,44.2268],[-68.3257,44.2304],[-68.3411,44.2545],[-68.3448,44.2565],[-68.3435,44.2589],[-68.3464,44.2624],[-68.3454,44.2642],[-68.3462,44.2653],[-68.3459,44.2662],[-68.348,44.2671],[-68.3475,44.2681],[-68.3487,44.2678],[-68.3486,44.2688],[-68.3515,44.2696],[-68.3542,44.2718],[-68.384,44.3157],[-68.3606,44.3187],[-68.3562,44.3221],[-68.3181,44.3082],[-68.3112,44.3114],[-68.3085,44.3081],[-68.3061,44.3021],[-68.3072,44.3005],[-68.307,44.298],[-68.3085,44.2939],[-68.3067,44.2891],[-68.3044,44.2888],[-68.2925,44.2816],[-68.2808,44.2779],[-68.2819,44.271],[-68.2834,44.2678]]]}},{"type":"Feature","properties":{"TOWN":"Lovell"},"geometry":{"type":"Polygon","coordinates":[[[-70.8158,44.2064],[-70.7918,44.1809],[-70.8312,44.1606],[-70.8845,44.1263],[-70.8988,44.1152],[-70.9452,44.1378],[-70.9371,44.157],[-70.9377,44.1617],[-70.9367,44.1638],[-70.9404,44.1713],[-70.9442,44.1854],[-70.948,44.187],[-70.9603,44.201],[-70.9646,44.2113],[-70.9709,44.2146],[-70.9132,44.2387],[-70.8637,44.2614],[-70.8158,44.2064]]]}},{"type":"Feature","properties":{"TOWN":"Farmingdale"},"geometry":{"type":"Polygon","coordinates":[[[-69.7781,44.2664],[-69.773,44.2621],[-69.7677,44.2532],[-69.769,44.2483],[-69.7676,44.2433],[-69.77,44.2386],[-69.7702,44.2348],[-69.785,44.2387],[-69.7859,44.2364],[-69.7935,44.2378],[-69.7986,44.2369],[-69.8017,44.2375],[-69.8,44.2425],[-69.8472,44.2386],[-69.8457,44.2434],[-69.8555,44.2465],[-69.8482,44.2516],[-69.8619,44.2545],[-69.8626,44.254],[-69.8774,44.2564],[-69.8685,44.2688],[-69.867,44.2718],[-69.868,44.2734],[-69.8673,44.2759],[-69.8655,44.2763],[-69.8628,44.2791],[-69.8556,44.2805],[-69.8477,44.2858],[-69.8185,44.281],[-69.8208,44.2739],[-69.7927,44.2691],[-69.795,44.2618],[-69.786,44.2679],[-69.7781,44.2664]]]}},{"type":"Feature","properties":{"TOWN":"Frenchboro"},"geometry":{"type":"MultiPolygon","coordinates":[[[[-68.1283,43.9732],[-68.127,43.9742],[-68.1269,43.974],[-68.1283,43.9732]]],[[[-68.292,44.1854],[-68.2644,44.1932],[-68.2487,44.196],[-68.2299,44.2046],[-68.224,44.2064],[-68.2183,44.2071],[-68.2104,44.2058],[-68.1707,44.1899],[-68.1684,44.1729],[-68.1693,44.1651],[-68.1713,44.1605],[-68.1707,44.1547],[-68.1722,44.1474],[-68.1713,44.1439],[-68.1739,44.1312],[-68.1759,44.1251],[-68.1801,44.1184],[-68.1858,44.112],[-68.2034,44.0996],[-68.2239,44.092],[-68.2302,44.0905],[-68.2458,44.0891],[-68.2631,44.0906],[-68.2762,44.0728],[-68.2792,44.07],[-68.2937,44.0609],[-68.3035,44.0562],[-68.3114,44.0534],[-68.3257,44.0508],[-68.3358,44.0506],[-68.3745,44.0865],[-68.3822,44.0926],[-68.3891,44.0992],[-68.3903,44.1014],[-68.3892,44.1099],[-68.3864,44.1197],[-68.3846,44.1235],[-68.3817,44.1264],[-68.3643,44.1373],[-68.3593,44.1432],[-68.3587,44.147],[-68.3591,44.152],[-68.361,44.1568],[-68.3637,44.1606],[-68.3715,44.1679],[-68.3807,44.1725],[-68.3883,44.1781],[-68.396,44.1936],[-68.3992,44.1967],[-68.4052,44.2002],[-68.4268,44.2063],[-68.4431,44.2138],[-68.4524,44.2163],[-68.4603,44.2174],[-68.4828,44.2176],[-68.493,44.2158],[-68.4946,44.2223],[-68.4945,44.2259],[-68.4925,44.2303],[-68.4871,44.2364],[-68.4734,44.2495],[-68.4651,44.2399],[-68.4581,44.2334],[-68.4445,44.2244],[-68.4333,44.2192],[-68.4288,44.2177],[-68.4041,44.2131],[-68.3885,44.2111],[-68.369,44.2098],[-68.3539,44.2068],[-68.3493,44.204],[-68.3462,44.1991],[-68.346,44.1949],[-68.3475,44.1913],[-68.3469,44.1899],[-68.3348,44.1856],[-68.3255,44.1813],[-68.314,44.1811],[-68.292,44.1854]]]]}},{"type":"Feature","properties":{"TOWN":"Randolph"},"geometry":{"type":"Polygon","coordinates":[[[-69.7539,44.228],[-69.759,44.2242],[-69.7626,44.2238],[-69.768,44.2291],[-69.7704,44.2357],[-69.77,44.2386],[-69.7676,44.2433],[-69.7686,44.2466],[-69.7461,44.2429],[-69.7466,44.2406],[-69.7236,44.2368],[-69.7244,44.2361],[-69.7243,44.233],[-69.7251,44.2311],[-69.728,44.231],[-69.7305,44.2291],[-69.7357,44.2273],[-69.7413,44.2269],[-69.7441,44.2254],[-69.7539,44.228]]]}},{"type":"Feature","properties":{"TOWN":"Turner"},"geometry":{"type":"Polygon","coordinates":[[[-70.2652,44.3629],[-70.1879,44.3432],[-70.1896,44.3401],[-70.1964,44.3356],[-70.1988,44.3326],[-70.1958,44.33],[-70.1883,44.3281],[-70.1867,44.3248],[-70.1837,44.3236],[-70.1846,44.3191],[-70.1834,44.3165],[-70.1827,44.3101],[-70.181,44.3074],[-70.1808,44.3052],[-70.1788,44.3009],[-70.1789,44.2928],[-70.1745,44.2854],[-70.1762,44.2822],[-70.1771,44.2771],[-70.1771,44.2756],[-70.1745,44.27],[-70.1747,44.2679],[-70.1771,44.264],[-70.1786,44.2578],[-70.1839,44.248],[-70.1876,44.245],[-70.189,44.2398],[-70.1902,44.2314],[-70.1886,44.2189],[-70.1909,44.2149],[-70.2032,44.199],[-70.2068,44.1908],[-70.2102,44.1859],[-70.2105,44.1825],[-70.2127,44.1796],[-70.2125,44.1786],[-70.3252,44.2084],[-70.2907,44.2997],[-70.2652,44.3629]]]}},{"type":"Feature","properties":{"TOWN":"Appleton"},"geometry":{"type":"Polygon","coordinates":[[[-69.1876,44.3046],[-69.2555,44.242],[-69.3466,44.3083],[-69.2689,44.3647],[-69.1876,44.3046]]]}},{"type":"Feature","properties":{"TOWN":"Windsor"},"geometry":{"type":"Polygon","coordinates":[[[-69.6257,44.3618],[-69.5064,44.3429],[-69.5213,44.2807],[-69.5268,44.2773],[-69.5289,44.275],[-69.5344,44.2722],[-69.5351,44.2705],[-69.5344,44.2685],[-69.5348,44.2674],[-69.5414,44.264],[-69.5426,44.2625],[-69.544,44.2631],[-69.5467,44.2626],[-69.5474,44.261],[-69.6502,44.2796],[-69.6257,44.3618]]]}},{"type":"Feature","properties":{"TOWN":"Winthrop"},"geometry":{"type":"Polygon","coordinates":[[[-69.8793,44.3411],[-69.8812,44.3388],[-69.8799,44.3348],[-69.8771,44.3343],[-69.8775,44.333],[-69.8765,44.3329],[-69.8802,44.3215],[-69.9107,44.2688],[-69.9232,44.2709],[-69.9374,44.2677],[-69.9829,44.2751],[-69.9843,44.2738],[-69.9891,44.2722],[-69.9903,44.2688],[-69.9897,44.2671],[-69.9907,44.268],[-69.9915,44.2673],[-69.9929,44.2674],[-70.006,44.2695],[-70.0043,44.2784],[-70.0413,44.2841],[-70.0406,44.2858],[-70.039,44.2864],[-70.0448,44.288],[-70.0453,44.2893],[-70.0459,44.2924],[-70.0449,44.2981],[-70.0454,44.3021],[-70.0436,44.31],[-70.0298,44.3085],[-70.017,44.3593],[-69.9566,44.3488],[-69.9354,44.3495],[-69.8793,44.3411]]]}},{"type":"Feature","properties":{"TOWN":"Buckfield"},"geometry":{"type":"Polygon","coordinates":[[[-70.3964,44.317],[-70.3181,44.3168],[-70.3178,44.3185],[-70.2815,44.3224],[-70.3145,44.2373],[-70.4318,44.2513],[-70.4571,44.2932],[-70.4474,44.2964],[-70.4597,44.3167],[-70.4003,44.317],[-70.4006,44.3193],[-70.4037,44.3243],[-70.4024,44.3263],[-70.3937,44.3269],[-70.3926,44.3277],[-70.3882,44.3262],[-70.3888,44.3254],[-70.3878,44.3242],[-70.3913,44.3216],[-70.3899,44.3206],[-70.3906,44.3184],[-70.396,44.318],[-70.3964,44.317]]]}},{"type":"Feature","properties":{"TOWN":"Hibberts Gore"},"geometry":{"type":"Polygon","coordinates":[[[-69.4096,44.328],[-69.4164,44.3213],[-69.437,44.3245],[-69.4513,44.314],[-69.435,44.3319],[-69.4096,44.328]]]}},{"type":"Feature","properties":{"TOWN":"Paris"},"geometry":{"type":"Polygon","coordinates":[[[-70.4568,44.312],[-70.4474,44.2964],[-70.4571,44.2932],[-70.415,44.2237],[-70.4246,44.2196],[-70.4225,44.2154],[-70.4346,44.2104],[-70.4313,44.2048],[-70.5035,44.1754],[-70.5074,44.1815],[-70.5126,44.1794],[-70.5254,44.2032],[-70.5268,44.2044],[-70.5202,44.2063],[-70.5276,44.2087],[-70.5264,44.2108],[-70.5286,44.2128],[-70.5276,44.2199],[-70.531,44.222],[-70.5368,44.2198],[-70.5536,44.2501],[-70.5662,44.2709],[-70.5289,44.2878],[-70.5264,44.2877],[-70.4686,44.3124],[-70.4568,44.312]]]}},{"type":"Feature","properties":{"TOWN":"Hallowell"},"geometry":{"type":"Polygon","coordinates":[[[-69.7796,44.2957],[-69.7837,44.2905],[-69.7879,44.2878],[-69.7895,44.2801],[-69.7856,44.2711],[-69.7785,44.2666],[-69.786,44.2679],[-69.795,44.2618],[-69.7927,44.2691],[-69.8208,44.2739],[-69.8185,44.281],[-69.8477,44.2858],[-69.8469,44.2864],[-69.8525,44.2893],[-69.8508,44.2937],[-69.8499,44.2935],[-69.8486,44.2969],[-69.8402,44.2953],[-69.8392,44.2978],[-69.8401,44.298],[-69.8373,44.3051],[-69.8353,44.3047],[-69.8348,44.3054],[-69.8315,44.3149],[-69.8192,44.3126],[-69.8187,44.3113],[-69.8089,44.3098],[-69.8106,44.3043],[-69.8005,44.3027],[-69.8017,44.2993],[-69.7796,44.2957]]]}},{"type":"Feature","properties":{"TOWN":"Norway"},"geometry":{"type":"Polygon","coordinates":[[[-70.5808,44.2948],[-70.5536,44.2501],[-70.5368,44.2198],[-70.531,44.222],[-70.5283,44.2206],[-70.5273,44.2191],[-70.5286,44.2128],[-70.5264,44.2108],[-70.5276,44.2087],[-70.5202,44.2063],[-70.5268,44.2045],[-70.5241,44.2002],[-70.5673,44.1687],[-70.5779,44.1623],[-70.5882,44.1564],[-70.5932,44.1614],[-70.608,44.1541],[-70.6243,44.171],[-70.6189,44.1739],[-70.709,44.2681],[-70.6856,44.2805],[-70.6721,44.2667],[-70.6455,44.2802],[-70.6397,44.2767],[-70.5808,44.2948]]]}},{"type":"Feature","properties":{"TOWN":"Hope"},"geometry":{"type":"Polygon","coordinates":[[[-69.1876,44.3046],[-69.1216,44.2557],[-69.1319,44.2486],[-69.1966,44.1992],[-69.2555,44.242],[-69.1876,44.3046]]]}},{"type":"Feature","properties":{"TOWN":"Swans Island"},"geometry":{"type":"Polygon","coordinates":[[[-68.3908,44.0481],[-68.4008,44.0506],[-68.4368,44.0532],[-68.4466,44.0426],[-68.4524,44.038],[-68.463,44.0321],[-68.4782,44.0287],[-68.4846,44.0283],[-68.4995,44.0738],[-68.5154,44.0786],[-68.5248,44.0846],[-68.5412,44.0978],[-68.5489,44.1084],[-68.5501,44.1156],[-68.5482,44.1295],[-68.545,44.1357],[-68.5355,44.1486],[-68.5317,44.1553],[-68.5172,44.1921],[-68.5043,44.2064],[-68.4942,44.2153],[-68.4828,44.2176],[-68.4603,44.2174],[-68.4524,44.2163],[-68.4431,44.2138],[-68.4268,44.2063],[-68.4066,44.2008],[-68.3992,44.1967],[-68.396,44.1936],[-68.3883,44.1781],[-68.3817,44.1731],[-68.371,44.1675],[-68.3652,44.1622],[-68.361,44.1568],[-68.3588,44.1503],[-68.3593,44.1432],[-68.3643,44.1373],[-68.3817,44.1264],[-68.3846,44.1235],[-68.3864,44.1197],[-68.3892,44.1099],[-68.3904,44.1017],[-68.3891,44.0992],[-68.3822,44.0926],[-68.3745,44.0865],[-68.3358,44.0506],[-68.3413,44.0487],[-68.3566,44.0458],[-68.3688,44.0452],[-68.3745,44.0467],[-68.3908,44.0481]],[[-68.5009,44.1255],[-68.5074,44.1275],[-68.5092,44.1259],[-68.5112,44.1253],[-68.5121,44.1237],[-68.5117,44.1209],[-68.5177,44.1161],[-68.5188,44.1136],[-68.5171,44.1106],[-68.5182,44.1056],[-68.5168,44.1036],[-68.513,44.1025],[-68.5102,44.1041],[-68.5073,44.1037],[-68.5081,44.1009],[-68.5058,44.1],[-68.5064,44.0987],[-68.5036,44.0966],[-68.5043,44.0991],[-68.5023,44.1001],[-68.5011,44.1042],[-68.5023,44.1064],[-68.5044,44.107],[-68.5047,44.1086],[-68.5032,44.1084],[-68.5029,44.1095],[-68.5001,44.11],[-68.4987,44.1112],[-68.4968,44.1108],[-68.4963,44.109],[-68.4939,44.1087],[-68.4913,44.1102],[-68.4908,44.1114],[-68.4939,44.1114],[-68.4948,44.1123],[-68.495,44.1131],[-68.4924,44.1153],[-68.4937,44.1183],[-68.4959,44.1207],[-68.4954,44.1215],[-68.498,44.1225],[-68.5009,44.1255]],[[-68.4915,44.1211],[-68.491,44.1237],[-68.4921,44.1238],[-68.4939,44.1219],[-68.4929,44.121],[-68.4915,44.1211]]]}},{"type":"Feature","properties":{"TOWN":"Camden"},"geometry":{"type":"Polygon","coordinates":[[[-69.0182,44.1742],[-69.0678,44.1942],[-69.0648,44.1966],[-69.0695,44.2013],[-69.0714,44.1966],[-69.076,44.1999],[-69.151,44.2125],[-69.1654,44.2227],[-69.1319,44.2486],[-69.1216,44.2557],[-69.0431,44.2596],[-69.0284,44.249],[-69.0132,44.2105],[-69.0048,44.2032],[-69.0113,44.1877],[-69.0182,44.1742]]]}},{"type":"Feature","properties":{"TOWN":"Oxford"},"geometry":{"type":"Polygon","coordinates":[[[-70.4411,44.2006],[-70.4379,44.2002],[-70.4343,44.1971],[-70.4327,44.1976],[-70.4244,44.1922],[-70.4238,44.1913],[-70.4278,44.1889],[-70.4279,44.1871],[-70.4267,44.1848],[-70.4241,44.1828],[-70.4218,44.1827],[-70.4196,44.1806],[-70.4163,44.1806],[-70.4127,44.174],[-70.4034,44.1711],[-70.4,44.1685],[-70.3992,44.1657],[-70.4003,44.1635],[-70.3987,44.1627],[-70.3994,44.1612],[-70.3975,44.1603],[-70.3958,44.1548],[-70.3917,44.1536],[-70.4853,44.0604],[-70.4938,44.0715],[-70.4975,44.0809],[-70.4971,44.0843],[-70.4943,44.0894],[-70.4948,44.0923],[-70.4973,44.0963],[-70.5242,44.1251],[-70.5673,44.1687],[-70.5241,44.2002],[-70.5126,44.1794],[-70.5074,44.1815],[-70.5035,44.1754],[-70.4411,44.2006]]]}},{"type":"Feature","properties":{"TOWN":"North Haven"},"geometry":{"type":"Polygon","coordinates":[[[-68.7386,44.1206],[-68.7356,44.1192],[-68.7472,44.1196],[-68.7614,44.1217],[-68.786,44.1219],[-68.8093,44.1287],[-68.8221,44.1305],[-68.8314,44.1339],[-68.8367,44.1346],[-68.8436,44.1343],[-68.85,44.1321],[-68.8521,44.1308],[-68.8568,44.1245],[-68.86,44.1235],[-68.8745,44.1242],[-68.8838,44.1268],[-68.8925,44.1266],[-68.8978,44.1255],[-68.9042,44.1224],[-68.9211,44.1038],[-68.9312,44.0897],[-68.9995,44.0942],[-69.0392,44.0949],[-69.07,44.1066],[-69.0453,44.1251],[-69.0239,44.1615],[-69.0175,44.1762],[-69.0113,44.1877],[-69.0048,44.2032],[-69.0,44.1667],[-68.9166,44.1667],[-68.8964,44.2099],[-68.8719,44.1989],[-68.8651,44.1995],[-68.853,44.2022],[-68.8364,44.2092],[-68.832,44.2101],[-68.8285,44.209],[-68.8204,44.2023],[-68.8125,44.2009],[-68.7961,44.1886],[-68.7794,44.181],[-68.7748,44.1774],[-68.765,44.1638],[-68.7576,44.1415],[-68.7549,44.136],[-68.7495,44.1297],[-68.7386,44.1206]],[[-68.8864,44.1903],[-68.886,44.1902],[-68.8858,44.1903],[-68.8864,44.1903]],[[-68.9783,44.1594],[-68.9782,44.1592],[-68.9781,44.1594],[-68.9783,44.1594]],[[-68.978,44.1609],[-68.9791,44.16],[-68.9793,44.1595],[-68.9778,44.1599],[-68.978,44.1609]],[[-68.9789,44.1623],[-68.9786,44.1625],[-68.9789,44.1624],[-68.9789,44.1623]],[[-68.9785,44.1632],[-68.9782,44.1632],[-68.9783,44.1633],[-68.9785,44.1632]]]}},{"type":"Feature","properties":{"TOWN":"Waldo County Island"},"geometry":{"type":"MultiPolygon","coordinates":[[[[-68.9842,44.1722],[-68.9832,44.1754],[-68.9815,44.176],[-68.9804,44.1761],[-68.9797,44.175],[-68.9805,44.1729],[-68.9823,44.1715],[-68.9842,44.1722]]],[[[-68.9655,44.1792],[-68.9653,44.1793],[-68.9654,44.1791],[-68.9655,44.1792]]],[[[-68.965,44.1779],[-68.9649,44.1806],[-68.9635,44.1811],[-68.9643,44.1795],[-68.9631,44.1779],[-68.965,44.1779]]],[[[-68.9793,44.1834],[-68.9798,44.1839],[-68.9793,44.1842],[-68.9793,44.1834]]],[[[-68.9646,44.1917],[-68.9646,44.1919],[-68.9644,44.1917],[-68.9646,44.1917]]],[[[-68.9615,44.2009],[-68.9613,44.2009],[-68.9615,44.2008],[-68.9615,44.2009]]],[[[-68.9617,44.2011],[-68.962,44.2015],[-68.9616,44.2016],[-68.9617,44.2011]]],[[[-68.9521,44.1831],[-68.9521,44.1834],[-68.9519,44.1832],[-68.9521,44.1831]]],[[[-68.9511,44.1849],[-68.9502,44.1853],[-68.9508,44.1842],[-68.9511,44.1849]]],[[[-68.9418,44.1905],[-68.9421,44.1916],[-68.9417,44.1916],[-68.9418,44.1905]]],[[[-68.9579,44.1965],[-68.9601,44.1943],[-68.9585,44.1927],[-68.9601,44.1902],[-68.9614,44.1899],[-68.9637,44.193],[-68.9648,44.1924],[-68.9627,44.1949],[-68.9644,44.1955],[-68.9647,44.1947],[-68.9643,44.1996],[-68.9631,44.2006],[-68.9619,44.2001],[-68.959,44.201],[-68.9575,44.2027],[-68.9589,44.1981],[-68.9579,44.1965]]],[[[-68.9434,44.1989],[-68.9418,44.2001],[-68.9422,44.198],[-68.9434,44.1989]]],[[[-68.9513,44.2113],[-68.9516,44.2114],[-68.9512,44.2117],[-68.9513,44.2113]]]]}},{"type":"Feature","properties":{"TOWN":"Stonington"},"geometry":{"type":"Polygon","coordinates":[[[-68.5563,44.131],[-68.5693,44.1305],[-68.5793,44.1288],[-68.5845,44.1261],[-68.596,44.1176],[-68.6047,44.1142],[-68.6136,44.1127],[-68.6223,44.1129],[-68.6314,44.1143],[-68.6467,44.1195],[-68.6538,44.1203],[-68.6774,44.1174],[-68.6932,44.1199],[-68.7002,44.12],[-68.7147,44.1159],[-68.7209,44.1153],[-68.7318,44.1174],[-68.7399,44.1214],[-68.7462,44.1268],[-68.7122,44.1611],[-68.7069,44.1736],[-68.7044,44.1775],[-68.6974,44.184],[-68.6843,44.1883],[-68.6818,44.1843],[-68.6769,44.1858],[-68.6755,44.183],[-68.6732,44.1824],[-68.673,44.1813],[-68.6697,44.1815],[-68.6666,44.1847],[-68.6606,44.1883],[-68.6511,44.192],[-68.6474,44.1949],[-68.6439,44.1994],[-68.6402,44.2003],[-68.6276,44.1968],[-68.6205,44.1969],[-68.6146,44.1958],[-68.5956,44.1831],[-68.5838,44.178],[-68.5755,44.1759],[-68.5722,44.1738],[-68.5693,44.1702],[-68.5679,44.1643],[-68.5658,44.1601],[-68.5551,44.1489],[-68.5515,44.1431],[-68.5482,44.1295],[-68.5563,44.131]]]}},{"type":"Feature","properties":{"TOWN":"Vinalhaven"},"geometry":{"type":"MultiPolygon","coordinates":[[[[-68.7407,44.1067],[-68.7408,44.1002],[-68.7385,44.0931],[-68.724,44.0746],[-68.716,44.0599],[-68.71,44.0365],[-68.6979,44.0001],[-68.7071,43.9638],[-68.7296,43.9614],[-68.7451,43.9563],[-68.7615,43.9537],[-68.7707,43.9536],[-68.7811,43.955],[-68.7844,43.9538],[-68.804,43.9517],[-68.8155,43.9522],[-68.825,43.9537],[-68.8342,43.9562],[-68.8513,43.964],[-68.859,43.9694],[-68.8655,43.9691],[-68.8786,43.9701],[-68.9806,43.9594],[-68.9887,43.961],[-68.987,43.9609],[-68.9743,44.0],[-68.957,44.0436],[-68.9398,44.0782],[-68.9211,44.1038],[-68.9031,44.1233],[-68.896,44.126],[-68.8882,44.127],[-68.8817,44.1264],[-68.8745,44.1242],[-68.8592,44.1236],[-68.8568,44.1245],[-68.8521,44.1308],[-68.85,44.1321],[-68.8436,44.1343],[-68.8348,44.1344],[-68.8314,44.1339],[-68.8235,44.1308],[-68.8093,44.1287],[-68.786,44.1219],[-68.7614,44.1217],[-68.7472,44.1196],[-68.7356,44.1192],[-68.7388,44.1126],[-68.7407,44.1067]],[[-68.8001,44.0988],[-68.7991,44.1005],[-68.8008,44.101],[-68.8015,44.102],[-68.804,44.1015],[-68.8021,44.0997],[-68.8027,44.099],[-68.8016,44.0995],[-68.8001,44.0988]],[[-68.8054,44.0999],[-68.8068,44.0996],[-68.8052,44.0986],[-68.8054,44.0999]],[[-68.8046,44.0985],[-68.8043,44.098],[-68.804,44.0983],[-68.8046,44.0985]],[[-68.8049,44.099],[-68.8047,44.0993],[-68.8049,44.0992],[-68.8049,44.099]],[[-68.7989,44.0991],[-68.7991,44.0992],[-68.7991,44.0991],[-68.7989,44.0991]],[[-68.8062,44.1006],[-68.8062,44.1008],[-68.8063,44.1007],[-68.8062,44.1006]]],[[[-68.7515,43.863],[-68.7532,43.866],[-68.7749,43.8872],[-68.7762,43.8899],[-68.8043,43.9032],[-68.7955,43.9175],[-68.7889,43.9246],[-68.7808,43.9311],[-68.7716,43.9362],[-68.7604,43.9403],[-68.754,43.9418],[-68.7352,43.9437],[-68.7262,43.9434],[-68.7165,43.942],[-68.696,43.9349],[-68.6869,43.9298],[-68.6793,43.9235],[-68.6733,43.9164],[-68.6687,43.9088],[-68.6638,43.8939],[-68.665,43.8805],[-68.6694,43.8696],[-68.6754,43.8628],[-68.6847,43.8547],[-68.704,43.8426],[-68.7128,43.8384],[-68.7243,43.8346],[-68.737,43.8327],[-68.7489,43.8325],[-68.7515,43.863]]]]}},{"type":"Feature","properties":{"TOWN":"Isle au Haut"},"geometry":{"type":"Polygon","coordinates":[[[-68.5479,44.1286],[-68.5501,44.1156],[-68.5494,44.1096],[-68.5412,44.0978],[-68.5248,44.0846],[-68.5154,44.0786],[-68.4995,44.0738],[-68.4846,44.0283],[-68.4874,44.0178],[-68.4906,44.0131],[-68.4931,44.0106],[-68.5124,43.9987],[-68.5199,43.9926],[-68.5307,43.9866],[-68.5382,43.977],[-68.5473,43.9686],[-68.5604,43.9611],[-68.5684,43.958],[-68.5778,43.9557],[-68.5851,43.9543],[-68.6021,43.9537],[-68.6187,43.9559],[-68.6314,43.9515],[-68.641,43.9494],[-68.6596,43.948],[-68.6792,43.9511],[-68.6897,43.9542],[-68.7002,43.9592],[-68.7071,43.9638],[-68.6979,44.0001],[-68.7055,44.0216],[-68.7171,44.0623],[-68.724,44.0746],[-68.7299,44.0827],[-68.737,44.0907],[-68.7402,44.0971],[-68.741,44.1029],[-68.7405,44.1081],[-68.7356,44.1192],[-68.7283,44.1163],[-68.7195,44.1152],[-68.7147,44.1159],[-68.7002,44.12],[-68.6932,44.1199],[-68.6785,44.1174],[-68.6525,44.1202],[-68.6467,44.1195],[-68.6314,44.1143],[-68.6223,44.1129],[-68.6136,44.1127],[-68.6068,44.1137],[-68.5982,44.1166],[-68.5929,44.1195],[-68.5829,44.1271],[-68.5793,44.1288],[-68.5726,44.1301],[-68.5595,44.1311],[-68.5494,44.1301],[-68.5479,44.1286]]]}},{"type":"Feature","properties":{"TOWN":"Owls Head"},"geometry":{"type":"Polygon","coordinates":[[[-69.1065,44.0505],[-69.103,44.0539],[-69.1334,44.0819],[-69.0999,44.0934],[-69.0698,44.1065],[-69.0392,44.0949],[-68.9937,44.0937],[-69.0212,44.0737],[-69.0601,44.0503],[-69.0682,44.0332],[-69.0827,44.0122],[-69.1114,44.0312],[-69.1127,44.0327],[-69.1127,44.0363],[-69.1158,44.0391],[-69.1158,44.0407],[-69.1101,44.0469],[-69.1071,44.0486],[-69.1065,44.0505]]]}},{"type":"Feature","properties":{"TOWN":"Greene"},"geometry":{"type":"Polygon","coordinates":[[[-70.0884,44.2126],[-70.0809,44.1955],[-70.0848,44.1901],[-70.0902,44.1667],[-70.1018,44.1456],[-70.1012,44.1408],[-70.1019,44.1368],[-70.1006,44.1313],[-70.1153,44.1262],[-70.1638,44.1492],[-70.1998,44.1675],[-70.2013,44.1706],[-70.2127,44.1791],[-70.2106,44.1822],[-70.21,44.1861],[-70.2068,44.1908],[-70.2026,44.2001],[-70.1909,44.2149],[-70.1886,44.2189],[-70.1902,44.2327],[-70.1882,44.2433],[-70.1874,44.2453],[-70.1837,44.2482],[-70.1784,44.2588],[-70.0884,44.2126]]]}},{"type":"Feature","properties":{"TOWN":"Hebron"},"geometry":{"type":"Polygon","coordinates":[[[-70.3145,44.2373],[-70.3252,44.2084],[-70.3341,44.2108],[-70.3917,44.1536],[-70.3958,44.1548],[-70.3975,44.1603],[-70.3994,44.1612],[-70.3987,44.1627],[-70.4003,44.1635],[-70.3992,44.1657],[-70.4,44.1685],[-70.4034,44.1711],[-70.4127,44.174],[-70.4163,44.1806],[-70.4196,44.1806],[-70.4218,44.1827],[-70.4241,44.1828],[-70.4267,44.1848],[-70.4279,44.1871],[-70.4278,44.1889],[-70.4238,44.1913],[-70.4244,44.1922],[-70.4327,44.1976],[-70.4343,44.1971],[-70.4379,44.2002],[-70.4411,44.2006],[-70.4312,44.2048],[-70.4346,44.2104],[-70.4225,44.2154],[-70.4246,44.2196],[-70.415,44.2237],[-70.4318,44.2513],[-70.3145,44.2373]]]}},{"type":"Feature","properties":{"TOWN":"Gardiner"},"geometry":{"type":"Polygon","coordinates":[[[-69.7702,44.2343],[-69.7683,44.2294],[-69.7629,44.2243],[-69.7605,44.2199],[-69.7606,44.2144],[-69.7629,44.2041],[-69.7617,44.2011],[-69.7545,44.1929],[-69.7522,44.1841],[-69.7537,44.1797],[-69.7541,44.1744],[-69.7561,44.17],[-69.7574,44.1685],[-69.761,44.1671],[-69.7634,44.1641],[-69.764,44.1609],[-69.7636,44.1532],[-69.855,44.1679],[-69.8483,44.1701],[-69.8479,44.1719],[-69.8456,44.1732],[-69.8448,44.1755],[-69.84,44.1818],[-69.836,44.1852],[-69.8327,44.1911],[-69.823,44.1942],[-69.8069,44.2054],[-69.8058,44.2077],[-69.8059,44.2111],[-69.8015,44.2133],[-69.8058,44.2211],[-69.8073,44.221],[-69.8017,44.2375],[-69.7986,44.2369],[-69.7935,44.2378],[-69.7859,44.2364],[-69.785,44.2387],[-69.7702,44.2343]]]}},{"type":"Feature","properties":{"TOWN":"Pittston"},"geometry":{"type":"Polygon","coordinates":[[[-69.7582,44.1393],[-69.7587,44.1447],[-69.7639,44.1539],[-69.764,44.1609],[-69.7624,44.1656],[-69.761,44.1671],[-69.757,44.1687],[-69.7546,44.1729],[-69.7522,44.1841],[-69.7545,44.1929],[-69.7608,44.1999],[-69.7627,44.2034],[-69.7629,44.2055],[-69.7606,44.2144],[-69.7603,44.2183],[-69.7626,44.2238],[-69.759,44.2242],[-69.7542,44.2279],[-69.7441,44.2254],[-69.7413,44.2269],[-69.7357,44.2273],[-69.7305,44.2291],[-69.728,44.231],[-69.7251,44.2311],[-69.7243,44.233],[-69.7244,44.2361],[-69.7236,44.2368],[-69.6894,44.2313],[-69.6882,44.2349],[-69.6815,44.234],[-69.6817,44.2334],[-69.6799,44.233],[-69.6802,44.2323],[-69.6738,44.2314],[-69.6746,44.229],[-69.6654,44.2276],[-69.6567,44.1224],[-69.7582,44.1393]]]}},{"type":"Feature","properties":{"TOWN":"Rockport"},"geometry":{"type":"Polygon","coordinates":[[[-69.0695,44.107],[-69.1081,44.1341],[-69.1178,44.1428],[-69.1647,44.1755],[-69.1663,44.1744],[-69.1712,44.1779],[-69.1762,44.1816],[-69.1744,44.183],[-69.1966,44.1992],[-69.1654,44.2227],[-69.151,44.2125],[-69.076,44.1999],[-69.0714,44.1966],[-69.0695,44.2013],[-69.0648,44.1966],[-69.0678,44.1942],[-69.0182,44.1742],[-69.0239,44.1615],[-69.0453,44.1251],[-69.0695,44.107]]]}},{"type":"Feature","properties":{"TOWN":"Minot"},"geometry":{"type":"Polygon","coordinates":[[[-70.3341,44.2108],[-70.29,44.1991],[-70.2931,44.1937],[-70.2915,44.1931],[-70.2934,44.1879],[-70.2939,44.1834],[-70.2986,44.1745],[-70.302,44.1703],[-70.2958,44.1659],[-70.2916,44.1617],[-70.2887,44.1602],[-70.2923,44.1568],[-70.2921,44.1537],[-70.2954,44.1502],[-70.2954,44.1481],[-70.3007,44.1426],[-70.2991,44.1368],[-70.297,44.1347],[-70.299,44.1327],[-70.2999,44.1332],[-70.3014,44.132],[-70.2991,44.1305],[-70.2974,44.1319],[-70.2967,44.1281],[-70.2983,44.1263],[-70.2969,44.1253],[-70.3,44.1223],[-70.3009,44.123],[-70.2991,44.1188],[-70.3017,44.1127],[-70.3008,44.1119],[-70.3041,44.1083],[-70.303,44.1073],[-70.3064,44.1035],[-70.3048,44.1015],[-70.308,44.0982],[-70.3145,44.1007],[-70.3162,44.0966],[-70.3142,44.0926],[-70.3155,44.0921],[-70.3151,44.0891],[-70.3132,44.0875],[-70.3136,44.0858],[-70.3119,44.0844],[-70.3112,44.0819],[-70.3081,44.0796],[-70.3161,44.0843],[-70.3196,44.0832],[-70.3259,44.0873],[-70.3275,44.0863],[-70.3302,44.0866],[-70.3362,44.0905],[-70.3339,44.0914],[-70.334,44.0926],[-70.3425,44.09],[-70.3423,44.0919],[-70.3381,44.0926],[-70.3413,44.0943],[-70.3426,44.099],[-70.3477,44.1016],[-70.3539,44.1009],[-70.3591,44.1038],[-70.3609,44.1059],[-70.3618,44.1056],[-70.3609,44.1044],[-70.3621,44.1043],[-70.3647,44.1064],[-70.366,44.109],[-70.3673,44.11],[-70.3719,44.1098],[-70.3736,44.1103],[-70.3742,44.1113],[-70.3764,44.1111],[-70.3793,44.1125],[-70.3792,44.1131],[-70.3826,44.1155],[-70.3815,44.1186],[-70.3828,44.1208],[-70.3852,44.1208],[-70.3861,44.1235],[-70.3883,44.1242],[-70.3919,44.1296],[-70.393,44.1298],[-70.3926,44.1307],[-70.3938,44.1311],[-70.3934,44.1319],[-70.3944,44.1334],[-70.3954,44.1336],[-70.3954,44.1327],[-70.3981,44.1331],[-70.3961,44.1351],[-70.3979,44.1356],[-70.3999,44.1376],[-70.3971,44.139],[-70.3981,44.1405],[-70.4014,44.1419],[-70.4018,44.1437],[-70.3341,44.2108]]]}},{"type":"Feature","properties":{"TOWN":"Newcastle"},"geometry":{"type":"Polygon","coordinates":[[[-69.5202,44.056],[-69.5237,44.0512],[-69.5244,44.0481],[-69.5199,44.0471],[-69.5189,44.046],[-69.5168,44.0465],[-69.5145,44.0451],[-69.514,44.0435],[-69.515,44.0412],[-69.5264,44.0372],[-69.5339,44.0336],[-69.5376,44.027],[-69.5418,44.023],[-69.5448,44.0152],[-69.5447,44.0117],[-69.5415,44.0094],[-69.5408,44.008],[-69.5422,43.9992],[-69.5504,43.9922],[-69.5535,43.9866],[-69.563,43.9798],[-69.6262,44.0102],[-69.6378,44.0171],[-69.6346,44.0166],[-69.6321,44.0173],[-69.6257,44.0239],[-69.6238,44.0283],[-69.6228,44.0352],[-69.6214,44.0396],[-69.6175,44.0483],[-69.6168,44.0489],[-69.6142,44.0478],[-69.6128,44.0486],[-69.6111,44.0532],[-69.6115,44.0566],[-69.6081,44.0584],[-69.6091,44.0604],[-69.6088,44.0618],[-69.5991,44.0724],[-69.6013,44.0757],[-69.6015,44.079],[-69.6036,44.081],[-69.606,44.0852],[-69.6062,44.0879],[-69.6049,44.0905],[-69.5991,44.0943],[-69.579,44.1156],[-69.5545,44.104],[-69.5178,44.101],[-69.5186,44.0991],[-69.5239,44.0958],[-69.525,44.0936],[-69.5267,44.0922],[-69.5269,44.0907],[-69.5227,44.0884],[-69.5221,44.0827],[-69.5238,44.081],[-69.5252,44.0809],[-69.5261,44.0769],[-69.5292,44.0727],[-69.5304,44.0681],[-69.532,44.0659],[-69.5286,44.0623],[-69.5264,44.0619],[-69.5257,44.0604],[-69.5195,44.0584],[-69.5202,44.056]]]}},{"type":"Feature","properties":{"TOWN":"Otisfield"},"geometry":{"type":"Polygon","coordinates":[[[-70.4853,44.0604],[-70.4801,44.0567],[-70.479,44.0551],[-70.4815,44.0437],[-70.4806,44.0393],[-70.4784,44.0352],[-70.4801,44.0321],[-70.5024,44.0426],[-70.5052,44.0396],[-70.509,44.0415],[-70.5441,44.0057],[-70.5548,44.0173],[-70.5559,44.0163],[-70.5639,44.025],[-70.5724,44.0163],[-70.574,44.0157],[-70.5826,44.0187],[-70.5848,44.0213],[-70.5816,44.0223],[-70.5883,44.0256],[-70.5883,44.0263],[-70.5898,44.0269],[-70.5898,44.0284],[-70.591,44.0277],[-70.5909,44.0303],[-70.5925,44.0295],[-70.5929,44.0304],[-70.5947,44.0309],[-70.5929,44.0311],[-70.5935,44.032],[-70.5963,44.0326],[-70.5946,44.0328],[-70.5957,44.0335],[-70.5927,44.0352],[-70.5956,44.0358],[-70.5971,44.0381],[-70.5986,44.0386],[-70.5975,44.0394],[-70.6006,44.0398],[-70.6039,44.0416],[-70.6022,44.0435],[-70.603,44.0445],[-70.6045,44.0445],[-70.6035,44.0453],[-70.6048,44.0459],[-70.6036,44.0464],[-70.6044,44.0485],[-70.6037,44.0502],[-70.6067,44.0507],[-70.6079,44.0519],[-70.607,44.0536],[-70.6093,44.055],[-70.6092,44.0587],[-70.6105,44.061],[-70.6141,44.062],[-70.614,44.063],[-70.6124,44.063],[-70.6118,44.0651],[-70.6135,44.0666],[-70.6089,44.0677],[-70.6089,44.0695],[-70.6119,44.0706],[-70.6107,44.072],[-70.6094,44.0721],[-70.61,44.0729],[-70.6082,44.0743],[-70.6089,44.0754],[-70.608,44.0761],[-70.609,44.0768],[-70.6091,44.079],[-70.6059,44.0817],[-70.6058,44.084],[-70.603,44.0888],[-70.6056,44.0895],[-70.6047,44.0919],[-70.6054,44.0946],[-70.6067,44.0957],[-70.6052,44.0959],[-70.6041,44.0976],[-70.6043,44.0984],[-70.6062,44.0991],[-70.6062,44.1013],[-70.6043,44.1037],[-70.6027,44.1045],[-70.6022,44.1076],[-70.5989,44.112],[-70.5958,44.1144],[-70.5943,44.1168],[-70.5915,44.1184],[-70.5892,44.1224],[-70.5877,44.1222],[-70.5873,44.1228],[-70.5873,44.1243],[-70.5884,44.1238],[-70.5921,44.129],[-70.5906,44.1295],[-70.591,44.1304],[-70.59,44.133],[-70.5923,44.1335],[-70.5922,44.1346],[-70.5936,44.135],[-70.5955,44.1374],[-70.5942,44.1386],[-70.5959,44.1415],[-70.5945,44.1429],[-70.5951,44.1448],[-70.5984,44.1427],[-70.5989,44.1444],[-70.5965,44.1455],[-70.5987,44.1498],[-70.6004,44.1495],[-70.6021,44.153],[-70.6044,44.1541],[-70.6074,44.1544],[-70.5932,44.1614],[-70.5882,44.1564],[-70.5673,44.1687],[-70.5242,44.1251],[-70.4973,44.0963],[-70.4948,44.0923],[-70.4943,44.0894],[-70.4971,44.0843],[-70.4975,44.0809],[-70.4938,44.0715],[-70.4853,44.0604]]]}},{"type":"Feature","properties":{"TOWN":"Rockland"},"geometry":{"type":"Polygon","coordinates":[[[-69.0697,44.1071],[-69.0999,44.0934],[-69.1334,44.0819],[-69.134,44.0827],[-69.1333,44.0838],[-69.1318,44.084],[-69.1289,44.0862],[-69.1289,44.0872],[-69.1307,44.0857],[-69.1338,44.0904],[-69.1343,44.0944],[-69.1324,44.0964],[-69.1323,44.0984],[-69.1404,44.1038],[-69.1425,44.1007],[-69.1477,44.1025],[-69.1465,44.103],[-69.1454,44.1051],[-69.1436,44.1059],[-69.1431,44.1073],[-69.1421,44.1074],[-69.1413,44.1094],[-69.1572,44.1142],[-69.1548,44.1162],[-69.1541,44.1179],[-69.1516,44.1193],[-69.1853,44.1278],[-69.1605,44.1726],[-69.1178,44.1428],[-69.1081,44.1341],[-69.0697,44.1071]]]}},{"type":"Feature","properties":{"TOWN":"Lewiston"},"geometry":{"type":"Polygon","coordinates":[[[-70.1153,44.1262],[-70.1188,44.1154],[-70.1162,44.1078],[-70.1239,44.0804],[-70.1267,44.0657],[-70.1405,44.0307],[-70.1431,44.0221],[-70.1586,44.0054],[-70.1657,44.009],[-70.1672,44.0192],[-70.1754,44.0223],[-70.1794,44.0254],[-70.1847,44.0346],[-70.1878,44.0455],[-70.1928,44.0489],[-70.1991,44.056],[-70.202,44.0619],[-70.2072,44.0644],[-70.2082,44.0699],[-70.2072,44.0772],[-70.2092,44.0805],[-70.2131,44.0842],[-70.2222,44.0899],[-70.2239,44.0918],[-70.2242,44.0947],[-70.2224,44.1002],[-70.2234,44.1042],[-70.2229,44.1062],[-70.2173,44.1115],[-70.2168,44.1162],[-70.2105,44.1218],[-70.2079,44.1277],[-70.2025,44.1332],[-70.201,44.1382],[-70.2009,44.1393],[-70.2043,44.1436],[-70.2093,44.1482],[-70.2107,44.1514],[-70.2033,44.1613],[-70.2017,44.1654],[-70.1998,44.1675],[-70.1638,44.1492],[-70.1153,44.1262]]]}},{"type":"Feature","properties":{"TOWN":"Nobleboro"},"geometry":{"type":"Polygon","coordinates":[[[-69.5012,44.0661],[-69.5019,44.0648],[-69.5048,44.0636],[-69.5061,44.0599],[-69.5129,44.0561],[-69.5257,44.0604],[-69.5264,44.0619],[-69.5286,44.0623],[-69.532,44.0654],[-69.5304,44.0681],[-69.5292,44.0727],[-69.5261,44.0769],[-69.5252,44.0809],[-69.5238,44.081],[-69.5221,44.0827],[-69.5227,44.0884],[-69.5269,44.0907],[-69.5267,44.0922],[-69.525,44.0936],[-69.5239,44.0958],[-69.5182,44.0996],[-69.5163,44.1069],[-69.5137,44.1098],[-69.5106,44.1157],[-69.5073,44.1159],[-69.5056,44.1191],[-69.5064,44.1207],[-69.5052,44.1228],[-69.5031,44.1307],[-69.4999,44.1321],[-69.4897,44.1294],[-69.4866,44.1304],[-69.4845,44.1334],[-69.4841,44.1417],[-69.4858,44.1471],[-69.4851,44.1485],[-69.4819,44.1503],[-69.4815,44.1553],[-69.482,44.1574],[-69.4846,44.1609],[-69.4852,44.165],[-69.4322,44.1577],[-69.4435,44.1196],[-69.4376,44.1039],[-69.4355,44.0955],[-69.4385,44.0949],[-69.4395,44.094],[-69.4413,44.0907],[-69.443,44.0835],[-69.4458,44.0812],[-69.4454,44.078],[-69.4468,44.0777],[-69.448,44.0763],[-69.4473,44.0755],[-69.4479,44.0718],[-69.4459,44.0686],[-69.447,44.0667],[-69.4467,44.0643],[-69.4497,44.0606],[-69.45,44.0583],[-69.4586,44.0639],[-69.4618,44.0646],[-69.4722,44.063],[-69.4722,44.0619],[-69.5012,44.0661]]]}},{"type":"Feature","properties":{"TOWN":"Mechanic Falls"},"geometry":{"type":"Polygon","coordinates":[[[-70.3591,44.1038],[-70.3768,44.086],[-70.3971,44.0841],[-70.3985,44.0827],[-70.4013,44.0824],[-70.4024,44.0815],[-70.4074,44.0815],[-70.4115,44.0775],[-70.4139,44.0778],[-70.4164,44.0755],[-70.4238,44.0715],[-70.4248,44.0734],[-70.429,44.0741],[-70.4353,44.0768],[-70.4366,44.0791],[-70.4392,44.0807],[-70.4414,44.0841],[-70.4436,44.0858],[-70.4461,44.0864],[-70.4463,44.0876],[-70.4494,44.0897],[-70.4509,44.0938],[-70.4505,44.0943],[-70.4512,44.0946],[-70.4018,44.1437],[-70.4014,44.1419],[-70.3981,44.1405],[-70.3971,44.139],[-70.3999,44.1376],[-70.3979,44.1356],[-70.3961,44.1351],[-70.3981,44.1331],[-70.3954,44.1327],[-70.3954,44.1336],[-70.3944,44.1334],[-70.3934,44.1319],[-70.3938,44.1311],[-70.3926,44.1307],[-70.393,44.1298],[-70.3919,44.1296],[-70.3883,44.1242],[-70.3861,44.1235],[-70.3852,44.1208],[-70.3828,44.1208],[-70.3815,44.1186],[-70.3827,44.1163],[-70.3824,44.1153],[-70.3805,44.1142],[-70.3793,44.1125],[-70.3764,44.1111],[-70.3742,44.1113],[-70.3736,44.1103],[-70.3716,44.1098],[-70.3673,44.11],[-70.366,44.109],[-70.3647,44.1064],[-70.3621,44.1043],[-70.3609,44.1044],[-70.3617,44.1054],[-70.3613,44.106],[-70.3591,44.1038]]]}},{"type":"Feature","properties":{"TOWN":"Fryeburg"},"geometry":{"type":"Polygon","coordinates":[[[-70.9655,44.1475],[-70.8585,44.0953],[-70.8579,44.0943],[-70.8589,44.0931],[-70.8574,44.0914],[-70.8578,44.0881],[-70.8597,44.0855],[-70.8629,44.0864],[-70.8644,44.0825],[-70.8666,44.0799],[-70.8653,44.0784],[-70.8647,44.0787],[-70.8645,44.0778],[-70.8613,44.0772],[-70.861,44.0718],[-70.8592,44.0702],[-70.86,44.0681],[-70.8582,44.0655],[-70.8591,44.0641],[-70.8579,44.0606],[-70.8585,44.0596],[-70.8481,44.0495],[-70.8805,44.0174],[-70.8851,44.0198],[-70.8952,44.0098],[-70.8908,44.0073],[-70.9187,43.9798],[-70.9948,43.9601],[-71.0022,44.1106],[-70.9655,44.1475]]]}},{"type":"Feature","properties":{"TOWN":"Richmond"},"geometry":{"type":"Polygon","coordinates":[[[-69.7633,44.1529],[-69.7593,44.146],[-69.7581,44.14],[-69.7613,44.1293],[-69.7613,44.1255],[-69.7663,44.1184],[-69.7664,44.1147],[-69.7681,44.1103],[-69.7744,44.099],[-69.7808,44.0921],[-69.7851,44.089],[-69.7924,44.0893],[-69.7983,44.0868],[-69.7998,44.0786],[-69.9037,44.0963],[-69.9017,44.1032],[-69.8984,44.1055],[-69.8978,44.1076],[-69.8984,44.1113],[-69.8959,44.1132],[-69.8941,44.118],[-69.8945,44.1239],[-69.8884,44.1367],[-69.88,44.1511],[-69.8772,44.154],[-69.8701,44.1576],[-69.8672,44.1615],[-69.859,44.1654],[-69.856,44.168],[-69.7633,44.1529]]]}},{"type":"Feature","properties":{"TOWN":"Auburn"},"geometry":{"type":"Polygon","coordinates":[[[-70.2125,44.1786],[-70.2053,44.1739],[-70.1997,44.1684],[-70.2033,44.1613],[-70.2108,44.1511],[-70.2093,44.1482],[-70.2058,44.1453],[-70.2009,44.1393],[-70.201,44.1382],[-70.2025,44.1332],[-70.2079,44.1277],[-70.2105,44.1218],[-70.2168,44.1162],[-70.2173,44.1115],[-70.2229,44.1062],[-70.2234,44.1042],[-70.2224,44.1002],[-70.2241,44.0951],[-70.2239,44.092],[-70.2222,44.0899],[-70.2155,44.086],[-70.2092,44.0805],[-70.2072,44.0772],[-70.2082,44.0699],[-70.2072,44.0644],[-70.202,44.0619],[-70.1991,44.056],[-70.1928,44.0489],[-70.1878,44.0455],[-70.1847,44.0346],[-70.1794,44.0254],[-70.176,44.0227],[-70.1709,44.021],[-70.2124,43.9797],[-70.2118,43.9794],[-70.2198,43.9758],[-70.2246,43.9786],[-70.2292,43.9741],[-70.2531,43.9924],[-70.3148,44.0374],[-70.2888,44.0648],[-70.2936,44.0653],[-70.2932,44.0693],[-70.2952,44.074],[-70.3002,44.0765],[-70.3024,44.0788],[-70.3078,44.0797],[-70.3112,44.0819],[-70.3119,44.0844],[-70.3136,44.0858],[-70.3132,44.0875],[-70.3151,44.0891],[-70.3155,44.0921],[-70.3142,44.0926],[-70.3162,44.0966],[-70.3145,44.1007],[-70.308,44.0982],[-70.3048,44.1015],[-70.3064,44.1035],[-70.303,44.1073],[-70.3041,44.1083],[-70.3008,44.1119],[-70.3017,44.1127],[-70.2991,44.1188],[-70.3009,44.123],[-70.3,44.1223],[-70.2969,44.1253],[-70.2983,44.1263],[-70.2967,44.1281],[-70.2974,44.1319],[-70.2991,44.1305],[-70.3014,44.132],[-70.2999,44.1332],[-70.299,44.1327],[-70.297,44.1347],[-70.2991,44.1368],[-70.3007,44.1426],[-70.2954,44.1481],[-70.2954,44.1502],[-70.2921,44.1537],[-70.2923,44.1568],[-70.2887,44.1602],[-70.2916,44.1617],[-70.2958,44.1659],[-70.302,44.1703],[-70.2986,44.1745],[-70.2939,44.1834],[-70.2934,44.1879],[-70.2915,44.1931],[-70.2931,44.1937],[-70.29,44.1991],[-70.2125,44.1786]]]}},{"type":"Feature","properties":{"TOWN":"Sweden"},"geometry":{"type":"Polygon","coordinates":[[[-70.7349,44.1219],[-70.8218,44.0771],[-70.8988,44.1152],[-70.8845,44.1263],[-70.8312,44.1606],[-70.7918,44.1809],[-70.7349,44.1219]]]}},{"type":"Feature","properties":{"TOWN":"Poland"},"geometry":{"type":"Polygon","coordinates":[[[-70.3092,44.0798],[-70.3024,44.0788],[-70.3002,44.0765],[-70.2952,44.074],[-70.2932,44.0693],[-70.2936,44.0653],[-70.2888,44.0648],[-70.3148,44.0374],[-70.3154,44.0378],[-70.3639,43.9865],[-70.3953,44.0031],[-70.3961,44.0002],[-70.3975,43.9986],[-70.3967,43.9971],[-70.3993,43.9948],[-70.3983,43.9921],[-70.402,43.9901],[-70.445,44.0128],[-70.4486,44.0094],[-70.4794,44.0261],[-70.4812,44.0295],[-70.4784,44.0352],[-70.4806,44.0393],[-70.4815,44.0437],[-70.479,44.0551],[-70.4801,44.0567],[-70.4853,44.0604],[-70.4512,44.0946],[-70.4505,44.0943],[-70.4509,44.0938],[-70.4494,44.0897],[-70.4463,44.0876],[-70.4461,44.0864],[-70.4436,44.0858],[-70.4414,44.0841],[-70.4392,44.0807],[-70.4366,44.0791],[-70.4353,44.0768],[-70.429,44.0741],[-70.4248,44.0734],[-70.4238,44.0715],[-70.4164,44.0755],[-70.4139,44.0778],[-70.4115,44.0775],[-70.4074,44.0815],[-70.4024,44.0815],[-70.4013,44.0824],[-70.3985,44.0827],[-70.3971,44.0841],[-70.3768,44.086],[-70.3591,44.1038],[-70.3536,44.1008],[-70.3477,44.1016],[-70.3424,44.0988],[-70.3413,44.0943],[-70.3381,44.0926],[-70.3423,44.0919],[-70.3425,44.09],[-70.334,44.0926],[-70.3339,44.0914],[-70.3362,44.0905],[-70.3299,44.0865],[-70.3275,44.0863],[-70.3259,44.0873],[-70.3199,44.0833],[-70.3163,44.0844],[-70.3141,44.0827],[-70.3123,44.0825],[-70.3092,44.0798]]]}},{"type":"Feature","properties":{"TOWN":"Bowdoinham"},"geometry":{"type":"Polygon","coordinates":[[[-69.8892,43.9666],[-69.9109,43.983],[-69.9097,43.9851],[-69.9108,43.9858],[-69.9109,43.9872],[-69.9353,43.9914],[-69.9037,44.0963],[-69.7998,44.0786],[-69.8045,44.0647],[-69.8057,44.0573],[-69.8074,44.0544],[-69.8125,44.0489],[-69.8141,44.0456],[-69.8179,44.0415],[-69.8179,44.0339],[-69.8165,44.0305],[-69.8135,44.0268],[-69.8135,44.0258],[-69.8146,44.0231],[-69.822,44.0139],[-69.8204,44.0082],[-69.8203,44.0046],[-69.8212,44.0028],[-69.8244,44.0005],[-69.8323,43.9887],[-69.8511,43.9807],[-69.8629,43.977],[-69.8648,43.9753],[-69.8701,43.9792],[-69.8754,43.9819],[-69.878,43.9843],[-69.8803,43.9846],[-69.8817,43.9827],[-69.8808,43.9797],[-69.8873,43.9723],[-69.8877,43.9684],[-69.8892,43.9666]]]}},{"type":"Feature","properties":{"TOWN":"Alna"},"geometry":{"type":"Polygon","coordinates":[[[-69.5787,44.1166],[-69.5994,44.094],[-69.6048,44.0907],[-69.6063,44.0873],[-69.6038,44.0812],[-69.6015,44.079],[-69.6013,44.0757],[-69.5991,44.0724],[-69.6088,44.0618],[-69.6091,44.0604],[-69.6081,44.0584],[-69.6115,44.0566],[-69.6111,44.0532],[-69.6128,44.0486],[-69.6142,44.0478],[-69.6173,44.0487],[-69.6228,44.0352],[-69.6236,44.0288],[-69.6496,44.0427],[-69.6465,44.0467],[-69.6705,44.0501],[-69.6726,44.051],[-69.6678,44.0562],[-69.6685,44.066],[-69.6663,44.0693],[-69.6768,44.0717],[-69.6742,44.0751],[-69.6687,44.0735],[-69.6677,44.0766],[-69.6786,44.0785],[-69.6732,44.087],[-69.6847,44.0881],[-69.6749,44.1045],[-69.6663,44.124],[-69.6567,44.1224],[-69.6569,44.1255],[-69.6314,44.1217],[-69.6232,44.1378],[-69.5917,44.1226],[-69.5833,44.1205],[-69.5836,44.1189],[-69.5787,44.1166]]]}},{"type":"Feature","properties":{"TOWN":"South Thomaston"},"geometry":{"type":"Polygon","coordinates":[[[-69.1338,44.0823],[-69.103,44.0539],[-69.1065,44.0505],[-69.1071,44.0486],[-69.1101,44.0469],[-69.1158,44.0407],[-69.1158,44.0391],[-69.1127,44.0363],[-69.1127,44.0327],[-69.1114,44.0312],[-69.0827,44.0122],[-69.0962,43.9925],[-69.105,43.9825],[-69.1178,43.9857],[-69.1239,43.9891],[-69.1283,43.9953],[-69.1302,44.0001],[-69.1301,44.0019],[-69.1284,44.0051],[-69.1286,44.0088],[-69.1312,44.0092],[-69.1309,44.0103],[-69.1327,44.0112],[-69.1438,44.0129],[-69.1499,44.0111],[-69.1559,44.033],[-69.197,44.0394],[-69.1927,44.0487],[-69.1887,44.0522],[-69.1893,44.0545],[-69.1858,44.0579],[-69.1845,44.0632],[-69.1816,44.0655],[-69.1732,44.0685],[-69.1704,44.0704],[-69.1725,44.0743],[-69.1414,44.0787],[-69.1408,44.0781],[-69.1391,44.0782],[-69.1353,44.0806],[-69.1349,44.0816],[-69.1337,44.0815],[-69.1345,44.0818],[-69.1338,44.0823]]]}},{"type":"Feature","properties":{"TOWN":"Dresden"},"geometry":{"type":"Polygon","coordinates":[[[-69.7495,44.0152],[-69.8135,44.026],[-69.813,44.0289],[-69.8072,44.0327],[-69.7955,44.0378],[-69.7918,44.0405],[-69.7901,44.0429],[-69.7892,44.0482],[-69.7859,44.0573],[-69.7865,44.0645],[-69.7829,44.0699],[-69.7833,44.0719],[-69.7874,44.0753],[-69.7845,44.0828],[-69.7857,44.088],[-69.7802,44.0926],[-69.7727,44.1017],[-69.7672,44.1124],[-69.7663,44.1184],[-69.7613,44.1255],[-69.7613,44.1293],[-69.7582,44.1393],[-69.6663,44.124],[-69.6749,44.1045],[-69.6919,44.0773],[-69.6925,44.0792],[-69.695,44.0805],[-69.7161,44.0485],[-69.7463,44.0138],[-69.7495,44.0143],[-69.7495,44.0152]]]}},{"type":"Feature","properties":{"TOWN":"Bowdoin"},"geometry":{"type":"Polygon","coordinates":[[[-69.8978,44.1077],[-69.8984,44.1055],[-69.9017,44.1032],[-69.9353,43.9914],[-70.0355,44.0071],[-70.0333,44.0086],[-70.035,44.0091],[-70.0341,44.0096],[-70.035,44.0101],[-70.0354,44.013],[-70.0372,44.0152],[-70.0365,44.0157],[-70.0371,44.0164],[-70.0362,44.0165],[-70.0379,44.017],[-70.0383,44.0184],[-70.0368,44.0183],[-70.0378,44.0192],[-70.0351,44.0194],[-70.0355,44.02],[-70.0337,44.0202],[-70.0336,44.0212],[-70.0328,44.0213],[-70.0344,44.0233],[-70.0353,44.0231],[-70.0348,44.0238],[-70.036,44.0245],[-70.0355,44.0253],[-70.0365,44.0256],[-70.0365,44.027],[-70.0346,44.0284],[-70.0343,44.0297],[-70.0334,44.0292],[-70.0322,44.0298],[-70.033,44.0304],[-70.0292,44.0305],[-70.0271,44.0324],[-70.0251,44.0364],[-70.0257,44.0389],[-70.0268,44.0392],[-70.0264,44.0433],[-70.0272,44.0434],[-70.0055,44.1245],[-69.8978,44.1077]]]}},{"type":"Feature","properties":{"TOWN":"New Gloucester"},"geometry":{"type":"Polygon","coordinates":[[[-70.3154,44.0378],[-70.2531,43.9924],[-70.2003,43.952],[-70.2532,43.8934],[-70.3872,43.9615],[-70.3778,43.9716],[-70.4051,43.9869],[-70.402,43.9901],[-70.3983,43.9921],[-70.3993,43.9948],[-70.3967,43.9971],[-70.3975,43.9986],[-70.3961,44.0002],[-70.3953,44.0031],[-70.3639,43.9865],[-70.3154,44.0378]]]}},{"type":"Feature","properties":{"TOWN":"Damariscotta"},"geometry":{"type":"Polygon","coordinates":[[[-69.5014,44.0661],[-69.4722,44.0619],[-69.4722,44.063],[-69.4618,44.0646],[-69.4586,44.0639],[-69.4468,44.0559],[-69.4439,44.0515],[-69.444,44.0437],[-69.4451,44.0406],[-69.4512,44.0305],[-69.4521,44.0249],[-69.4568,44.0227],[-69.461,44.0189],[-69.4626,44.0193],[-69.4681,44.0176],[-69.4757,44.007],[-69.4843,44.0068],[-69.4995,44.0087],[-69.5409,44.0043],[-69.541,44.0088],[-69.5445,44.0114],[-69.5452,44.0133],[-69.5416,44.0234],[-69.5376,44.027],[-69.5335,44.0339],[-69.5264,44.0372],[-69.5158,44.0406],[-69.5141,44.0432],[-69.5142,44.0449],[-69.5165,44.0464],[-69.5189,44.046],[-69.5199,44.0471],[-69.5244,44.0481],[-69.5237,44.0512],[-69.5204,44.0554],[-69.5195,44.0584],[-69.5129,44.0561],[-69.5116,44.0564],[-69.5061,44.0599],[-69.5047,44.0638],[-69.5019,44.0648],[-69.5014,44.0661]]]}},{"type":"Feature","properties":{"TOWN":"Lisbon"},"geometry":{"type":"Polygon","coordinates":[[[-70.0252,44.0509],[-70.0272,44.0434],[-70.0264,44.0433],[-70.0268,44.0392],[-70.0257,44.0389],[-70.0252,44.0361],[-70.0271,44.0324],[-70.0292,44.0305],[-70.0328,44.0305],[-70.0332,44.0301],[-70.0324,44.0296],[-70.0334,44.0292],[-70.0342,44.0297],[-70.0347,44.0283],[-70.036,44.0279],[-70.0365,44.0256],[-70.0355,44.0251],[-70.036,44.0245],[-70.0328,44.0213],[-70.0336,44.0212],[-70.0337,44.0202],[-70.0355,44.02],[-70.0351,44.0194],[-70.0378,44.0192],[-70.0368,44.0183],[-70.0383,44.0182],[-70.0379,44.017],[-70.0362,44.0165],[-70.0371,44.0164],[-70.0365,44.0157],[-70.0372,44.0152],[-70.0354,44.013],[-70.035,44.0101],[-70.0341,44.0096],[-70.035,44.0091],[-70.0333,44.0086],[-70.0355,44.0073],[-70.0355,44.0063],[-70.0345,44.0066],[-70.0345,44.0055],[-70.0318,44.003],[-70.0353,44.0027],[-70.033,44.0011],[-70.0352,44.0009],[-70.0376,43.9996],[-70.0393,44.0018],[-70.0386,44.0026],[-70.0413,44.0014],[-70.0432,44.0025],[-70.0439,43.9999],[-70.0433,43.9983],[-70.0453,43.9975],[-70.045,43.9964],[-70.0461,43.9955],[-70.0508,43.9941],[-70.0518,43.991],[-70.0628,43.9939],[-70.0681,43.9964],[-70.0777,43.9972],[-70.0821,44.0002],[-70.084,44.0057],[-70.0866,44.0087],[-70.0905,44.0103],[-70.095,44.0085],[-70.098,44.0048],[-70.1001,43.9997],[-70.1046,43.9958],[-70.1182,43.991],[-70.1249,43.987],[-70.1261,43.9846],[-70.1278,43.9839],[-70.1332,43.9863],[-70.1403,43.9946],[-70.1449,43.9985],[-70.1586,44.0054],[-70.1431,44.0221],[-70.1405,44.0307],[-70.1268,44.0656],[-70.0252,44.0509]]]}},{"type":"Feature","properties":{"TOWN":"Denmark"},"geometry":{"type":"Polygon","coordinates":[[[-70.7925,44.0401],[-70.7933,44.0394],[-70.7924,44.0376],[-70.7926,44.0323],[-70.791,44.0302],[-70.7917,44.0287],[-70.7818,44.0314],[-70.7154,43.9618],[-70.7475,43.9459],[-70.7298,43.9283],[-70.8337,43.9102],[-70.8309,43.9135],[-70.8274,43.9143],[-70.8283,43.9166],[-70.8258,43.9175],[-70.8275,43.9205],[-70.8291,43.9211],[-70.8289,43.9217],[-70.8261,43.9207],[-70.8227,43.9214],[-70.8271,43.9272],[-70.8233,43.9263],[-70.8217,43.9268],[-70.8217,43.9278],[-70.8261,43.9295],[-70.8293,43.9297],[-70.8316,43.9316],[-70.8358,43.9316],[-70.8376,43.9328],[-70.8395,43.9324],[-70.8425,43.9294],[-70.8507,43.9306],[-70.8502,43.9317],[-70.8475,43.9322],[-70.8455,43.9339],[-70.8508,43.9341],[-70.8508,43.935],[-70.8481,43.9365],[-70.8477,43.9374],[-70.8518,43.94],[-70.8524,43.9424],[-70.8494,43.9446],[-70.8469,43.949],[-70.8432,43.9516],[-70.8433,43.9533],[-70.8463,43.9565],[-70.8509,43.9591],[-70.8586,43.9587],[-70.8752,43.9895],[-70.889,43.9828],[-70.8929,43.9864],[-70.8856,43.99],[-70.8913,43.9952],[-70.8853,43.9983],[-70.8909,44.0076],[-70.8952,44.0098],[-70.8851,44.0198],[-70.8805,44.0174],[-70.8481,44.0495],[-70.7925,44.0401]]]}},{"type":"Feature","properties":{"TOWN":"Cushing"},"geometry":{"type":"Polygon","coordinates":[[[-69.1919,44.0498],[-69.1968,44.0396],[-69.2013,44.0342],[-69.202,44.0303],[-69.2088,44.0261],[-69.2103,44.0238],[-69.2108,44.0203],[-69.2151,44.0162],[-69.2278,44.0069],[-69.2348,44.0054],[-69.2345,44.002],[-69.2352,44.0002],[-69.2495,43.9905],[-69.2963,43.9453],[-69.3219,43.9252],[-69.3236,43.931],[-69.3236,43.9375],[-69.3181,43.9541],[-69.3215,43.9661],[-69.3213,43.9719],[-69.3168,43.9751],[-69.3092,43.9866],[-69.3023,43.9897],[-69.3006,43.9913],[-69.2975,43.9977],[-69.2898,44.0064],[-69.2872,44.0118],[-69.2855,44.0133],[-69.2846,44.0161],[-69.2767,44.0205],[-69.2818,44.0225],[-69.2822,44.0548],[-69.2059,44.0659],[-69.1991,44.0648],[-69.2001,44.0637],[-69.1952,44.063],[-69.1943,44.064],[-69.1848,44.0625],[-69.1858,44.0579],[-69.1893,44.0545],[-69.1887,44.0522],[-69.1919,44.0498]]]}},{"type":"Feature","properties":{"TOWN":"Topsham"},"geometry":{"type":"Polygon","coordinates":[[[-69.8884,43.9673],[-69.8873,43.9723],[-69.8808,43.9797],[-69.8817,43.9827],[-69.8803,43.9846],[-69.878,43.9843],[-69.8754,43.9819],[-69.8701,43.9792],[-69.8648,43.9753],[-69.8658,43.966],[-69.8692,43.9594],[-69.8769,43.9515],[-69.8802,43.9468],[-69.8864,43.944],[-69.8914,43.9369],[-69.8998,43.9316],[-69.9026,43.9273],[-69.9073,43.924],[-69.9152,43.9209],[-69.9213,43.9202],[-69.9273,43.9139],[-69.9313,43.9119],[-69.9368,43.9137],[-69.953,43.9225],[-69.9567,43.9234],[-69.961,43.923],[-69.9652,43.92],[-69.9674,43.9213],[-69.9762,43.9153],[-69.9777,43.9151],[-69.9821,43.9181],[-69.9859,43.9237],[-69.9923,43.9307],[-69.9962,43.9327],[-70.0023,43.9336],[-70.006,43.94],[-70.0084,43.9422],[-70.02,43.9458],[-70.0231,43.9521],[-70.0226,43.9534],[-70.0261,43.9581],[-70.0279,43.9643],[-70.0313,43.9683],[-70.0326,43.9737],[-70.0371,43.9794],[-70.0459,43.985],[-70.048,43.9891],[-70.0518,43.991],[-70.0508,43.9941],[-70.0461,43.9955],[-70.045,43.9964],[-70.0453,43.9975],[-70.0433,43.9983],[-70.0439,43.9999],[-70.0432,44.0025],[-70.0413,44.0014],[-70.0386,44.0026],[-70.0393,44.0018],[-70.0376,43.9996],[-70.0352,44.0009],[-70.033,44.0011],[-70.0353,44.0027],[-70.0318,44.003],[-70.0345,44.0055],[-70.0345,44.0066],[-70.0355,44.0063],[-70.0355,44.0071],[-69.9109,43.9872],[-69.9108,43.9858],[-69.9097,43.9851],[-69.9109,43.983],[-69.8892,43.9666],[-69.8884,43.9673]]]}},{"type":"Feature","properties":{"TOWN":"Brownfield"},"geometry":{"type":"Polygon","coordinates":[[[-70.8337,43.9102],[-70.863,43.8928],[-70.866,43.8929],[-70.8735,43.8891],[-70.9923,43.8863],[-70.9924,43.9062],[-70.9948,43.9601],[-70.9187,43.9798],[-70.8908,44.0073],[-70.8853,43.9983],[-70.8913,43.9952],[-70.8856,43.99],[-70.8929,43.9864],[-70.889,43.9828],[-70.8752,43.9895],[-70.8586,43.9587],[-70.8509,43.9591],[-70.8463,43.9565],[-70.8433,43.9533],[-70.8432,43.9516],[-70.8469,43.949],[-70.8494,43.9446],[-70.8524,43.9424],[-70.8518,43.94],[-70.8477,43.9374],[-70.8481,43.9365],[-70.8508,43.935],[-70.8508,43.9341],[-70.8455,43.9339],[-70.8475,43.9322],[-70.8502,43.9317],[-70.8507,43.9306],[-70.8425,43.9294],[-70.8395,43.9324],[-70.8376,43.9328],[-70.8358,43.9316],[-70.8316,43.9316],[-70.8293,43.9297],[-70.8261,43.9295],[-70.8217,43.9278],[-70.8217,43.9268],[-70.8233,43.9263],[-70.8271,43.9272],[-70.8227,43.9214],[-70.8261,43.9207],[-70.8289,43.9217],[-70.8291,43.9211],[-70.8275,43.9205],[-70.8258,43.9175],[-70.8283,43.9166],[-70.8274,43.9143],[-70.8309,43.9135],[-70.8337,43.9102]]]}},{"type":"Feature","properties":{"TOWN":"Edgecomb"},"geometry":{"type":"Polygon","coordinates":[[[-69.6351,43.9412],[-69.6361,43.9403],[-69.6373,43.9356],[-69.6507,43.935],[-69.6582,43.9297],[-69.6655,43.928],[-69.6767,43.9223],[-69.6741,43.9268],[-69.6741,43.9419],[-69.669,43.9509],[-69.6673,43.9558],[-69.6663,43.9609],[-69.6674,43.9654],[-69.6611,43.9744],[-69.6585,43.9813],[-69.6532,43.9899],[-69.6541,43.9907],[-69.6636,43.9921],[-69.6576,44.0014],[-69.6538,44.0042],[-69.6421,44.0105],[-69.6378,44.0171],[-69.6262,44.0102],[-69.563,43.9798],[-69.5659,43.9764],[-69.5683,43.9714],[-69.5718,43.9703],[-69.5737,43.968],[-69.5738,43.9623],[-69.5717,43.9596],[-69.5716,43.9577],[-69.5767,43.9547],[-69.5794,43.9514],[-69.581,43.9453],[-69.5844,43.9407],[-69.5849,43.9331],[-69.5961,43.9363],[-69.6351,43.9412]]]}},{"type":"Feature","properties":{"TOWN":"Durham"},"geometry":{"type":"Polygon","coordinates":[[[-70.1657,44.009],[-70.1449,43.9985],[-70.1403,43.9946],[-70.1323,43.9855],[-70.1271,43.9839],[-70.1249,43.987],[-70.1182,43.991],[-70.1046,43.9958],[-70.1001,43.9997],[-70.098,44.0048],[-70.095,44.0085],[-70.0921,44.01],[-70.0899,44.0102],[-70.0866,44.0087],[-70.0841,44.0059],[-70.0821,44.0002],[-70.0807,43.999],[-70.0769,43.9969],[-70.0681,43.9964],[-70.0628,43.9939],[-70.0557,43.9925],[-70.0496,43.9902],[-70.047,43.9881],[-70.0466,43.9857],[-70.0371,43.9794],[-70.0342,43.9757],[-70.0808,43.9265],[-70.0923,43.932],[-70.1159,43.9067],[-70.197,43.946],[-70.2036,43.9479],[-70.2003,43.952],[-70.2292,43.9741],[-70.2246,43.9786],[-70.2198,43.9758],[-70.2118,43.9794],[-70.2124,43.9797],[-70.1709,44.021],[-70.167,44.0189],[-70.1657,44.009]]]}},{"type":"Feature","properties":{"TOWN":"Westport Island"},"geometry":{"type":"Polygon","coordinates":[[[-69.6742,43.9265],[-69.6859,43.9097],[-69.6914,43.8901],[-69.6918,43.8827],[-69.6898,43.8738],[-69.6902,43.8697],[-69.6929,43.861],[-69.6921,43.8572],[-69.7047,43.8541],[-69.7144,43.8506],[-69.7184,43.8506],[-69.7216,43.852],[-69.7235,43.8541],[-69.7247,43.8595],[-69.7277,43.8626],[-69.7301,43.8675],[-69.7305,43.8698],[-69.7292,43.8762],[-69.7329,43.8793],[-69.7367,43.8867],[-69.7434,43.8937],[-69.7365,43.8999],[-69.7299,43.9086],[-69.7266,43.911],[-69.7196,43.9137],[-69.7141,43.9183],[-69.7086,43.9255],[-69.7048,43.9324],[-69.6959,43.94],[-69.6838,43.9607],[-69.6761,43.9694],[-69.6674,43.9837],[-69.6636,43.9921],[-69.6541,43.9907],[-69.6532,43.9899],[-69.6585,43.9813],[-69.6608,43.9751],[-69.6674,43.9654],[-69.6663,43.9609],[-69.668,43.9532],[-69.6743,43.9409],[-69.6742,43.9265]]]}},{"type":"Feature","properties":{"TOWN":"Bath"},"geometry":{"type":"Polygon","coordinates":[[[-69.8394,43.9857],[-69.8262,43.9777],[-69.8265,43.9725],[-69.8247,43.9683],[-69.8295,43.9579],[-69.8292,43.9568],[-69.826,43.9546],[-69.8173,43.9526],[-69.8102,43.9461],[-69.8093,43.9441],[-69.8095,43.9313],[-69.808,43.9257],[-69.8088,43.9183],[-69.8081,43.9107],[-69.8105,43.8951],[-69.8104,43.8827],[-69.8147,43.8795],[-69.8236,43.8762],[-69.8246,43.8733],[-69.8233,43.869],[-69.8256,43.8673],[-69.8282,43.8668],[-69.8317,43.8666],[-69.8336,43.8681],[-69.831,43.871],[-69.831,43.8719],[-69.8323,43.8725],[-69.8314,43.8744],[-69.8326,43.8755],[-69.8299,43.8804],[-69.8307,43.8822],[-69.8292,43.8841],[-69.8286,43.8887],[-69.8418,43.8875],[-69.8388,43.8921],[-69.8363,43.8993],[-69.8313,43.9047],[-69.8342,43.9066],[-69.8416,43.925],[-69.8502,43.9255],[-69.8625,43.9316],[-69.8608,43.9328],[-69.8611,43.9341],[-69.8605,43.9351],[-69.8611,43.9359],[-69.8594,43.9368],[-69.857,43.9448],[-69.8747,43.9536],[-69.8692,43.9594],[-69.8674,43.9625],[-69.8654,43.9676],[-69.8651,43.9747],[-69.8631,43.9769],[-69.8511,43.9807],[-69.8394,43.9857]]]}},{"type":"Feature","properties":{"TOWN":"Arrowsic"},"geometry":{"type":"Polygon","coordinates":[[[-69.7962,43.8382],[-69.7934,43.8442],[-69.7942,43.8497],[-69.7962,43.8544],[-69.7943,43.8668],[-69.7967,43.8713],[-69.7951,43.8752],[-69.7954,43.8785],[-69.7974,43.8804],[-69.8057,43.8808],[-69.8105,43.8826],[-69.8107,43.892],[-69.8089,43.9065],[-69.7967,43.9105],[-69.794,43.9097],[-69.7867,43.9043],[-69.7752,43.8978],[-69.7701,43.8934],[-69.7646,43.8906],[-69.7628,43.888],[-69.756,43.8852],[-69.7602,43.8792],[-69.7612,43.8756],[-69.7644,43.8733],[-69.7649,43.8719],[-69.7637,43.8701],[-69.759,43.868],[-69.7595,43.8623],[-69.76,43.8616],[-69.7645,43.861],[-69.7669,43.8597],[-69.7698,43.8559],[-69.7727,43.8496],[-69.771,43.8448],[-69.7693,43.8437],[-69.7671,43.8438],[-69.7659,43.84],[-69.7706,43.8349],[-69.7729,43.8287],[-69.7773,43.8238],[-69.7787,43.8202],[-69.7808,43.8089],[-69.7886,43.7995],[-69.7971,43.8109],[-69.8039,43.8144],[-69.805,43.8161],[-69.8032,43.825],[-69.7966,43.8348],[-69.7962,43.8382]]]}},{"type":"Feature","properties":{"TOWN":"West Bath"},"geometry":{"type":"Polygon","coordinates":[[[-69.8404,43.8438],[-69.8473,43.8363],[-69.8502,43.8317],[-69.8713,43.8145],[-69.87,43.8176],[-69.8761,43.8372],[-69.8763,43.8429],[-69.8747,43.8511],[-69.885,43.8552],[-69.8917,43.8609],[-69.8959,43.8661],[-69.8932,43.8785],[-69.891,43.8832],[-69.8896,43.8851],[-69.8821,43.8903],[-69.8775,43.8992],[-69.8687,43.9108],[-69.8686,43.9129],[-69.8648,43.9194],[-69.8625,43.9316],[-69.8502,43.9255],[-69.8418,43.9252],[-69.8342,43.9066],[-69.8313,43.9047],[-69.8363,43.8993],[-69.8388,43.8921],[-69.8418,43.8875],[-69.8286,43.8887],[-69.8292,43.8841],[-69.8307,43.8822],[-69.8299,43.8804],[-69.8326,43.8755],[-69.8313,43.8742],[-69.8322,43.8723],[-69.8309,43.8712],[-69.8336,43.8681],[-69.8317,43.8666],[-69.833,43.8662],[-69.8347,43.8633],[-69.8334,43.8591],[-69.8351,43.8567],[-69.8355,43.8536],[-69.8382,43.8489],[-69.8381,43.8474],[-69.8368,43.8464],[-69.8404,43.8438]]]}},{"type":"Feature","properties":{"TOWN":"Porter"},"geometry":{"type":"Polygon","coordinates":[[[-70.8807,43.8109],[-70.8826,43.8103],[-70.8845,43.808],[-70.8897,43.8069],[-70.8992,43.8023],[-70.9127,43.8009],[-70.9146,43.799],[-70.9221,43.7954],[-70.9241,43.7938],[-70.9252,43.7911],[-70.9282,43.79],[-70.9356,43.79],[-70.9409,43.7923],[-70.9426,43.7923],[-70.9473,43.791],[-70.9528,43.7867],[-70.9569,43.7852],[-70.9605,43.7855],[-70.9645,43.7881],[-70.9672,43.7858],[-70.9712,43.785],[-70.9739,43.786],[-70.9783,43.7914],[-70.9818,43.7935],[-70.9869,43.7931],[-70.9891,43.7921],[-70.9902,43.8466],[-70.9923,43.8863],[-70.887,43.8888],[-70.8944,43.8522],[-70.8878,43.8301],[-70.8807,43.8109]]]}},{"type":"Feature","properties":{"TOWN":"Pownal"},"geometry":{"type":"Polygon","coordinates":[[[-70.1185,43.908],[-70.1314,43.8945],[-70.1298,43.8937],[-70.1414,43.8804],[-70.1405,43.88],[-70.1627,43.8544],[-70.1613,43.8538],[-70.1674,43.8472],[-70.1657,43.8464],[-70.1714,43.8407],[-70.1749,43.8439],[-70.1756,43.8458],[-70.1774,43.8462],[-70.1798,43.8481],[-70.216,43.8818],[-70.2112,43.8904],[-70.2486,43.8983],[-70.2036,43.9479],[-70.197,43.946],[-70.1185,43.908]]]}},{"type":"Feature","properties":{"TOWN":"Boothbay Harbor"},"geometry":{"type":"Polygon","coordinates":[[[-69.6022,43.8691],[-69.5997,43.853],[-69.602,43.85],[-69.6077,43.8449],[-69.6091,43.8426],[-69.6095,43.8394],[-69.6086,43.8353],[-69.6101,43.8298],[-69.6222,43.8173],[-69.6395,43.8357],[-69.6417,43.8362],[-69.6465,43.835],[-69.6499,43.8357],[-69.652,43.8406],[-69.6574,43.8462],[-69.6617,43.8474],[-69.6693,43.8526],[-69.6761,43.8537],[-69.6906,43.8542],[-69.6928,43.859],[-69.6929,43.861],[-69.6899,43.8713],[-69.6852,43.8701],[-69.6835,43.8669],[-69.6803,43.8666],[-69.6744,43.8644],[-69.668,43.8664],[-69.6652,43.8654],[-69.6394,43.8731],[-69.6022,43.8691]]]}},{"type":"Feature","properties":{"TOWN":"Frye Island"},"geometry":{"type":"Polygon","coordinates":[[[-70.5199,43.8222],[-70.5208,43.8227],[-70.521,43.8243],[-70.523,43.8254],[-70.5282,43.8254],[-70.5308,43.8244],[-70.5331,43.8257],[-70.5324,43.8272],[-70.5328,43.8288],[-70.5311,43.8327],[-70.5317,43.8341],[-70.534,43.8351],[-70.5345,43.8362],[-70.5329,43.8395],[-70.5316,43.84],[-70.5332,43.8409],[-70.5322,43.8423],[-70.5334,43.8437],[-70.5313,43.8442],[-70.5327,43.8452],[-70.5333,43.8484],[-70.5325,43.8533],[-70.5303,43.854],[-70.5286,43.8536],[-70.5257,43.8515],[-70.5256,43.8503],[-70.5231,43.8502],[-70.5221,43.8488],[-70.5191,43.8487],[-70.5171,43.847],[-70.518,43.8456],[-70.5176,43.8437],[-70.5158,43.8423],[-70.5161,43.8376],[-70.5115,43.8318],[-70.5144,43.8297],[-70.517,43.8262],[-70.5164,43.825],[-70.5149,43.8248],[-70.515,43.824],[-70.5164,43.8229],[-70.5199,43.8222]]]}},{"type":"Feature","properties":{"TOWN":"Southport"},"geometry":{"type":"Polygon","coordinates":[[[-69.6304,43.8255],[-69.6155,43.8113],[-69.6128,43.8075],[-69.6128,43.8019],[-69.6166,43.7961],[-69.6308,43.7794],[-69.6362,43.7712],[-69.6647,43.7118],[-69.6919,43.781],[-69.6957,43.795],[-69.6976,43.8085],[-69.6977,43.8299],[-69.6956,43.8368],[-69.691,43.8419],[-69.6892,43.845],[-69.689,43.8487],[-69.6906,43.8542],[-69.6702,43.8528],[-69.6617,43.8474],[-69.6574,43.8462],[-69.652,43.8406],[-69.6499,43.8357],[-69.6465,43.835],[-69.6412,43.8362],[-69.6383,43.8349],[-69.6304,43.8255]]]}},{"type":"Feature","properties":{"TOWN":"Cumberland"},"geometry":{"type":"Polygon","coordinates":[[[-70.2278,43.7991],[-70.2228,43.7948],[-70.2151,43.7991],[-70.205,43.7901],[-70.2125,43.7856],[-70.2096,43.783],[-70.2021,43.7876],[-70.1952,43.7813],[-70.1934,43.7836],[-70.1845,43.7785],[-70.1838,43.7791],[-70.1774,43.7757],[-70.1782,43.7729],[-70.1824,43.7703],[-70.1853,43.7664],[-70.1858,43.763],[-70.185,43.7604],[-70.1801,43.7554],[-70.1719,43.7508],[-70.1552,43.7383],[-70.169,43.724],[-70.3368,43.8072],[-70.2964,43.8488],[-70.2839,43.8417],[-70.2883,43.8385],[-70.2845,43.8365],[-70.2852,43.8358],[-70.2803,43.8334],[-70.2791,43.8346],[-70.2763,43.8337],[-70.2713,43.8386],[-70.269,43.8364],[-70.2723,43.8336],[-70.2653,43.8285],[-70.2675,43.8265],[-70.2535,43.8198],[-70.2563,43.8169],[-70.25,43.814],[-70.2526,43.8111],[-70.2459,43.8075],[-70.2423,43.8121],[-70.2362,43.8069],[-70.2369,43.8063],[-70.2371,43.8034],[-70.2324,43.8012],[-70.2299,43.8032],[-70.232,43.8047],[-70.2279,43.8069],[-70.2229,43.8022],[-70.2278,43.7991]]]}},{"type":"Feature","properties":{"TOWN":"Criehaven Twp"},"geometry":{"type":"Polygon","coordinates":[[[-68.9498,43.7802],[-68.9109,43.8377],[-68.9031,43.8403],[-68.8887,43.8415],[-68.8779,43.8438],[-68.8663,43.844],[-68.8513,43.7947],[-68.9498,43.7802]]]}},{"type":"Feature","properties":{"TOWN":"Standish"},"geometry":{"type":"Polygon","coordinates":[[[-70.4867,43.8566],[-70.4651,43.8456],[-70.4594,43.8364],[-70.4622,43.8321],[-70.4621,43.8309],[-70.4551,43.8304],[-70.4534,43.8295],[-70.4522,43.8311],[-70.4509,43.8312],[-70.4469,43.8284],[-70.4466,43.8263],[-70.4487,43.8213],[-70.4479,43.82],[-70.4493,43.8184],[-70.4486,43.817],[-70.4756,43.7878],[-70.478,43.7889],[-70.4801,43.7866],[-70.4777,43.7856],[-70.5466,43.7132],[-70.55,43.7158],[-70.5774,43.6872],[-70.5953,43.6972],[-70.6056,43.6877],[-70.6121,43.6871],[-70.6108,43.6928],[-70.6128,43.695],[-70.6145,43.6983],[-70.6222,43.6995],[-70.6243,43.7022],[-70.629,43.7043],[-70.6384,43.7027],[-70.6418,43.7032],[-70.6497,43.6991],[-70.6566,43.7012],[-70.6583,43.7024],[-70.6593,43.7044],[-70.6593,43.7123],[-70.6565,43.7173],[-70.6534,43.7314],[-70.6512,43.7365],[-70.646,43.7403],[-70.6458,43.747],[-70.6435,43.7497],[-70.643,43.7525],[-70.6438,43.7552],[-70.6452,43.757],[-70.6513,43.7586],[-70.6527,43.762],[-70.6564,43.7646],[-70.6555,43.7663],[-70.6505,43.7676],[-70.6498,43.7684],[-70.6522,43.7726],[-70.6531,43.7766],[-70.6557,43.7801],[-70.6553,43.7834],[-70.653,43.7861],[-70.6529,43.7874],[-70.6566,43.7885],[-70.6596,43.7905],[-70.6632,43.7913],[-70.6674,43.7911],[-70.6682,43.7925],[-70.6125,43.848],[-70.5357,43.864],[-70.4995,43.8333],[-70.4867,43.8566]],[[-70.5199,43.8222],[-70.5164,43.8229],[-70.515,43.824],[-70.5149,43.8248],[-70.5164,43.825],[-70.517,43.8262],[-70.5144,43.8297],[-70.5115,43.8318],[-70.5161,43.8376],[-70.5158,43.8423],[-70.5176,43.8437],[-70.518,43.8456],[-70.5171,43.847],[-70.5191,43.8487],[-70.5221,43.8488],[-70.5231,43.8502],[-70.5256,43.8503],[-70.5257,43.8515],[-70.5286,43.8536],[-70.5303,43.854],[-70.5325,43.8533],[-70.5333,43.8484],[-70.5327,43.8452],[-70.5313,43.8442],[-70.5334,43.8437],[-70.5322,43.8423],[-70.5332,43.8409],[-70.5316,43.84],[-70.5329,43.8395],[-70.5345,43.8362],[-70.534,43.8351],[-70.5317,43.8341],[-70.5311,43.8327],[-70.5328,43.8288],[-70.5324,43.8272],[-70.5331,43.8257],[-70.5308,43.8244],[-70.5282,43.8254],[-70.523,43.8254],[-70.521,43.8243],[-70.5208,43.8227],[-70.5199,43.8222]]]}},{"type":"Feature","properties":{"TOWN":"Monhegan Island Plt"},"geometry":{"type":"Polygon","coordinates":[[[-69.2363,43.7545],[-69.2405,43.7464],[-69.2449,43.7408],[-69.2525,43.7332],[-69.262,43.7254],[-69.2829,43.7138],[-69.2979,43.7077],[-69.309,43.705],[-69.3235,43.7037],[-69.3351,43.7045],[-69.3564,43.7109],[-69.3689,43.7185],[-69.3844,43.7318],[-69.3899,43.7402],[-69.3949,43.7543],[-69.3972,43.7634],[-69.3965,43.7685],[-69.397,43.773],[-69.3928,43.7874],[-69.3873,43.799],[-69.3793,43.8105],[-69.3731,43.8176],[-69.3646,43.8241],[-69.3528,43.8307],[-69.3333,43.8202],[-69.3219,43.815],[-69.2779,43.796],[-69.2335,43.778],[-69.2338,43.7741],[-69.2326,43.7694],[-69.2334,43.7623],[-69.2363,43.7545]]]}},{"type":"Feature","properties":{"TOWN":"Chebeague Island"},"geometry":{"type":"Polygon","coordinates":[[[-70.0651,43.6737],[-70.0954,43.6882],[-70.0841,43.7],[-70.0906,43.7123],[-70.0938,43.7144],[-70.0957,43.714],[-70.0992,43.7114],[-70.1155,43.698],[-70.169,43.724],[-70.1552,43.7383],[-70.1245,43.7523],[-70.1144,43.7556],[-70.0995,43.7706],[-70.0843,43.781],[-70.0698,43.7708],[-70.0703,43.7414],[-70.0539,43.681],[-69.9637,43.6029],[-69.9759,43.5979],[-70.0651,43.6737]],[[-70.0366,43.6563],[-70.0378,43.6558],[-70.0371,43.6554],[-70.0366,43.6563]],[[-70.037,43.6555],[-70.0364,43.6558],[-70.0364,43.6562],[-70.037,43.6555]],[[-70.0356,43.6564],[-70.0358,43.6565],[-70.0357,43.6563],[-70.0356,43.6564]],[[-70.036,43.6559],[-70.0361,43.6561],[-70.0361,43.6559],[-70.036,43.6559]],[[-70.0387,43.6554],[-70.0385,43.6554],[-70.0385,43.6555],[-70.0387,43.6554]],[[-70.0385,43.6559],[-70.0385,43.6558],[-70.0384,43.6559],[-70.0385,43.6559]],[[-70.0382,43.6559],[-70.0382,43.6558],[-70.0381,43.6558],[-70.0382,43.6559]],[[-70.0364,43.6557],[-70.0363,43.6556],[-70.0363,43.6557],[-70.0364,43.6557]]]}},{"type":"Feature","properties":{"TOWN":"Cornish"},"geometry":{"type":"Polygon","coordinates":[[[-70.783,43.8141],[-70.7812,43.8119],[-70.7817,43.8094],[-70.7803,43.8035],[-70.7751,43.8007],[-70.7661,43.7924],[-70.7632,43.7735],[-70.7699,43.7575],[-70.7813,43.7357],[-70.8394,43.7092],[-70.8421,43.7344],[-70.8437,43.7596],[-70.8514,43.7821],[-70.8526,43.8047],[-70.8496,43.8067],[-70.8436,43.8074],[-70.8429,43.8091],[-70.8412,43.8099],[-70.8302,43.8089],[-70.8271,43.8067],[-70.8249,43.8076],[-70.8216,43.8073],[-70.8193,43.8097],[-70.815,43.8115],[-70.8119,43.8106],[-70.8121,43.8086],[-70.8112,43.8075],[-70.8099,43.8078],[-70.81,43.8096],[-70.8089,43.8102],[-70.8069,43.8097],[-70.8048,43.808],[-70.8023,43.8096],[-70.7996,43.8081],[-70.7988,43.8064],[-70.7975,43.8062],[-70.7965,43.8067],[-70.7983,43.8084],[-70.7974,43.8097],[-70.7946,43.8102],[-70.7913,43.8131],[-70.7883,43.8143],[-70.7856,43.8134],[-70.783,43.8141]]]}},{"type":"Feature","properties":{"TOWN":"Parsonsfield"},"geometry":{"type":"Polygon","coordinates":[[[-70.8526,43.8047],[-70.8514,43.7821],[-70.8437,43.7596],[-70.8421,43.7344],[-70.8394,43.7092],[-70.8381,43.6754],[-70.9794,43.6732],[-70.9818,43.6992],[-70.9852,43.7558],[-70.9891,43.7921],[-70.9869,43.7931],[-70.9818,43.7935],[-70.9788,43.7918],[-70.9744,43.7864],[-70.9723,43.7852],[-70.9678,43.7855],[-70.9645,43.7881],[-70.9607,43.7856],[-70.9575,43.7851],[-70.9528,43.7867],[-70.9473,43.791],[-70.9426,43.7923],[-70.9409,43.7923],[-70.9356,43.79],[-70.9271,43.7903],[-70.9249,43.7914],[-70.9241,43.7938],[-70.9221,43.7954],[-70.9146,43.799],[-70.9127,43.8009],[-70.8992,43.8023],[-70.8897,43.8069],[-70.8845,43.808],[-70.8829,43.8101],[-70.8812,43.8108],[-70.879,43.8107],[-70.8759,43.8083],[-70.8728,43.8082],[-70.8694,43.8068],[-70.8658,43.8065],[-70.8648,43.8079],[-70.8625,43.8077],[-70.861,43.8069],[-70.8613,43.8047],[-70.8554,43.8054],[-70.8526,43.8047]]]}},{"type":"Feature","properties":{"TOWN":"Portland"},"geometry":{"type":"MultiPolygon","coordinates":[[[[-70.2457,43.6904],[-70.2171,43.6811],[-70.2107,43.6911],[-70.2063,43.6953],[-70.1992,43.7002],[-70.1577,43.65],[-70.0753,43.5573],[-70.1072,43.5443],[-70.1828,43.6217],[-70.2056,43.6288],[-70.2158,43.6354],[-70.2196,43.6511],[-70.2238,43.6554],[-70.2285,43.6582],[-70.2384,43.6584],[-70.2617,43.6421],[-70.2724,43.6417],[-70.2805,43.639],[-70.2824,43.6401],[-70.2857,43.645],[-70.2874,43.6458],[-70.2919,43.6455],[-70.2982,43.6469],[-70.3,43.6461],[-70.3172,43.646],[-70.3137,43.6496],[-70.3474,43.6454],[-70.3408,43.6523],[-70.3453,43.6547],[-70.3374,43.6621],[-70.3348,43.6619],[-70.3322,43.6674],[-70.333,43.6675],[-70.3292,43.6793],[-70.3306,43.6827],[-70.3334,43.6856],[-70.333,43.6864],[-70.3364,43.6901],[-70.3336,43.6908],[-70.3298,43.6932],[-70.3291,43.6991],[-70.3264,43.7009],[-70.3226,43.7055],[-70.3254,43.7081],[-70.3177,43.7143],[-70.3169,43.7177],[-70.3099,43.7204],[-70.3097,43.7228],[-70.3078,43.724],[-70.3041,43.7239],[-70.3041,43.723],[-70.2998,43.7199],[-70.2963,43.7219],[-70.2924,43.7259],[-70.2857,43.7277],[-70.2853,43.7264],[-70.2805,43.7228],[-70.2776,43.7224],[-70.2827,43.7166],[-70.2771,43.7139],[-70.2773,43.7055],[-70.2747,43.7054],[-70.2737,43.7032],[-70.2707,43.7005],[-70.2675,43.701],[-70.2664,43.7025],[-70.2509,43.7002],[-70.2489,43.695],[-70.2457,43.6904]]],[[[-70.1222,43.7013],[-70.1155,43.698],[-70.0957,43.714],[-70.0938,43.7144],[-70.0911,43.7129],[-70.0841,43.7],[-70.0954,43.6882],[-70.0651,43.6737],[-69.9759,43.5979],[-70.0167,43.5811],[-70.0176,43.5817],[-70.1206,43.6715],[-70.1328,43.6835],[-70.1222,43.7013]]]]}},{"type":"Feature","properties":{"TOWN":"Falmouth"},"geometry":{"type":"Polygon","coordinates":[[[-70.2171,43.6811],[-70.2459,43.6905],[-70.2489,43.695],[-70.2509,43.7002],[-70.2664,43.7025],[-70.2675,43.701],[-70.2707,43.7005],[-70.2737,43.7032],[-70.2747,43.7054],[-70.2773,43.7055],[-70.2771,43.7139],[-70.2827,43.7166],[-70.2776,43.7224],[-70.2805,43.7228],[-70.2853,43.7264],[-70.2857,43.7277],[-70.2924,43.7259],[-70.2963,43.7219],[-70.2998,43.7199],[-70.3041,43.723],[-70.3041,43.7239],[-70.3074,43.7241],[-70.3097,43.7228],[-70.3096,43.7208],[-70.3111,43.7198],[-70.3183,43.7273],[-70.3188,43.7269],[-70.3203,43.7285],[-70.3234,43.7281],[-70.3274,43.7323],[-70.3266,43.733],[-70.3283,43.7341],[-70.3273,43.7353],[-70.3376,43.7406],[-70.3353,43.7438],[-70.3321,43.7434],[-70.3349,43.7493],[-70.3375,43.7492],[-70.336,43.7518],[-70.339,43.7523],[-70.3404,43.7503],[-70.3482,43.7502],[-70.3478,43.749],[-70.3502,43.7481],[-70.3516,43.7522],[-70.3533,43.7518],[-70.3533,43.7494],[-70.3612,43.7538],[-70.3432,43.8103],[-70.169,43.724],[-70.1847,43.7091],[-70.2074,43.6944],[-70.2133,43.6879],[-70.2171,43.6811]]]}},{"type":"Feature","properties":{"TOWN":"Newfield"},"geometry":{"type":"Polygon","coordinates":[[[-70.8381,43.6754],[-70.8385,43.6511],[-70.8348,43.6497],[-70.8351,43.6473],[-70.8312,43.6463],[-70.8302,43.6446],[-70.8188,43.6431],[-70.816,43.6416],[-70.8147,43.642],[-70.8112,43.6277],[-70.8639,43.6233],[-70.8633,43.622],[-70.8607,43.622],[-70.8593,43.6202],[-70.8569,43.6201],[-70.8581,43.6157],[-70.8605,43.6132],[-70.867,43.6094],[-70.8683,43.6074],[-70.872,43.606],[-70.8743,43.604],[-70.8758,43.604],[-70.8765,43.6018],[-70.8797,43.6024],[-70.881,43.6035],[-70.8857,43.6041],[-70.8899,43.6028],[-70.89,43.6001],[-70.8915,43.5971],[-70.8931,43.5956],[-70.8949,43.5952],[-70.8997,43.5953],[-70.9016,43.5975],[-70.9039,43.5982],[-70.912,43.5974],[-70.9121,43.5983],[-70.9162,43.6006],[-70.9187,43.6008],[-70.9197,43.6018],[-70.9218,43.6016],[-70.9238,43.6002],[-70.9253,43.6004],[-70.9251,43.6014],[-70.9267,43.6019],[-70.9288,43.6009],[-70.9295,43.6021],[-70.9289,43.6029],[-70.9324,43.605],[-70.9357,43.6057],[-70.9415,43.6052],[-70.9451,43.6071],[-70.9481,43.6075],[-70.9568,43.6123],[-70.9656,43.6123],[-70.9752,43.6144],[-70.9794,43.6732],[-70.8381,43.6754]]]}},{"type":"Feature","properties":{"TOWN":"Waterboro"},"geometry":{"type":"Polygon","coordinates":[[[-70.6923,43.6746],[-70.6735,43.634],[-70.6478,43.5825],[-70.7176,43.5122],[-70.7649,43.5354],[-70.7669,43.538],[-70.7659,43.5431],[-70.7667,43.5444],[-70.7665,43.5468],[-70.7695,43.5505],[-70.7728,43.5517],[-70.7731,43.5534],[-70.7784,43.5583],[-70.7799,43.5654],[-70.7838,43.565],[-70.7882,43.5712],[-70.7906,43.571],[-70.7921,43.5755],[-70.7984,43.5747],[-70.8147,43.642],[-70.8115,43.642],[-70.8057,43.6407],[-70.8013,43.6386],[-70.7968,43.6381],[-70.7924,43.6451],[-70.7928,43.6485],[-70.7952,43.6511],[-70.7951,43.6528],[-70.7909,43.654],[-70.7877,43.6527],[-70.7845,43.6571],[-70.7813,43.6577],[-70.7757,43.6565],[-70.7733,43.6548],[-70.7658,43.6521],[-70.7608,43.653],[-70.7566,43.6487],[-70.7565,43.6477],[-70.7551,43.648],[-70.7548,43.6469],[-70.7529,43.646],[-70.7489,43.6457],[-70.7445,43.6408],[-70.744,43.6441],[-70.7407,43.6442],[-70.7373,43.6478],[-70.7329,43.6475],[-70.7356,43.6496],[-70.7347,43.6528],[-70.7368,43.6537],[-70.7379,43.656],[-70.7421,43.6564],[-70.7438,43.6575],[-70.7442,43.6589],[-70.7471,43.6587],[-70.7478,43.6592],[-70.7485,43.6633],[-70.7446,43.6678],[-70.7424,43.6689],[-70.7398,43.6689],[-70.7372,43.6669],[-70.7275,43.6645],[-70.7167,43.6659],[-70.7131,43.6653],[-70.7003,43.6704],[-70.6963,43.6711],[-70.6959,43.6718],[-70.6967,43.6733],[-70.6923,43.6746]]]}},{"type":"Feature","properties":{"TOWN":"Limington"},"geometry":{"type":"Polygon","coordinates":[[[-70.6693,43.794],[-70.6674,43.7911],[-70.6632,43.7913],[-70.6596,43.7905],[-70.6566,43.7885],[-70.6529,43.7874],[-70.653,43.7861],[-70.6553,43.7834],[-70.6557,43.7801],[-70.6531,43.7766],[-70.6522,43.7726],[-70.6498,43.7684],[-70.6505,43.7676],[-70.6555,43.7663],[-70.6564,43.7646],[-70.6527,43.762],[-70.6513,43.7586],[-70.6452,43.757],[-70.6438,43.7552],[-70.643,43.7525],[-70.6435,43.7497],[-70.6458,43.747],[-70.6461,43.7401],[-70.651,43.7368],[-70.6534,43.7314],[-70.6565,43.7173],[-70.6595,43.7116],[-70.6592,43.7039],[-70.657,43.7013],[-70.6497,43.6991],[-70.6426,43.703],[-70.6381,43.7027],[-70.6335,43.7039],[-70.6836,43.656],[-70.6923,43.6746],[-70.6967,43.6733],[-70.6959,43.6718],[-70.6963,43.6711],[-70.7003,43.6704],[-70.7114,43.6657],[-70.7196,43.6657],[-70.7439,43.696],[-70.7553,43.7516],[-70.7763,43.7456],[-70.7699,43.7575],[-70.7632,43.7735],[-70.7661,43.7924],[-70.7555,43.7891],[-70.7506,43.7894],[-70.7453,43.788],[-70.7332,43.7896],[-70.7314,43.7902],[-70.7294,43.7928],[-70.7266,43.7943],[-70.7186,43.7949],[-70.7161,43.7977],[-70.7126,43.7996],[-70.7081,43.8002],[-70.7033,43.798],[-70.7015,43.7979],[-70.6989,43.804],[-70.6956,43.8052],[-70.6938,43.8047],[-70.6927,43.8029],[-70.6941,43.798],[-70.6905,43.7973],[-70.6896,43.7959],[-70.6817,43.7966],[-70.6772,43.7931],[-70.6748,43.7887],[-70.673,43.7884],[-70.6716,43.7892],[-70.6712,43.7938],[-70.6693,43.794]]]}},{"type":"Feature","properties":{"TOWN":"Buxton"},"geometry":{"type":"Polygon","coordinates":[[[-70.55,43.7158],[-70.4577,43.6424],[-70.5477,43.55],[-70.5485,43.5516],[-70.5439,43.5567],[-70.5438,43.5595],[-70.5492,43.5626],[-70.5516,43.5679],[-70.5568,43.5697],[-70.5605,43.5742],[-70.5552,43.5831],[-70.5557,43.585],[-70.5583,43.5861],[-70.5572,43.5878],[-70.5537,43.5904],[-70.5542,43.5998],[-70.5552,43.6046],[-70.5535,43.6094],[-70.5515,43.6109],[-70.5513,43.6122],[-70.5557,43.6142],[-70.5598,43.6144],[-70.5651,43.6161],[-70.5699,43.6151],[-70.5747,43.6163],[-70.582,43.6202],[-70.5859,43.6243],[-70.5915,43.6274],[-70.5924,43.6304],[-70.5921,43.6373],[-70.5963,43.6447],[-70.5971,43.6565],[-70.5984,43.661],[-70.6029,43.6661],[-70.6046,43.6699],[-70.6073,43.6728],[-70.6059,43.676],[-70.6071,43.68],[-70.6116,43.683],[-70.6128,43.6858],[-70.6121,43.6871],[-70.6056,43.6877],[-70.5953,43.6972],[-70.5774,43.6872],[-70.55,43.7158]]]}},{"type":"Feature","properties":{"TOWN":"Hollis"},"geometry":{"type":"Polygon","coordinates":[[[-70.6108,43.6928],[-70.6128,43.6858],[-70.6122,43.6838],[-70.6068,43.6794],[-70.6059,43.676],[-70.6073,43.6728],[-70.6046,43.6699],[-70.6029,43.6661],[-70.5984,43.661],[-70.5971,43.6565],[-70.5963,43.6447],[-70.5921,43.6373],[-70.5924,43.6304],[-70.5915,43.6274],[-70.5859,43.6243],[-70.582,43.6202],[-70.5747,43.6163],[-70.5699,43.6151],[-70.5651,43.6161],[-70.5598,43.6144],[-70.5561,43.6143],[-70.5516,43.6126],[-70.5512,43.6116],[-70.5535,43.6094],[-70.5552,43.6046],[-70.5542,43.5998],[-70.5537,43.5904],[-70.5572,43.5878],[-70.5583,43.5861],[-70.5751,43.591],[-70.5817,43.5945],[-70.5841,43.5947],[-70.587,43.5896],[-70.5907,43.5891],[-70.5947,43.585],[-70.5956,43.5832],[-70.595,43.5823],[-70.5964,43.5815],[-70.5966,43.5788],[-70.6029,43.5751],[-70.6064,43.5708],[-70.6091,43.5697],[-70.608,43.5656],[-70.6148,43.5617],[-70.617,43.5622],[-70.6204,43.5613],[-70.6249,43.5626],[-70.6259,43.5642],[-70.6292,43.5654],[-70.6319,43.5651],[-70.6343,43.566],[-70.6436,43.5757],[-70.6478,43.5825],[-70.6735,43.634],[-70.6836,43.656],[-70.6335,43.7039],[-70.628,43.7041],[-70.6242,43.7021],[-70.6222,43.6995],[-70.6145,43.6983],[-70.6128,43.695],[-70.6108,43.6928]]]}},{"type":"Feature","properties":{"TOWN":"South Portland"},"geometry":{"type":"Polygon","coordinates":[[[-70.2238,43.634],[-70.2318,43.6329],[-70.2336,43.6336],[-70.2409,43.6289],[-70.2419,43.6269],[-70.2475,43.6224],[-70.2484,43.6206],[-70.2489,43.6222],[-70.2519,43.6185],[-70.2573,43.6203],[-70.2584,43.6217],[-70.2615,43.618],[-70.2658,43.6186],[-70.2658,43.6177],[-70.2697,43.6152],[-70.2663,43.6134],[-70.2663,43.6113],[-70.2682,43.6091],[-70.2687,43.6104],[-70.2718,43.61],[-70.2762,43.6054],[-70.2758,43.6031],[-70.2811,43.5975],[-70.3705,43.6424],[-70.3137,43.6496],[-70.3172,43.646],[-70.3,43.6461],[-70.2982,43.6469],[-70.2919,43.6455],[-70.2874,43.6458],[-70.2857,43.645],[-70.2824,43.6401],[-70.2805,43.639],[-70.2724,43.6417],[-70.2617,43.6421],[-70.2384,43.6584],[-70.2285,43.6582],[-70.2238,43.6554],[-70.2196,43.6513],[-70.2159,43.6357],[-70.2136,43.6336],[-70.2238,43.634]]]}},{"type":"Feature","properties":{"TOWN":"Cape Elizabeth"},"geometry":{"type":"Polygon","coordinates":[[[-70.257,43.5832],[-70.2549,43.5845],[-70.2568,43.5849],[-70.2564,43.5869],[-70.2586,43.5865],[-70.2588,43.5872],[-70.2575,43.5878],[-70.2579,43.5882],[-70.2589,43.5884],[-70.2596,43.587],[-70.2612,43.5882],[-70.2621,43.5877],[-70.2617,43.5884],[-70.263,43.5886],[-70.2629,43.5892],[-70.2646,43.5888],[-70.264,43.59],[-70.2647,43.5896],[-70.2671,43.5914],[-70.2718,43.5909],[-70.272,43.5903],[-70.2735,43.5906],[-70.2725,43.5911],[-70.2735,43.5936],[-70.2811,43.5975],[-70.2758,43.6031],[-70.2762,43.6054],[-70.2718,43.61],[-70.2687,43.6104],[-70.2682,43.6091],[-70.2663,43.6113],[-70.2663,43.6134],[-70.2697,43.6152],[-70.2658,43.6177],[-70.2658,43.6186],[-70.2615,43.618],[-70.2584,43.6217],[-70.2573,43.6203],[-70.2519,43.6185],[-70.2489,43.6222],[-70.2484,43.6206],[-70.2475,43.6224],[-70.2419,43.6269],[-70.2409,43.6289],[-70.2336,43.6336],[-70.2318,43.6329],[-70.2259,43.6341],[-70.2136,43.6336],[-70.2056,43.6288],[-70.1828,43.6217],[-70.1072,43.5443],[-70.1242,43.5374],[-70.1366,43.5335],[-70.156,43.5245],[-70.1641,43.5186],[-70.1842,43.4986],[-70.2736,43.5511],[-70.2723,43.5585],[-70.271,43.5612],[-70.2722,43.5657],[-70.2739,43.5681],[-70.2706,43.5748],[-70.2639,43.5778],[-70.2634,43.5797],[-70.2626,43.5803],[-70.2587,43.5807],[-70.257,43.5832]]]}},{"type":"Feature","properties":{"TOWN":"Limerick"},"geometry":{"type":"Polygon","coordinates":[[[-70.7553,43.7516],[-70.7439,43.696],[-70.7196,43.6657],[-70.7286,43.6646],[-70.7372,43.6669],[-70.7398,43.6689],[-70.742,43.669],[-70.7452,43.6673],[-70.7485,43.6633],[-70.7485,43.6609],[-70.7475,43.6589],[-70.7444,43.659],[-70.7429,43.6567],[-70.7381,43.6561],[-70.7368,43.6537],[-70.7348,43.6529],[-70.7356,43.6498],[-70.733,43.6472],[-70.7375,43.6477],[-70.7407,43.6442],[-70.744,43.6441],[-70.7446,43.6408],[-70.7489,43.6457],[-70.7529,43.646],[-70.7548,43.6469],[-70.7551,43.648],[-70.7565,43.6477],[-70.7566,43.6487],[-70.7608,43.653],[-70.7658,43.6521],[-70.7733,43.6548],[-70.7757,43.6565],[-70.7813,43.6577],[-70.7845,43.6571],[-70.7877,43.6527],[-70.7909,43.654],[-70.7951,43.6528],[-70.7952,43.6511],[-70.7928,43.6485],[-70.7924,43.6451],[-70.7968,43.6381],[-70.8013,43.6386],[-70.8057,43.6407],[-70.8115,43.642],[-70.816,43.6416],[-70.8188,43.6431],[-70.8301,43.6446],[-70.8312,43.6463],[-70.8351,43.6473],[-70.8348,43.6497],[-70.8385,43.6511],[-70.8381,43.6753],[-70.8394,43.7092],[-70.7813,43.7357],[-70.7763,43.7456],[-70.7553,43.7516]]]}},{"type":"Feature","properties":{"TOWN":"Dayton"},"geometry":{"type":"Polygon","coordinates":[[[-70.5751,43.591],[-70.5557,43.585],[-70.5552,43.5831],[-70.5594,43.577],[-70.5605,43.5742],[-70.5602,43.5732],[-70.5562,43.5693],[-70.5516,43.5679],[-70.5494,43.5628],[-70.5447,43.5603],[-70.5435,43.5588],[-70.5439,43.5567],[-70.5481,43.5524],[-70.5483,43.5504],[-70.5452,43.549],[-70.5417,43.5493],[-70.537,43.5509],[-70.5327,43.5539],[-70.5295,43.5546],[-70.5239,43.5506],[-70.5199,43.5453],[-70.5158,43.5455],[-70.5653,43.4943],[-70.5695,43.4963],[-70.6343,43.566],[-70.6319,43.5651],[-70.6292,43.5654],[-70.6259,43.5642],[-70.6249,43.5626],[-70.6204,43.5613],[-70.617,43.5622],[-70.6149,43.5616],[-70.6097,43.5643],[-70.6093,43.5653],[-70.608,43.5658],[-70.609,43.5698],[-70.6065,43.5707],[-70.6029,43.5751],[-70.5966,43.5788],[-70.5964,43.5815],[-70.595,43.5823],[-70.5956,43.5832],[-70.5947,43.585],[-70.5907,43.5891],[-70.587,43.5896],[-70.5837,43.5948],[-70.5811,43.5943],[-70.5751,43.591]]]}},{"type":"Feature","properties":{"TOWN":"Lyman"},"geometry":{"type":"Polygon","coordinates":[[[-70.6436,43.5757],[-70.5695,43.4963],[-70.6424,43.4207],[-70.6894,43.4814],[-70.7117,43.5086],[-70.7176,43.5122],[-70.6478,43.5825],[-70.6436,43.5757]]]}},{"type":"Feature","properties":{"TOWN":"Alfred"},"geometry":{"type":"Polygon","coordinates":[[[-70.7176,43.5122],[-70.7117,43.5086],[-70.6894,43.4814],[-70.6426,43.4204],[-70.6471,43.4204],[-70.6494,43.4195],[-70.6509,43.4174],[-70.6553,43.4171],[-70.6601,43.4189],[-70.6612,43.4204],[-70.6668,43.4231],[-70.6773,43.4254],[-70.6919,43.4345],[-70.6956,43.4346],[-70.6973,43.4356],[-70.704,43.4412],[-70.7055,43.4455],[-70.7099,43.4471],[-70.7099,43.4508],[-70.7144,43.4509],[-70.7194,43.447],[-70.7247,43.4457],[-70.7266,43.4435],[-70.7301,43.4432],[-70.7321,43.4439],[-70.734,43.4468],[-70.7367,43.4479],[-70.7362,43.4492],[-70.7372,43.4512],[-70.737,43.453],[-70.7387,43.454],[-70.7399,43.456],[-70.742,43.4562],[-70.7454,43.4584],[-70.7494,43.4578],[-70.7523,43.459],[-70.757,43.4594],[-70.7596,43.4624],[-70.7606,43.4661],[-70.7647,43.4682],[-70.7674,43.4704],[-70.7672,43.471],[-70.7767,43.4762],[-70.7738,43.4791],[-70.7796,43.4827],[-70.7744,43.4878],[-70.783,43.4917],[-70.7803,43.4919],[-70.7984,43.5747],[-70.7921,43.5755],[-70.7906,43.571],[-70.7882,43.5712],[-70.7838,43.565],[-70.7799,43.5654],[-70.7784,43.5583],[-70.7731,43.5534],[-70.7728,43.5517],[-70.7695,43.5505],[-70.7665,43.5468],[-70.7667,43.5444],[-70.7659,43.5431],[-70.7669,43.538],[-70.7649,43.5354],[-70.7176,43.5122]]]}},{"type":"Feature","properties":{"TOWN":"Arundel"},"geometry":{"type":"Polygon","coordinates":[[[-70.4856,43.3774],[-70.4857,43.3735],[-70.4912,43.374],[-70.4919,43.373],[-70.4947,43.3722],[-70.4969,43.3744],[-70.5049,43.3767],[-70.5055,43.3776],[-70.5049,43.3786],[-70.508,43.3784],[-70.5074,43.3805],[-70.5097,43.3801],[-70.5106,43.3817],[-70.5125,43.3818],[-70.5139,43.3831],[-70.5169,43.3826],[-70.5171,43.3834],[-70.5156,43.3853],[-70.5179,43.3867],[-70.5223,43.3913],[-70.5227,43.392],[-70.5213,43.3925],[-70.5214,43.3932],[-70.5248,43.3928],[-70.525,43.3954],[-70.5225,43.3965],[-70.5241,43.3995],[-70.527,43.4005],[-70.5258,43.4024],[-70.5286,43.4044],[-70.5318,43.4048],[-70.5335,43.4059],[-70.5355,43.4083],[-70.5367,43.4131],[-70.5381,43.4148],[-70.5361,43.4169],[-70.5372,43.4187],[-70.5397,43.4194],[-70.5401,43.4205],[-70.5451,43.4231],[-70.5416,43.4251],[-70.5432,43.4264],[-70.5426,43.4274],[-70.5436,43.4277],[-70.5424,43.4288],[-70.5436,43.4299],[-70.545,43.43],[-70.5452,43.429],[-70.5494,43.4299],[-70.5498,43.4325],[-70.5507,43.4315],[-70.5529,43.4317],[-70.5535,43.432],[-70.553,43.4327],[-70.5544,43.4331],[-70.554,43.4341],[-70.555,43.4337],[-70.5567,43.435],[-70.5541,43.4377],[-70.5553,43.4385],[-70.5584,43.4388],[-70.5552,43.4404],[-70.5566,43.4405],[-70.5566,43.4424],[-70.5582,43.4425],[-70.5575,43.4441],[-70.5587,43.4445],[-70.5576,43.4459],[-70.5619,43.4486],[-70.5609,43.4495],[-70.5658,43.4502],[-70.5664,43.4499],[-70.5658,43.4487],[-70.5669,43.4495],[-70.5689,43.4486],[-70.5697,43.4492],[-70.5703,43.4489],[-70.5698,43.4482],[-70.5709,43.4487],[-70.5724,43.4476],[-70.5726,43.4482],[-70.5745,43.4481],[-70.5764,43.4466],[-70.5776,43.448],[-70.5789,43.4481],[-70.5796,43.4505],[-70.5815,43.4508],[-70.5828,43.4517],[-70.5825,43.4522],[-70.5871,43.4526],[-70.5883,43.4512],[-70.5904,43.4523],[-70.5905,43.4554],[-70.5918,43.4565],[-70.5945,43.4556],[-70.5969,43.4568],[-70.5977,43.4555],[-70.6002,43.4562],[-70.5997,43.4579],[-70.6073,43.4575],[-70.5695,43.4963],[-70.4769,43.4526],[-70.4916,43.4284],[-70.4929,43.4158],[-70.4923,43.4129],[-70.4772,43.3817],[-70.4801,43.3824],[-70.4793,43.381],[-70.478,43.3812],[-70.481,43.3788],[-70.4856,43.3774]]]}},{"type":"Feature","properties":{"TOWN":"North Berwick"},"geometry":{"type":"Polygon","coordinates":[[[-70.7629,43.3933],[-70.7587,43.3903],[-70.7568,43.3902],[-70.7576,43.3885],[-70.7541,43.3882],[-70.7521,43.3889],[-70.7518,43.3879],[-70.7491,43.388],[-70.748,43.3859],[-70.7492,43.3852],[-70.7499,43.3813],[-70.7482,43.3793],[-70.746,43.3794],[-70.742,43.3766],[-70.7404,43.372],[-70.7415,43.37],[-70.7412,43.3671],[-70.7385,43.3648],[-70.7366,43.3603],[-70.7343,43.3592],[-70.7236,43.3336],[-70.7093,43.3025],[-70.7604,43.2698],[-70.7861,43.2956],[-70.8572,43.3725],[-70.8461,43.3788],[-70.7916,43.4167],[-70.7637,43.3958],[-70.7629,43.3933]]]}},{"type":"Feature","properties":{"TOWN":"Ogunquit"},"geometry":{"type":"Polygon","coordinates":[[[-70.5845,43.2307],[-70.6512,43.2601],[-70.65,43.2625],[-70.6502,43.2638],[-70.6492,43.2644],[-70.6429,43.2643],[-70.6357,43.2635],[-70.6318,43.2654],[-70.6305,43.2652],[-70.6301,43.2639],[-70.6293,43.2642],[-70.6279,43.2627],[-70.6273,43.2641],[-70.6254,43.2639],[-70.6214,43.2666],[-70.6168,43.2664],[-70.6135,43.2677],[-70.6095,43.2645],[-70.6061,43.269],[-70.599,43.2699],[-70.5983,43.2712],[-70.5977,43.2708],[-70.5955,43.2716],[-70.5942,43.2713],[-70.5917,43.2684],[-70.5897,43.2688],[-70.5208,43.2521],[-70.5154,43.2473],[-70.5124,43.2427],[-70.5063,43.2249],[-70.5063,43.2188],[-70.5094,43.2078],[-70.5845,43.2307]]]}},{"type":"Feature","properties":{"TOWN":"South Berwick"},"geometry":{"type":"Polygon","coordinates":[[[-70.8223,43.181],[-70.8247,43.1798],[-70.8283,43.1878],[-70.826,43.1902],[-70.8204,43.1918],[-70.8193,43.193],[-70.8191,43.1951],[-70.8207,43.1995],[-70.8188,43.2067],[-70.8166,43.2113],[-70.8169,43.2146],[-70.8129,43.2174],[-70.8125,43.2186],[-70.8135,43.22],[-70.8095,43.2249],[-70.8123,43.2287],[-70.8172,43.2294],[-70.8174,43.2303],[-70.8155,43.2335],[-70.8176,43.2377],[-70.8135,43.2397],[-70.808,43.245],[-70.8018,43.2425],[-70.7093,43.3025],[-70.7021,43.2835],[-70.6529,43.2609],[-70.7545,43.1976],[-70.8103,43.1818],[-70.8127,43.1825],[-70.8223,43.181]]]}},{"type":"Feature","properties":{"TOWN":"Eliot"},"geometry":{"type":"Polygon","coordinates":[[[-70.7678,43.0936],[-70.7794,43.0961],[-70.7835,43.1007],[-70.7975,43.1089],[-70.8044,43.1144],[-70.8251,43.1255],[-70.8274,43.1278],[-70.8291,43.1315],[-70.8298,43.1377],[-70.8332,43.1445],[-70.8335,43.1478],[-70.829,43.1586],[-70.8278,43.1705],[-70.8237,43.1739],[-70.8247,43.1798],[-70.8203,43.1817],[-70.8191,43.1812],[-70.8127,43.1825],[-70.8103,43.1818],[-70.7545,43.1976],[-70.7574,43.1923],[-70.7448,43.1543],[-70.7332,43.1483],[-70.7585,43.1223],[-70.7694,43.1086],[-70.7744,43.1066],[-70.7749,43.1048],[-70.7694,43.1025],[-70.7653,43.0994],[-70.7678,43.0936]]]}},{"type":"Feature","properties":{"TOWN":"Kittery"},"geometry":{"type":"Polygon","coordinates":[[[-70.7678,43.0936],[-70.7654,43.0996],[-70.7703,43.103],[-70.7749,43.1048],[-70.7744,43.1066],[-70.7694,43.1086],[-70.7585,43.1223],[-70.7332,43.1483],[-70.7024,43.1327],[-70.6746,43.1172],[-70.6704,43.1139],[-70.6695,43.1098],[-70.6647,43.1063],[-70.6642,43.105],[-70.6617,43.104],[-70.6624,43.1012],[-70.5858,43.081],[-70.5878,43.0739],[-70.5906,43.0674],[-70.5997,43.057],[-70.5842,43.0553],[-70.5731,43.0529],[-70.5584,43.0473],[-70.5461,43.0381],[-70.5422,43.034],[-70.5325,43.02],[-70.5302,43.0142],[-70.5289,43.0058],[-70.5315,42.9942],[-70.5347,42.9885],[-70.5342,42.9865],[-70.5345,42.9816],[-70.5364,42.9709],[-70.5357,42.9668],[-70.5362,42.9547],[-70.5402,42.944],[-70.5422,42.941],[-70.553,42.9293],[-70.5659,42.9209],[-70.5751,42.9171],[-70.5819,42.9383],[-70.5876,42.9492],[-70.596,42.9614],[-70.6112,42.979],[-70.624,42.9821],[-70.6307,42.9853],[-70.7012,43.0452],[-70.7063,43.0753],[-70.738,43.0737],[-70.7408,43.0768],[-70.743,43.078],[-70.7562,43.0801],[-70.758,43.0815],[-70.7639,43.0909],[-70.7678,43.0936]]]}},{"type":"Feature","properties":{"TOWN":"Edmunds Twp"},"geometry":{"type":"Polygon","coordinates":[[[-67.1465,44.8784],[-67.1431,44.8309],[-67.1537,44.8166],[-67.1595,44.8144],[-67.1612,44.8128],[-67.1627,44.81],[-67.1631,44.8041],[-67.1645,44.8018],[-67.1699,44.7994],[-67.186,44.8258],[-67.2533,44.805],[-67.2897,44.8678],[-67.3144,44.9135],[-67.2858,44.9217],[-67.2839,44.9213],[-67.2845,44.9207],[-67.2833,44.9185],[-67.2816,44.9198],[-67.282,44.9184],[-67.2712,44.9167],[-67.2687,44.9181],[-67.2673,44.9169],[-67.2693,44.9153],[-67.2678,44.9116],[-67.2698,44.9103],[-67.2697,44.9089],[-67.2707,44.9079],[-67.2705,44.9023],[-67.2638,44.8994],[-67.2596,44.9007],[-67.2575,44.9001],[-67.2562,44.9014],[-67.2526,44.9028],[-67.2461,44.9002],[-67.2428,44.9006],[-67.2387,44.8964],[-67.2376,44.8938],[-67.2338,44.8932],[-67.2297,44.8907],[-67.2277,44.8928],[-67.2264,44.8932],[-67.2278,44.904],[-67.227,44.9061],[-67.2212,44.9064],[-67.2156,44.9053],[-67.2139,44.906],[-67.2133,44.9084],[-67.2095,44.91],[-67.2078,44.9101],[-67.2045,44.9087],[-67.1958,44.9103],[-67.1743,44.9016],[-67.1465,44.8784]],[[-67.1549,44.823],[-67.155,44.8225],[-67.1547,44.8225],[-67.1549,44.823]],[[-67.1622,44.8854],[-67.1636,44.8855],[-67.1613,44.8834],[-67.1626,44.8828],[-67.1622,44.8822],[-67.1632,44.8815],[-67.1626,44.8811],[-67.1625,44.8797],[-67.1635,44.8798],[-67.1635,44.8789],[-67.1616,44.8778],[-67.1601,44.8782],[-67.1582,44.8765],[-67.1565,44.8771],[-67.1559,44.8784],[-67.1595,44.8788],[-67.1599,44.8804],[-67.1588,44.8807],[-67.1594,44.8816],[-67.1584,44.8822],[-67.1622,44.8854]],[[-67.1735,44.8889],[-67.1746,44.8908],[-67.1776,44.8897],[-67.1746,44.8883],[-67.1735,44.8889]],[[-67.1517,44.874],[-67.1527,44.8738],[-67.1518,44.8729],[-67.1532,44.8728],[-67.1515,44.8721],[-67.1517,44.874]],[[-67.1645,44.8802],[-67.1661,44.8816],[-67.1669,44.8816],[-67.1658,44.8803],[-67.1645,44.8802]],[[-67.1556,44.8719],[-67.1559,44.8708],[-67.1547,44.8706],[-67.1538,44.8714],[-67.1556,44.8719]],[[-67.1504,44.8716],[-67.1504,44.8706],[-67.1492,44.8702],[-67.1504,44.8716]],[[-67.1506,44.8686],[-67.1503,44.8692],[-67.1513,44.8694],[-67.1506,44.8686]],[[-67.1475,44.8498],[-67.1486,44.8506],[-67.1488,44.8505],[-67.1482,44.8498],[-67.1475,44.8498]],[[-67.1522,44.8351],[-67.1518,44.8358],[-67.1528,44.8353],[-67.1522,44.8351]],[[-67.1684,44.8915],[-67.1681,44.892],[-67.1686,44.8919],[-67.1684,44.8915]],[[-67.1875,44.8907],[-67.188,44.8906],[-67.1873,44.8903],[-67.1875,44.8907]],[[-67.1479,44.8368],[-67.1482,44.8374],[-67.1485,44.8369],[-67.1479,44.8368]],[[-67.1495,44.843],[-67.1499,44.8434],[-67.1498,44.843],[-67.1495,44.843]],[[-67.1914,44.8909],[-67.1915,44.8913],[-67.1918,44.891],[-67.1914,44.8909]],[[-67.1517,44.8419],[-67.1519,44.8425],[-67.1521,44.8424],[-67.1517,44.8419]],[[-67.1502,44.8242],[-67.1502,44.8246],[-67.1504,44.8246],[-67.1502,44.8242]],[[-67.1459,44.853],[-67.146,44.8528],[-67.1458,44.8528],[-67.1459,44.853]],[[-67.1481,44.8417],[-67.1483,44.842],[-67.1484,44.8418],[-67.1481,44.8417]],[[-67.1568,44.8381],[-67.157,44.8384],[-67.1571,44.8384],[-67.1568,44.8381]],[[-67.1482,44.8409],[-67.1483,44.8412],[-67.1484,44.8412],[-67.1482,44.8409]],[[-67.1708,44.8812],[-67.1711,44.8812],[-67.1708,44.8811],[-67.1708,44.8812]],[[-67.1451,44.8526],[-67.1453,44.8528],[-67.1452,44.8525],[-67.1451,44.8526]],[[-67.1672,44.8916],[-67.1674,44.8917],[-67.1675,44.8917],[-67.1672,44.8916]],[[-67.1547,44.87],[-67.1548,44.8699],[-67.1547,44.8699],[-67.1547,44.87]],[[-67.155,44.8702],[-67.155,44.8701],[-67.155,44.8701],[-67.155,44.8702]],[[-67.1627,44.8806],[-67.1628,44.8807],[-67.1628,44.8806],[-67.1627,44.8806]],[[-67.154,44.8707],[-67.154,44.8707],[-67.1541,44.8707],[-67.154,44.8707]]]}},{"type":"Feature","properties":{"TOWN":"Berwick"},"geometry":{"type":"Polygon","coordinates":[[[-70.7604,43.2698],[-70.8018,43.2425],[-70.808,43.245],[-70.8135,43.2397],[-70.8176,43.2377],[-70.8233,43.24],[-70.8243,43.2418],[-70.8274,43.2434],[-70.8379,43.2425],[-70.8388,43.2434],[-70.8385,43.2473],[-70.8411,43.2481],[-70.8396,43.2514],[-70.8425,43.254],[-70.8521,43.2568],[-70.8551,43.2551],[-70.8578,43.256],[-70.8597,43.2577],[-70.8609,43.2627],[-70.8629,43.2648],[-70.865,43.2657],[-70.8701,43.2662],[-70.8727,43.2686],[-70.8727,43.27],[-70.8743,43.2719],[-70.8822,43.2726],[-70.8833,43.2732],[-70.8838,43.2772],[-70.8827,43.2789],[-70.8859,43.2808],[-70.8836,43.2835],[-70.8872,43.2827],[-70.8967,43.2854],[-70.8993,43.2879],[-70.8981,43.2913],[-70.8963,43.2921],[-70.8973,43.2927],[-70.901,43.2914],[-70.9037,43.2924],[-70.9042,43.2913],[-70.9066,43.2921],[-70.9074,43.2937],[-70.9062,43.294],[-70.9039,43.2968],[-70.9006,43.2975],[-70.8978,43.2967],[-70.8963,43.2986],[-70.8989,43.2993],[-70.8995,43.3011],[-70.9021,43.3014],[-70.9015,43.3029],[-70.9026,43.3056],[-70.9037,43.3063],[-70.9048,43.3064],[-70.907,43.3047],[-70.9126,43.3076],[-70.9138,43.3089],[-70.9136,43.3095],[-70.9117,43.3095],[-70.9113,43.3105],[-70.9154,43.3154],[-70.9118,43.3158],[-70.9136,43.3182],[-70.9118,43.3188],[-70.9114,43.3198],[-70.9164,43.3197],[-70.9171,43.3207],[-70.9168,43.3221],[-70.9204,43.3212],[-70.9183,43.3231],[-70.9192,43.3245],[-70.923,43.3233],[-70.925,43.3247],[-70.8572,43.3725],[-70.7861,43.2956],[-70.7604,43.2698]]]}},{"type":"Feature","properties":{"TOWN":"Trescott Twp"},"geometry":{"type":"Polygon","coordinates":[[[-67.1187,44.7063],[-67.1699,44.7994],[-67.1636,44.8027],[-67.1629,44.8094],[-67.1612,44.8128],[-67.1595,44.8144],[-67.1537,44.8166],[-67.1431,44.8309],[-67.1465,44.8784],[-67.1339,44.8801],[-67.1295,44.8797],[-67.1286,44.8807],[-67.1288,44.8827],[-67.1257,44.8847],[-67.1236,44.8886],[-67.1197,44.8898],[-67.1121,44.8903],[-67.1098,44.8916],[-67.1123,44.8883],[-67.1162,44.8866],[-67.1103,44.8796],[-67.1111,44.8751],[-67.1153,44.8662],[-67.1157,44.8624],[-67.0895,44.8147],[-67.0688,44.7797],[-67.0695,44.7757],[-67.0734,44.7703],[-67.0712,44.7697],[-67.0695,44.7678],[-67.0674,44.7693],[-67.0636,44.7685],[-67.0559,44.7646],[-67.0537,44.7621],[-67.0516,44.7565],[-67.0108,44.7173],[-67.024,44.7051],[-67.0351,44.6984],[-67.0393,44.697],[-67.0438,44.688],[-67.0502,44.6811],[-67.0774,44.6607],[-67.1187,44.7063]],[[-67.1388,44.8442],[-67.1385,44.8447],[-67.1386,44.8447],[-67.1388,44.8442]],[[-67.1219,44.8872],[-67.1223,44.8863],[-67.1208,44.8837],[-67.1226,44.8848],[-67.1218,44.8821],[-67.1227,44.8821],[-67.1248,44.8845],[-67.1264,44.8827],[-67.1258,44.8816],[-67.127,44.8818],[-67.1268,44.8811],[-67.1242,44.8797],[-67.1232,44.8803],[-67.1218,44.8796],[-67.1223,44.8788],[-67.1216,44.8783],[-67.1206,44.8786],[-67.1177,44.8769],[-67.1136,44.8763],[-67.1152,44.8802],[-67.1172,44.8807],[-67.1157,44.8813],[-67.1179,44.8833],[-67.1171,44.8847],[-67.1183,44.8859],[-67.1203,44.8859],[-67.1219,44.8872]],[[-67.1388,44.8755],[-67.1404,44.8767],[-67.1412,44.8766],[-67.1406,44.8749],[-67.138,44.873],[-67.1388,44.8755]],[[-67.1198,44.8558],[-67.1205,44.8584],[-67.121,44.8587],[-67.1209,44.8565],[-67.1198,44.8558]],[[-67.1129,44.8506],[-67.1118,44.8496],[-67.1097,44.8494],[-67.1129,44.8506]],[[-67.1445,44.8194],[-67.1431,44.8191],[-67.1429,44.8211],[-67.1433,44.8214],[-67.1445,44.8194]],[[-67.113,44.8513],[-67.1138,44.8529],[-67.1143,44.8527],[-67.1139,44.8514],[-67.113,44.8513]],[[-67.1194,44.8573],[-67.1186,44.8585],[-67.1197,44.8587],[-67.1194,44.8573]],[[-67.1158,44.8468],[-67.1145,44.8466],[-67.1156,44.8475],[-67.1158,44.8468]],[[-67.1095,44.8481],[-67.109,44.8489],[-67.1095,44.8492],[-67.1095,44.8481]],[[-67.1297,44.8216],[-67.1303,44.8223],[-67.1309,44.8223],[-67.1307,44.8218],[-67.1297,44.8216]],[[-67.1439,44.823],[-67.144,44.8239],[-67.1444,44.824],[-67.1439,44.823]],[[-67.1428,44.8169],[-67.1421,44.8176],[-67.142,44.8179],[-67.1428,44.8169]],[[-67.141,44.8476],[-67.1413,44.8483],[-67.1416,44.8479],[-67.141,44.8476]],[[-67.1139,44.8477],[-67.1145,44.8481],[-67.1139,44.8475],[-67.1139,44.8477]],[[-67.1139,44.8467],[-67.1131,44.8468],[-67.1138,44.847],[-67.1139,44.8467]],[[-67.1433,44.8149],[-67.1435,44.8144],[-67.1433,44.8148],[-67.1433,44.8149]],[[-67.1171,44.8837],[-67.1171,44.884],[-67.1173,44.884],[-67.1171,44.8837]],[[-67.1346,44.8683],[-67.1348,44.8685],[-67.1348,44.8683],[-67.1346,44.8683]],[[-67.1152,44.8702],[-67.1152,44.8703],[-67.1153,44.8703],[-67.1152,44.8702]],[[-67.1226,44.8406],[-67.1224,44.8406],[-67.1224,44.8407],[-67.1226,44.8406]],[[-67.1166,44.8534],[-67.1168,44.8535],[-67.1168,44.8534],[-67.1166,44.8534]],[[-67.1213,44.8659],[-67.1213,44.8658],[-67.1212,44.8658],[-67.1213,44.8659]],[[-67.118,44.8559],[-67.1181,44.856],[-67.1181,44.8559],[-67.118,44.8559]],[[-67.1194,44.8557],[-67.1195,44.8557],[-67.1193,44.8557],[-67.1194,44.8557]],[[-67.0812,44.7406],[-67.0812,44.7405],[-67.0811,44.7406],[-67.0812,44.7406]],[[-67.077,44.7409],[-67.0768,44.7408],[-67.0769,44.741],[-67.077,44.7409]],[[-67.0742,44.7415],[-67.0745,44.7412],[-67.0741,44.7414],[-67.0742,44.7415]],[[-67.0869,44.7396],[-67.0867,44.7391],[-67.0856,44.7394],[-67.0861,44.7399],[-67.0869,44.7396]],[[-67.0731,44.7416],[-67.0724,44.7419],[-67.0732,44.7416],[-67.0731,44.7416]],[[-67.0706,44.746],[-67.0696,44.7456],[-67.0693,44.7457],[-67.0706,44.746]],[[-67.1132,44.7392],[-67.1126,44.739],[-67.1124,44.7394],[-67.1132,44.7392]],[[-67.0982,44.7301],[-67.0977,44.7299],[-67.0976,44.7301],[-67.0982,44.7301]],[[-67.1127,44.7374],[-67.112,44.7374],[-67.1119,44.7375],[-67.1127,44.7374]],[[-67.072,44.7456],[-67.0719,44.7453],[-67.0714,44.7457],[-67.072,44.7456]],[[-67.0622,44.7633],[-67.062,44.763],[-67.0617,44.7632],[-67.0622,44.7633]],[[-67.1137,44.7389],[-67.113,44.7387],[-67.1129,44.7388],[-67.1137,44.7389]],[[-67.0747,44.7493],[-67.0743,44.7491],[-67.0742,44.7492],[-67.0747,44.7493]],[[-67.0992,44.7291],[-67.0987,44.7291],[-67.0992,44.7292],[-67.0992,44.7291]],[[-67.0701,44.7508],[-67.0699,44.7506],[-67.0698,44.7506],[-67.0701,44.7508]],[[-67.0628,44.7632],[-67.0625,44.7631],[-67.0624,44.7633],[-67.0628,44.7632]],[[-67.0861,44.7388],[-67.0856,44.7387],[-67.0861,44.7389],[-67.0861,44.7388]],[[-67.102,44.7403],[-67.1015,44.7402],[-67.1015,44.7403],[-67.102,44.7403]],[[-67.0987,44.73],[-67.0983,44.7299],[-67.0982,44.73],[-67.0987,44.73]],[[-67.097,44.7309],[-67.0968,44.7309],[-67.0968,44.7312],[-67.097,44.7309]],[[-67.0752,44.7491],[-67.0749,44.749],[-67.0748,44.7491],[-67.0752,44.7491]],[[-67.1018,44.7279],[-67.1017,44.7278],[-67.1016,44.7278],[-67.1018,44.7279]],[[-67.0867,44.7376],[-67.0864,44.7376],[-67.0867,44.7377],[-67.0867,44.7376]],[[-67.0861,44.7373],[-67.0859,44.7373],[-67.0858,44.7374],[-67.0861,44.7373]],[[-67.0903,44.7425],[-67.0901,44.7426],[-67.0899,44.7426],[-67.0903,44.7425]],[[-67.1111,44.7374],[-67.1108,44.7374],[-67.1108,44.7375],[-67.1111,44.7374]],[[-67.0915,44.743],[-67.0912,44.743],[-67.0911,44.743],[-67.0915,44.743]],[[-67.0838,44.7396],[-67.0835,44.7397],[-67.0837,44.7398],[-67.0838,44.7396]],[[-67.0638,44.753],[-67.0635,44.7531],[-67.0635,44.7532],[-67.0638,44.753]],[[-67.0774,44.7407],[-67.0773,44.7409],[-67.0774,44.741],[-67.0774,44.7407]],[[-67.0976,44.7289],[-67.0973,44.7289],[-67.0977,44.729],[-67.0976,44.7289]],[[-67.0707,44.7502],[-67.0708,44.7504],[-67.0709,44.7502],[-67.0707,44.7502]],[[-67.1017,44.7275],[-67.1015,44.7276],[-67.1016,44.7277],[-67.1017,44.7275]],[[-67.1029,44.7206],[-67.1027,44.7205],[-67.1026,44.7206],[-67.1029,44.7206]],[[-67.1027,44.7261],[-67.1024,44.7263],[-67.1027,44.7262],[-67.1027,44.7261]],[[-67.1037,44.722],[-67.1038,44.7221],[-67.104,44.722],[-67.1037,44.722]],[[-67.075,44.751],[-67.0749,44.7508],[-67.0748,44.751],[-67.075,44.751]],[[-67.0993,44.7289],[-67.0994,44.7291],[-67.0994,44.729],[-67.0993,44.7289]],[[-67.1213,44.7401],[-67.1212,44.7403],[-67.1214,44.7402],[-67.1213,44.7401]],[[-67.0702,44.7503],[-67.0699,44.7503],[-67.0701,44.7504],[-67.0702,44.7503]],[[-67.1184,44.7082],[-67.1182,44.7083],[-67.1182,44.7084],[-67.1184,44.7082]],[[-67.1032,44.7206],[-67.1033,44.7208],[-67.1034,44.7206],[-67.1032,44.7206]],[[-67.0859,44.7375],[-67.086,44.7376],[-67.0861,44.7375],[-67.0859,44.7375]],[[-67.0981,44.7287],[-67.0981,44.7289],[-67.0983,44.7288],[-67.0981,44.7287]],[[-67.0706,44.7502],[-67.0705,44.7503],[-67.0703,44.7503],[-67.0706,44.7502]],[[-67.0768,44.7509],[-67.0766,44.7509],[-67.0768,44.751],[-67.0768,44.7509]],[[-67.0745,44.7507],[-67.0744,44.7508],[-67.0745,44.7507],[-67.0745,44.7507]],[[-67.0726,44.7507],[-67.0725,44.7506],[-67.0726,44.7508],[-67.0726,44.7507]],[[-67.0712,44.7504],[-67.071,44.7503],[-67.0711,44.7505],[-67.0712,44.7504]],[[-67.0823,44.7399],[-67.0822,44.74],[-67.0824,44.74],[-67.0823,44.7399]],[[-67.0697,44.7506],[-67.0695,44.7506],[-67.0696,44.7507],[-67.0697,44.7506]],[[-67.1072,44.7166],[-67.107,44.7167],[-67.1072,44.7167],[-67.1072,44.7166]],[[-67.0946,44.7424],[-67.0946,44.7426],[-67.0947,44.7425],[-67.0946,44.7424]],[[-67.1024,44.7257],[-67.1025,44.7259],[-67.1025,44.7258],[-67.1024,44.7257]],[[-67.0876,44.7413],[-67.0874,44.7413],[-67.0877,44.7414],[-67.0876,44.7413]],[[-67.1045,44.7219],[-67.1044,44.722],[-67.1045,44.722],[-67.1045,44.7219]],[[-67.104,44.7181],[-67.1039,44.7181],[-67.104,44.7181],[-67.104,44.7181]],[[-67.0879,44.7423],[-67.0878,44.7423],[-67.088,44.7423],[-67.0879,44.7423]],[[-67.0636,44.7526],[-67.0636,44.7527],[-67.0637,44.7526],[-67.0636,44.7526]],[[-67.1084,44.7151],[-67.1084,44.7152],[-67.1085,44.7151],[-67.1084,44.7151]],[[-67.0716,44.7507],[-67.0715,44.7506],[-67.0715,44.7507],[-67.0716,44.7507]],[[-67.102,44.7401],[-67.102,44.7402],[-67.102,44.7401],[-67.102,44.7401]],[[-67.074,44.7434],[-67.074,44.7435],[-67.074,44.7434],[-67.074,44.7434]],[[-67.0722,44.7506],[-67.0721,44.7506],[-67.0721,44.7507],[-67.0722,44.7506]],[[-67.0732,44.751],[-67.0731,44.7511],[-67.0732,44.7511],[-67.0732,44.751]],[[-67.0975,44.732],[-67.0976,44.7321],[-67.0976,44.732],[-67.0975,44.732]],[[-67.1034,44.7197],[-67.1033,44.7197],[-67.1035,44.7197],[-67.1034,44.7197]],[[-67.1034,44.74],[-67.1033,44.7401],[-67.1034,44.7401],[-67.1034,44.74]],[[-67.0631,44.7587],[-67.0629,44.7586],[-67.0629,44.7587],[-67.0631,44.7587]],[[-67.0865,44.7391],[-67.0865,44.7392],[-67.0866,44.7391],[-67.0865,44.7391]],[[-67.0871,44.7375],[-67.0871,44.7376],[-67.0872,44.7376],[-67.0871,44.7375]],[[-67.1034,44.7194],[-67.1035,44.7195],[-67.1035,44.7194],[-67.1034,44.7194]],[[-67.0733,44.7447],[-67.0732,44.7448],[-67.0733,44.7448],[-67.0733,44.7447]],[[-67.0782,44.7411],[-67.0783,44.7412],[-67.0784,44.7411],[-67.0782,44.7411]],[[-67.1027,44.7255],[-67.1026,44.7256],[-67.1027,44.7256],[-67.1027,44.7255]],[[-67.0864,44.7374],[-67.0863,44.7375],[-67.0864,44.7375],[-67.0864,44.7374]],[[-67.1142,44.7374],[-67.1143,44.7374],[-67.1143,44.7374],[-67.1142,44.7374]],[[-67.1028,44.726],[-67.1028,44.7261],[-67.1029,44.726],[-67.1028,44.726]],[[-67.1158,44.738],[-67.1158,44.738],[-67.1158,44.738],[-67.1158,44.738]],[[-67.1012,44.7286],[-67.1011,44.7286],[-67.1012,44.7286],[-67.1012,44.7286]],[[-67.1109,44.7373],[-67.111,44.7373],[-67.1108,44.7373],[-67.1109,44.7373]],[[-67.1114,44.7113],[-67.1113,44.7114],[-67.1114,44.7114],[-67.1114,44.7113]],[[-67.1075,44.7166],[-67.1076,44.7167],[-67.1076,44.7166],[-67.1075,44.7166]],[[-67.0728,44.7509],[-67.0727,44.751],[-67.0728,44.751],[-67.0728,44.7509]],[[-67.0783,44.7412],[-67.0783,44.7413],[-67.0783,44.7413],[-67.0783,44.7412]],[[-67.1126,44.7373],[-67.1127,44.7373],[-67.1127,44.7373],[-67.1126,44.7373]],[[-67.0998,44.7292],[-67.0999,44.7293],[-67.0999,44.7293],[-67.0998,44.7292]],[[-67.084,44.7396],[-67.0841,44.7397],[-67.0841,44.7396],[-67.084,44.7396]],[[-67.1021,44.7274],[-67.1021,44.7275],[-67.1022,44.7274],[-67.1021,44.7274]],[[-67.115,44.7374],[-67.1152,44.7374],[-67.1152,44.7374],[-67.115,44.7374]],[[-67.0742,44.7433],[-67.0742,44.7434],[-67.0742,44.7433],[-67.0742,44.7433]],[[-67.0948,44.7423],[-67.0949,44.7423],[-67.0949,44.7423],[-67.0948,44.7423]],[[-67.0733,44.7425],[-67.0733,44.7425],[-67.0734,44.7424],[-67.0733,44.7425]],[[-67.1028,44.7261],[-67.1029,44.7262],[-67.1029,44.7261],[-67.1028,44.7261]],[[-67.0863,44.7386],[-67.0863,44.7387],[-67.0863,44.7386],[-67.0863,44.7386]],[[-67.0721,44.7453],[-67.0721,44.7453],[-67.0721,44.7453],[-67.0721,44.7453]],[[-67.1029,44.7261],[-67.103,44.7261],[-67.103,44.7261],[-67.1029,44.7261]],[[-67.0831,44.7407],[-67.0831,44.7408],[-67.0832,44.7408],[-67.0831,44.7407]],[[-67.0788,44.7413],[-67.0789,44.7413],[-67.0788,44.7413],[-67.0788,44.7413]],[[-67.0734,44.7422],[-67.0735,44.7422],[-67.0735,44.7422],[-67.0734,44.7422]]]}},{"type":"Feature","properties":{"TOWN":"Scarborough"},"geometry":{"type":"Polygon","coordinates":[[[-70.37,43.6422],[-70.2735,43.5936],[-70.2725,43.5911],[-70.2735,43.5906],[-70.272,43.5903],[-70.2718,43.5909],[-70.2669,43.5913],[-70.2647,43.5896],[-70.264,43.59],[-70.2646,43.5888],[-70.2629,43.5892],[-70.263,43.5886],[-70.2617,43.5884],[-70.2621,43.5877],[-70.2612,43.5882],[-70.2596,43.587],[-70.2589,43.5884],[-70.2579,43.5882],[-70.2575,43.5878],[-70.2588,43.5872],[-70.2586,43.5865],[-70.2565,43.587],[-70.2568,43.5849],[-70.2548,43.5843],[-70.257,43.5832],[-70.2587,43.5807],[-70.2626,43.5803],[-70.2634,43.5797],[-70.2639,43.5778],[-70.2706,43.5748],[-70.2739,43.5681],[-70.2722,43.5657],[-70.271,43.5612],[-70.2723,43.5585],[-70.2736,43.5511],[-70.1842,43.4986],[-70.1997,43.4842],[-70.209,43.4779],[-70.2221,43.4669],[-70.2822,43.5001],[-70.4231,43.5702],[-70.4535,43.5859],[-70.4518,43.5875],[-70.492,43.6068],[-70.4685,43.6313],[-70.4348,43.6142],[-70.4261,43.6217],[-70.3922,43.6558],[-70.37,43.6422]]]}},{"type":"Feature","properties":{"TOWN":"Shapleigh"},"geometry":{"type":"Polygon","coordinates":[[[-70.9085,43.5976],[-70.9039,43.5982],[-70.9016,43.5975],[-70.8997,43.5953],[-70.8938,43.5953],[-70.8915,43.5971],[-70.89,43.6001],[-70.8899,43.6028],[-70.8857,43.6041],[-70.881,43.6035],[-70.8797,43.6024],[-70.8765,43.6018],[-70.8758,43.604],[-70.8743,43.604],[-70.872,43.606],[-70.8683,43.6074],[-70.867,43.6094],[-70.8642,43.6114],[-70.8621,43.6118],[-70.8623,43.6123],[-70.8581,43.6157],[-70.8569,43.6201],[-70.8593,43.6202],[-70.8607,43.622],[-70.8633,43.622],[-70.8639,43.6233],[-70.8112,43.6277],[-70.7956,43.5633],[-70.7803,43.4919],[-70.8315,43.487],[-70.8289,43.4743],[-70.8628,43.4702],[-70.8664,43.4927],[-70.8617,43.4978],[-70.8605,43.502],[-70.8577,43.5042],[-70.8598,43.5099],[-70.8645,43.5168],[-70.866,43.5349],[-70.8669,43.5359],[-70.8687,43.5357],[-70.8719,43.5336],[-70.8715,43.5325],[-70.8724,43.5309],[-70.8738,43.5305],[-70.8752,43.5312],[-70.8792,43.5468],[-70.8881,43.5586],[-70.8926,43.568],[-70.8983,43.5723],[-70.9085,43.5976]]]}},{"type":"Feature","properties":{"TOWN":"Harrison"},"geometry":{"type":"Polygon","coordinates":[[[-70.6996,44.1231],[-70.6893,44.1278],[-70.6959,44.1342],[-70.6245,44.171],[-70.608,44.1541],[-70.6044,44.1541],[-70.6018,44.1528],[-70.6006,44.1496],[-70.5987,44.1498],[-70.5966,44.146],[-70.5966,44.1453],[-70.5991,44.1442],[-70.5985,44.1428],[-70.5951,44.1448],[-70.5945,44.1429],[-70.5959,44.1415],[-70.5942,44.1386],[-70.5955,44.1374],[-70.5936,44.135],[-70.5922,44.1346],[-70.5923,44.1335],[-70.59,44.133],[-70.591,44.1304],[-70.5906,44.1295],[-70.5921,44.129],[-70.5884,44.1238],[-70.5873,44.1243],[-70.5873,44.1225],[-70.5892,44.1224],[-70.5915,44.1184],[-70.5943,44.1168],[-70.5958,44.1144],[-70.5989,44.112],[-70.6022,44.1076],[-70.6027,44.1045],[-70.6043,44.1037],[-70.6062,44.1013],[-70.6062,44.0991],[-70.6043,44.0984],[-70.6041,44.0976],[-70.6052,44.0959],[-70.6067,44.0957],[-70.6054,44.0946],[-70.6047,44.0919],[-70.6056,44.0895],[-70.603,44.0888],[-70.6058,44.084],[-70.6059,44.0817],[-70.6091,44.079],[-70.609,44.0768],[-70.608,44.0761],[-70.6089,44.0754],[-70.6082,44.0743],[-70.61,44.0729],[-70.6094,44.0721],[-70.6107,44.072],[-70.6119,44.0706],[-70.6089,44.0695],[-70.6089,44.0677],[-70.6135,44.0666],[-70.6118,44.0651],[-70.6124,44.063],[-70.614,44.063],[-70.6141,44.062],[-70.6105,44.061],[-70.6092,44.0587],[-70.6093,44.055],[-70.607,44.0536],[-70.6079,44.0519],[-70.6067,44.0507],[-70.6037,44.0502],[-70.6044,44.0485],[-70.6036,44.0464],[-70.6048,44.0459],[-70.6035,44.0453],[-70.6045,44.0445],[-70.603,44.0445],[-70.6022,44.0435],[-70.6037,44.0425],[-70.6038,44.0415],[-70.6006,44.0398],[-70.5975,44.0394],[-70.5984,44.0383],[-70.5971,44.0381],[-70.5954,44.0357],[-70.5927,44.035],[-70.5957,44.0335],[-70.5945,44.0331],[-70.5962,44.033],[-70.5956,44.0321],[-70.6334,44.0129],[-70.6403,44.0105],[-70.6469,44.0174],[-70.6486,44.0253],[-70.6568,44.0384],[-70.6596,44.0411],[-70.6676,44.0456],[-70.679,44.0595],[-70.6795,44.0619],[-70.6773,44.0675],[-70.6775,44.069],[-70.6791,44.074],[-70.6823,44.0768],[-70.6845,44.0802],[-70.6886,44.0944],[-70.6879,44.0971],[-70.6843,44.0997],[-70.6843,44.1036],[-70.6868,44.1076],[-70.6895,44.1098],[-70.6893,44.1114],[-70.6996,44.1231]]]}},{"type":"Feature","properties":{"TOWN":"Searsport"},"geometry":{"type":"Polygon","coordinates":[[[-68.8509,44.4181],[-68.8531,44.4124],[-68.8866,44.4109],[-68.9354,44.4051],[-68.9555,44.4005],[-68.9578,44.4286],[-68.9631,44.4479],[-68.9637,44.4478],[-68.9662,44.4576],[-68.9691,44.4572],[-68.9715,44.4665],[-68.9745,44.4662],[-68.9768,44.475],[-68.978,44.4749],[-68.9815,44.4873],[-68.9782,44.4889],[-68.9812,44.492],[-68.9656,44.4991],[-68.9824,44.5587],[-68.9385,44.5652],[-68.9401,44.561],[-68.9398,44.5585],[-68.9386,44.5559],[-68.9322,44.5523],[-68.9164,44.5008],[-68.8858,44.5046],[-68.8814,44.49],[-68.8793,44.4916],[-68.8663,44.4854],[-68.8667,44.4851],[-68.8608,44.4787],[-68.8604,44.4766],[-68.8612,44.4741],[-68.8663,44.4685],[-68.8676,44.466],[-68.868,44.4592],[-68.8661,44.4469],[-68.8627,44.4329],[-68.8577,44.4233],[-68.8509,44.4181]]]}},{"type":"Feature","properties":{"TOWN":"Northport"},"geometry":{"type":"Polygon","coordinates":[[[-68.9314,44.3803],[-68.9297,44.3588],[-68.9301,44.3465],[-68.9311,44.3444],[-68.9376,44.3376],[-68.9461,44.3159],[-68.9454,44.3104],[-68.9458,44.3082],[-68.9623,44.2868],[-68.9789,44.2709],[-69.0086,44.3195],[-69.0121,44.3212],[-69.0165,44.3219],[-69.0242,44.3245],[-69.0305,44.3312],[-69.0485,44.3416],[-69.0512,44.3455],[-69.0823,44.3609],[-69.0656,44.373],[-69.0606,44.3674],[-69.0067,44.3906],[-68.9995,44.396],[-68.9967,44.3931],[-68.9909,44.395],[-68.9884,44.394],[-68.9354,44.4051],[-68.9314,44.3803]]]}},{"type":"Feature","properties":{"TOWN":"Old Orchard Beach"},"geometry":{"type":"Polygon","coordinates":[[[-70.3882,43.4975],[-70.3908,43.4962],[-70.3945,43.4968],[-70.3959,43.4962],[-70.3975,43.4965],[-70.3968,43.4977],[-70.3983,43.4971],[-70.3992,43.4984],[-70.4006,43.4982],[-70.401,43.4992],[-70.4019,43.4985],[-70.4037,43.4992],[-70.4044,43.4979],[-70.4066,43.4992],[-70.4094,43.4991],[-70.4145,43.5029],[-70.4149,43.5081],[-70.4166,43.5095],[-70.4164,43.5126],[-70.4174,43.5143],[-70.4158,43.5175],[-70.4148,43.5179],[-70.4152,43.5184],[-70.4253,43.5177],[-70.3901,43.5537],[-70.2822,43.5001],[-70.2221,43.4669],[-70.2275,43.4617],[-70.3882,43.4975]],[[-70.3163,43.5027],[-70.3139,43.5024],[-70.3137,43.5039],[-70.3114,43.5037],[-70.3102,43.5056],[-70.3074,43.5065],[-70.3126,43.5069],[-70.3136,43.506],[-70.3137,43.5043],[-70.3148,43.5042],[-70.3145,43.5031],[-70.3163,43.5027]],[[-70.3161,43.5102],[-70.3176,43.5105],[-70.32,43.5083],[-70.3176,43.5077],[-70.3161,43.5102]],[[-70.3083,43.5015],[-70.3088,43.5013],[-70.3082,43.5013],[-70.3083,43.5015]],[[-70.3156,43.5067],[-70.3159,43.5066],[-70.3155,43.5065],[-70.3156,43.5067]]]}},{"type":"Feature","properties":{"TOWN":"Gray"},"geometry":{"type":"Polygon","coordinates":[[[-70.2532,43.8934],[-70.3244,43.8198],[-70.4454,43.8819],[-70.4255,43.9033],[-70.3745,43.9552],[-70.2532,43.8934]]]}},{"type":"Feature","properties":{"TOWN":"Hiram"},"geometry":{"type":"Polygon","coordinates":[[[-70.7439,43.8859],[-70.7653,43.8715],[-70.7663,43.8772],[-70.7805,43.8682],[-70.7815,43.8739],[-70.7982,43.8633],[-70.7928,43.8588],[-70.7935,43.8574],[-70.7974,43.8586],[-70.7993,43.8583],[-70.8016,43.8561],[-70.7993,43.8538],[-70.795,43.8521],[-70.7957,43.8505],[-70.7925,43.8473],[-70.7923,43.8457],[-70.7948,43.8411],[-70.7945,43.8347],[-70.7925,43.8332],[-70.7895,43.8336],[-70.7871,43.8326],[-70.7853,43.8284],[-70.7816,43.8232],[-70.7835,43.8174],[-70.783,43.8141],[-70.7856,43.8134],[-70.7886,43.8142],[-70.7916,43.8129],[-70.7946,43.8102],[-70.7974,43.8097],[-70.7983,43.8084],[-70.7968,43.8064],[-70.7988,43.8064],[-70.7996,43.8081],[-70.8023,43.8096],[-70.8048,43.808],[-70.8069,43.8097],[-70.8089,43.8102],[-70.81,43.8096],[-70.8099,43.8078],[-70.8112,43.8075],[-70.8121,43.8086],[-70.8119,43.8106],[-70.815,43.8115],[-70.8193,43.8097],[-70.8219,43.8072],[-70.8249,43.8076],[-70.8274,43.8067],[-70.8302,43.8089],[-70.8407,43.81],[-70.8428,43.8091],[-70.8436,43.8074],[-70.8496,43.8067],[-70.853,43.8045],[-70.8554,43.8054],[-70.8613,43.8047],[-70.861,43.8069],[-70.8625,43.8077],[-70.8648,43.8079],[-70.8658,43.8065],[-70.8696,43.8068],[-70.8728,43.8082],[-70.8759,43.8083],[-70.879,43.8107],[-70.8807,43.8109],[-70.8878,43.8301],[-70.8944,43.8522],[-70.887,43.8888],[-70.8735,43.8891],[-70.866,43.8929],[-70.863,43.8928],[-70.8341,43.9102],[-70.7298,43.9283],[-70.7525,43.914],[-70.7531,43.9128],[-70.7525,43.9119],[-70.7545,43.9087],[-70.7556,43.9087],[-70.7579,43.9069],[-70.7571,43.9051],[-70.7577,43.9011],[-70.7569,43.8998],[-70.7552,43.8886],[-70.7506,43.8883],[-70.7497,43.8876],[-70.7509,43.8861],[-70.7503,43.8859],[-70.7439,43.8859]]]}},{"type":"Feature","properties":{"TOWN":"North Yarmouth"},"geometry":{"type":"Polygon","coordinates":[[[-70.1739,43.8429],[-70.1793,43.84],[-70.1799,43.8405],[-70.1821,43.8397],[-70.1813,43.839],[-70.1819,43.8386],[-70.1866,43.8428],[-70.188,43.8421],[-70.1832,43.8379],[-70.1855,43.8365],[-70.186,43.8352],[-70.191,43.84],[-70.1945,43.8385],[-70.1891,43.8329],[-70.2206,43.8151],[-70.2183,43.8129],[-70.221,43.8098],[-70.2199,43.8088],[-70.2218,43.8064],[-70.2185,43.8054],[-70.2201,43.8039],[-70.2229,43.8022],[-70.2279,43.8069],[-70.232,43.8047],[-70.2299,43.8032],[-70.2324,43.8012],[-70.2371,43.8034],[-70.2369,43.8063],[-70.2362,43.8069],[-70.2423,43.8121],[-70.2459,43.8075],[-70.2526,43.8111],[-70.25,43.814],[-70.2563,43.8169],[-70.2535,43.8198],[-70.2675,43.8265],[-70.2653,43.8285],[-70.2723,43.8336],[-70.269,43.8364],[-70.2713,43.8386],[-70.2763,43.8337],[-70.2791,43.8346],[-70.2803,43.8334],[-70.2852,43.8358],[-70.2845,43.8365],[-70.2883,43.8385],[-70.2839,43.8417],[-70.2964,43.8488],[-70.2486,43.8983],[-70.2112,43.8904],[-70.216,43.8818],[-70.1798,43.8481],[-70.1774,43.8462],[-70.1756,43.8458],[-70.1739,43.8429]]]}},{"type":"Feature","properties":{"TOWN":"Alexander"},"geometry":{"type":"Polygon","coordinates":[[[-67.4547,45.1495],[-67.3745,45.0597],[-67.4604,45.0335],[-67.4615,45.0353],[-67.5034,45.0232],[-67.5131,45.0402],[-67.511,45.0408],[-67.5177,45.0528],[-67.5199,45.0523],[-67.5423,45.0918],[-67.5602,45.0865],[-67.574,45.1147],[-67.5153,45.13],[-67.4547,45.1495]]]}},{"type":"Feature","properties":{"TOWN":" "},"geometry":{"type":"MultiPolygon","coordinates":[[[[-67.1,44.5003],[-67.1004,44.5014],[-67.0989,44.5023],[-67.0989,44.5009],[-67.1,44.5003]]],[[[-67.0963,44.5034],[-67.0964,44.504],[-67.0957,44.5037],[-67.0963,44.5034]]],[[[-67.0852,44.531],[-67.0855,44.5313],[-67.085,44.5313],[-67.0852,44.531]]]]}},{"type":"Feature","properties":{"TOWN":"T30 MD BPP"},"geometry":{"type":"Polygon","coordinates":[[[-67.8357,44.8839],[-67.9597,44.8662],[-67.9819,44.9559],[-67.8609,44.973],[-67.8357,44.8839]]]}},{"type":"Feature","properties":{"TOWN":"T24 MD BPP"},"geometry":{"type":"Polygon","coordinates":[[[-67.8105,44.795],[-67.9365,44.7777],[-67.9597,44.8662],[-67.8357,44.8839],[-67.8105,44.795]]]}},{"type":"Feature","properties":{"TOWN":"Thomaston"},"geometry":{"type":"Polygon","coordinates":[[[-69.1943,44.064],[-69.1952,44.063],[-69.2001,44.0637],[-69.1991,44.0648],[-69.2059,44.0659],[-69.2119,44.0699],[-69.2133,44.0715],[-69.2136,44.0744],[-69.2176,44.077],[-69.2191,44.079],[-69.2144,44.0804],[-69.2146,44.0838],[-69.2139,44.0847],[-69.2116,44.0848],[-69.2096,44.0838],[-69.2075,44.0848],[-69.2102,44.0912],[-69.2028,44.0992],[-69.1996,44.0996],[-69.1997,44.1037],[-69.1975,44.1041],[-69.1973,44.1069],[-69.1954,44.1069],[-69.1955,44.1082],[-69.1934,44.1114],[-69.1939,44.1129],[-69.1931,44.1131],[-69.1853,44.1278],[-69.1516,44.1193],[-69.1541,44.1179],[-69.1548,44.1162],[-69.1572,44.1142],[-69.1413,44.1094],[-69.1421,44.1074],[-69.1431,44.1073],[-69.1436,44.1059],[-69.1454,44.1051],[-69.1465,44.103],[-69.1477,44.1025],[-69.1425,44.1007],[-69.1404,44.1038],[-69.1323,44.0984],[-69.1324,44.0964],[-69.1343,44.0944],[-69.1338,44.0904],[-69.1307,44.0857],[-69.1289,44.0872],[-69.1289,44.0862],[-69.1318,44.084],[-69.1333,44.0838],[-69.134,44.0827],[-69.1334,44.0823],[-69.1345,44.0818],[-69.1337,44.0815],[-69.1349,44.0816],[-69.1371,44.0793],[-69.1391,44.0782],[-69.1408,44.0781],[-69.1414,44.0787],[-69.1725,44.0743],[-69.1718,44.0719],[-69.1703,44.0711],[-69.1706,44.0701],[-69.1816,44.0655],[-69.1848,44.0625],[-69.1943,44.064]]]}},{"type":"Feature","properties":{"TOWN":"Litchfield"},"geometry":{"type":"Polygon","coordinates":[[[-69.8481,44.1705],[-69.856,44.168],[-69.859,44.1654],[-69.8672,44.1615],[-69.8701,44.1576],[-69.8772,44.154],[-69.8796,44.1517],[-69.8884,44.1367],[-69.8945,44.1239],[-69.894,44.1185],[-69.8959,44.1132],[-69.8984,44.1113],[-69.8978,44.1077],[-69.9846,44.1216],[-70.0124,44.1254],[-70.0117,44.128],[-70.0274,44.1306],[-70.0185,44.1579],[-70.014,44.1576],[-70.0103,44.1687],[-69.9988,44.1668],[-69.9938,44.1806],[-69.9684,44.1762],[-69.9472,44.2383],[-69.913,44.2327],[-69.9156,44.2271],[-69.9172,44.226],[-69.9179,44.2272],[-69.9205,44.2267],[-69.9221,44.2252],[-69.9221,44.2239],[-69.9184,44.2197],[-69.9146,44.2174],[-69.9116,44.2102],[-69.9007,44.2071],[-69.8997,44.2033],[-69.8969,44.202],[-69.8969,44.1979],[-69.8952,44.1946],[-69.8973,44.1923],[-69.898,44.1896],[-69.895,44.1855],[-69.8942,44.1828],[-69.8903,44.1816],[-69.8849,44.1817],[-69.8804,44.18],[-69.876,44.1814],[-69.872,44.1809],[-69.8674,44.1816],[-69.8652,44.1813],[-69.8603,44.1789],[-69.8555,44.1792],[-69.853,44.1774],[-69.8517,44.1738],[-69.8481,44.1705]]]}},{"type":"Feature","properties":{"TOWN":"Baldwin"},"geometry":{"type":"Polygon","coordinates":[[[-70.6268,43.8338],[-70.6682,43.7925],[-70.6693,43.794],[-70.6712,43.7938],[-70.6711,43.7901],[-70.6727,43.7885],[-70.6751,43.7889],[-70.6772,43.7931],[-70.6818,43.7966],[-70.6896,43.7959],[-70.6905,43.7973],[-70.6941,43.798],[-70.6927,43.8029],[-70.6938,43.8047],[-70.6956,43.8052],[-70.6989,43.804],[-70.7015,43.7979],[-70.7033,43.798],[-70.7081,43.8002],[-70.7122,43.7997],[-70.7161,43.7977],[-70.7186,43.7949],[-70.7266,43.7943],[-70.7294,43.7928],[-70.7314,43.7902],[-70.7332,43.7896],[-70.7451,43.788],[-70.7506,43.7894],[-70.7539,43.7888],[-70.7655,43.792],[-70.7751,43.8007],[-70.7803,43.8035],[-70.7817,43.8094],[-70.7812,43.8119],[-70.7831,43.8143],[-70.7835,43.8168],[-70.7816,43.8236],[-70.7853,43.8284],[-70.7871,43.8326],[-70.7895,43.8336],[-70.7925,43.8332],[-70.7943,43.8343],[-70.7948,43.8411],[-70.7923,43.8457],[-70.7925,43.8473],[-70.7957,43.8505],[-70.795,43.8521],[-70.7993,43.8538],[-70.8016,43.8561],[-70.8006,43.8576],[-70.7985,43.8585],[-70.7933,43.8576],[-70.7931,43.8595],[-70.7968,43.8616],[-70.7982,43.8633],[-70.7815,43.8739],[-70.7805,43.8682],[-70.7663,43.8772],[-70.7653,43.8715],[-70.7439,43.8859],[-70.7422,43.886],[-70.7383,43.8899],[-70.7372,43.8902],[-70.7377,43.8866],[-70.7403,43.8842],[-70.7425,43.8844],[-70.7416,43.8831],[-70.7416,43.8805],[-70.7429,43.8792],[-70.7456,43.8783],[-70.7248,43.856],[-70.7153,43.8613],[-70.7113,43.8578],[-70.6855,43.87],[-70.6813,43.8662],[-70.6727,43.8704],[-70.665,43.8626],[-70.6555,43.8669],[-70.6495,43.8585],[-70.6569,43.8544],[-70.65,43.8464],[-70.6415,43.8503],[-70.6268,43.8338]]]}},{"type":"Feature","properties":{"TOWN":"Orland"},"geometry":{"type":"Polygon","coordinates":[[[-68.6023,44.5476],[-68.7925,44.4937],[-68.7925,44.4967],[-68.7719,44.5021],[-68.763,44.5082],[-68.7594,44.5128],[-68.7585,44.5202],[-68.7543,44.5264],[-68.7539,44.5306],[-68.7554,44.5337],[-68.7621,44.5357],[-68.7638,44.5369],[-68.768,44.5577],[-68.7712,44.5638],[-68.7733,44.5655],[-68.7463,44.5813],[-68.7415,44.5819],[-68.7383,44.5846],[-68.7364,44.5898],[-68.7342,44.5893],[-68.7322,44.5902],[-68.7298,44.5936],[-68.7271,44.5943],[-68.6512,44.6558],[-68.6245,44.6387],[-68.6398,44.6367],[-68.579,44.5816],[-68.6023,44.5476]]]}},{"type":"Feature","properties":{"TOWN":"Belfast"},"geometry":{"type":"Polygon","coordinates":[[[-68.9578,44.4286],[-68.9555,44.4005],[-68.9884,44.394],[-68.9909,44.395],[-68.9961,44.3932],[-68.997,44.3932],[-68.9979,44.395],[-68.9995,44.396],[-69.0067,44.3906],[-69.0606,44.3674],[-69.1183,44.4298],[-69.0761,44.4495],[-68.9812,44.492],[-68.9782,44.4889],[-68.9815,44.4873],[-68.978,44.4749],[-68.9768,44.475],[-68.9745,44.4662],[-68.9715,44.4665],[-68.9691,44.4572],[-68.9662,44.4576],[-68.9578,44.4286]]]}},{"type":"Feature","properties":{"TOWN":"Sanford"},"geometry":{"type":"Polygon","coordinates":[[[-70.6426,43.4204],[-70.7242,43.3349],[-70.7343,43.3592],[-70.7366,43.3603],[-70.7385,43.3648],[-70.7412,43.3671],[-70.7415,43.37],[-70.7404,43.372],[-70.7412,43.3753],[-70.7429,43.3776],[-70.746,43.3794],[-70.7482,43.3793],[-70.7499,43.3813],[-70.7492,43.3852],[-70.748,43.3859],[-70.7491,43.388],[-70.7518,43.3879],[-70.7521,43.3889],[-70.7541,43.3882],[-70.7576,43.3885],[-70.7568,43.3902],[-70.7587,43.3903],[-70.7625,43.3928],[-70.7637,43.3958],[-70.7916,43.4167],[-70.8135,43.4016],[-70.8478,43.4277],[-70.8352,43.4362],[-70.8599,43.4543],[-70.8568,43.4563],[-70.8721,43.4691],[-70.8289,43.4743],[-70.8315,43.487],[-70.7828,43.4916],[-70.7744,43.4878],[-70.7796,43.4827],[-70.7738,43.4791],[-70.7767,43.4762],[-70.7672,43.471],[-70.7674,43.4704],[-70.7647,43.4682],[-70.7606,43.4661],[-70.7596,43.4624],[-70.757,43.4594],[-70.7523,43.459],[-70.7494,43.4578],[-70.7454,43.4584],[-70.742,43.4562],[-70.7399,43.456],[-70.7387,43.454],[-70.737,43.453],[-70.7372,43.4512],[-70.7362,43.4492],[-70.7367,43.4479],[-70.734,43.4468],[-70.7321,43.4439],[-70.7301,43.4432],[-70.7266,43.4435],[-70.7247,43.4457],[-70.7194,43.447],[-70.7144,43.4509],[-70.7099,43.4508],[-70.7099,43.4471],[-70.7055,43.4455],[-70.704,43.4412],[-70.6973,43.4356],[-70.6956,43.4346],[-70.6919,43.4345],[-70.6773,43.4254],[-70.6668,43.4231],[-70.6612,43.4204],[-70.6601,43.4189],[-70.6553,43.4171],[-70.6509,43.4174],[-70.6494,43.4195],[-70.6471,43.4204],[-70.6426,43.4204]]]}},{"type":"Feature","properties":{"TOWN":"T22 MD BPP"},"geometry":{"type":"Polygon","coordinates":[[[-68.0573,44.7615],[-68.181,44.7429],[-68.2023,44.8335],[-68.0823,44.8499],[-68.0573,44.7615]]]}},{"type":"Feature","properties":{"TOWN":"Lowelltown Twp"},"geometry":{"type":"Polygon","coordinates":[[[-70.5058,45.5138],[-70.631,45.4977],[-70.6553,45.5855],[-70.5338,45.6024],[-70.5058,45.5138]]]}},{"type":"Feature","properties":{"TOWN":"Beattie Twp"},"geometry":{"type":"Polygon","coordinates":[[[-70.631,45.4977],[-70.7103,45.4828],[-70.7164,45.4865],[-70.7178,45.4902],[-70.7165,45.4925],[-70.712,45.497],[-70.7113,45.499],[-70.7122,45.5008],[-70.7117,45.5019],[-70.7153,45.5045],[-70.7221,45.5062],[-70.7236,45.51],[-70.7224,45.5139],[-70.7207,45.5159],[-70.7157,45.5189],[-70.711,45.5196],[-70.709,45.5249],[-70.7069,45.5261],[-70.7065,45.5279],[-70.7025,45.5297],[-70.6992,45.5301],[-70.7008,45.5324],[-70.6979,45.5355],[-70.6965,45.54],[-70.6922,45.543],[-70.6868,45.5494],[-70.6846,45.551],[-70.6797,45.5507],[-70.6772,45.5522],[-70.6843,45.5571],[-70.689,45.5621],[-70.6884,45.5641],[-70.6856,45.5653],[-70.685,45.5668],[-70.6863,45.5682],[-70.6878,45.5684],[-70.6877,45.5694],[-70.684,45.569],[-70.678,45.5706],[-70.6747,45.5743],[-70.6721,45.5761],[-70.6719,45.5786],[-70.664,45.5828],[-70.6637,45.5843],[-70.6553,45.5855],[-70.631,45.4977]]]}},{"type":"Feature","properties":{"TOWN":"Bowdoin College Grant West Twp"},"geometry":{"type":"Polygon","coordinates":[[[-69.3464,45.4589],[-69.479,45.4405],[-69.4943,45.495],[-69.507,45.5353],[-69.3752,45.5555],[-69.3464,45.4589]]]}},{"type":"Feature","properties":{"TOWN":"Harfords Point Twp"},"geometry":{"type":"Polygon","coordinates":[[[-69.6275,45.4829],[-69.6287,45.4829],[-69.6339,45.4988],[-69.6306,45.4973],[-69.6289,45.4979],[-69.6284,45.4984],[-69.6291,45.499],[-69.629,45.5004],[-69.6279,45.5012],[-69.6275,45.5031],[-69.6251,45.5037],[-69.623,45.5028],[-69.619,45.5029],[-69.6197,45.5022],[-69.6194,45.5004],[-69.6208,45.4993],[-69.6204,45.4983],[-69.6144,45.4983],[-69.6098,45.4965],[-69.6095,45.4938],[-69.6102,45.4926],[-69.6108,45.4944],[-69.6123,45.495],[-69.6134,45.4946],[-69.6135,45.4923],[-69.6145,45.4921],[-69.6172,45.492],[-69.6209,45.4936],[-69.6204,45.4954],[-69.6211,45.4961],[-69.624,45.4951],[-69.6267,45.4892],[-69.6266,45.4873],[-69.6281,45.4854],[-69.6275,45.4829]]]}},{"type":"Feature","properties":{"TOWN":"T7 R9 NWP"},"geometry":{"type":"Polygon","coordinates":[[[-69.2137,45.3877],[-69.3312,45.3708],[-69.3549,45.4577],[-69.2358,45.4744],[-69.2137,45.3877]]]}},{"type":"Feature","properties":{"TOWN":"Oxbow Twp"},"geometry":{"type":"Polygon","coordinates":[[[-70.8351,45.2771],[-70.817,45.1903],[-70.9463,45.1753],[-70.9668,45.2635],[-70.9114,45.27],[-70.9085,45.2695],[-70.9051,45.2652],[-70.9067,45.2616],[-70.8987,45.2585],[-70.8983,45.2549],[-70.8951,45.2523],[-70.8976,45.2483],[-70.8983,45.2442],[-70.8978,45.2432],[-70.8967,45.243],[-70.897,45.2419],[-70.8951,45.2403],[-70.8926,45.239],[-70.8892,45.2386],[-70.8868,45.2361],[-70.8847,45.2348],[-70.8834,45.2351],[-70.8828,45.2342],[-70.8809,45.2343],[-70.8796,45.2334],[-70.8747,45.2341],[-70.8574,45.2292],[-70.8461,45.2344],[-70.8381,45.2346],[-70.8365,45.2366],[-70.8366,45.2374],[-70.8391,45.2375],[-70.8482,45.2443],[-70.8487,45.2466],[-70.8465,45.253],[-70.8496,45.2559],[-70.8481,45.259],[-70.8489,45.2631],[-70.8427,45.266],[-70.8392,45.269],[-70.8371,45.2749],[-70.8351,45.2771]]]}},{"type":"Feature","properties":{"TOWN":"Saint Croix Twp"},"geometry":{"type":"Polygon","coordinates":[[[-68.1659,46.2945],[-68.3052,46.2947],[-68.3061,46.3807],[-68.3028,46.3815],[-68.1739,46.3812],[-68.1653,46.3594],[-68.1659,46.2945]]]}},{"type":"Feature","properties":{"TOWN":"T8 R6 WELS"},"geometry":{"type":"Polygon","coordinates":[[[-68.4369,46.2946],[-68.5667,46.2946],[-68.5679,46.3825],[-68.4364,46.3821],[-68.4369,46.2946]]]}},{"type":"Feature","properties":{"TOWN":"Webbertown Twp"},"geometry":{"type":"Polygon","coordinates":[[[-68.1667,46.2068],[-68.3042,46.2068],[-68.3052,46.2947],[-68.1659,46.2945],[-68.1667,46.2068]]]}},{"type":"Feature","properties":{"TOWN":"T6 R7 WELS"},"geometry":{"type":"Polygon","coordinates":[[[-68.694,46.2079],[-68.5647,46.207],[-68.5633,46.1667],[-68.5634,46.125],[-68.6704,46.1252],[-68.6942,46.1206],[-68.694,46.2079]]]}},{"type":"Feature","properties":{"TOWN":"T5 R8 WELS"},"geometry":{"type":"Polygon","coordinates":[[[-68.6941,46.1252],[-68.694,46.0345],[-68.8233,46.0357],[-68.8228,46.1255],[-68.6941,46.1252]]]}},{"type":"Feature","properties":{"TOWN":"Patten"},"geometry":{"type":"Polygon","coordinates":[[[-68.4276,45.9446],[-68.5588,45.9449],[-68.5593,45.9959],[-68.5585,46.0355],[-68.4323,46.0356],[-68.4318,45.9543],[-68.4317,45.9525],[-68.4276,45.9446]]]}},{"type":"Feature","properties":{"TOWN":"Stacyville"},"geometry":{"type":"Polygon","coordinates":[[[-68.4266,45.8534],[-68.5586,45.8555],[-68.5588,45.9449],[-68.4276,45.9446],[-68.4262,45.8708],[-68.4266,45.8534]]]}},{"type":"Feature","properties":{"TOWN":"Soldiertown Twp T2 R7 WELS"},"geometry":{"type":"Polygon","coordinates":[[[-68.5586,45.8555],[-68.5594,45.7615],[-68.5753,45.7616],[-68.5758,45.7607],[-68.6943,45.7611],[-68.6939,45.8533],[-68.6158,45.8544],[-68.617,45.8559],[-68.5586,45.8555]]]}},{"type":"Feature","properties":{"TOWN":"Grindstone Twp"},"geometry":{"type":"Polygon","coordinates":[[[-68.5594,45.7615],[-68.5616,45.6693],[-68.6244,45.6705],[-68.6215,45.6839],[-68.6286,45.6839],[-68.6333,45.6867],[-68.6466,45.6784],[-68.6648,45.6752],[-68.6816,45.6752],[-68.6921,45.7071],[-68.6945,45.7067],[-68.6943,45.7611],[-68.5758,45.7607],[-68.5753,45.7616],[-68.5594,45.7615]]]}},{"type":"Feature","properties":{"TOWN":"Winn"},"geometry":{"type":"Polygon","coordinates":[[[-68.2413,45.4266],[-68.3686,45.4062],[-68.4446,45.4393],[-68.4397,45.441],[-68.4291,45.4467],[-68.4241,45.4526],[-68.4193,45.4561],[-68.4069,45.4632],[-68.4039,45.4639],[-68.3956,45.4711],[-68.393,45.4773],[-68.3862,45.4793],[-68.3798,45.4863],[-68.37,45.4903],[-68.3695,45.4945],[-68.3134,45.5035],[-68.2668,45.5099],[-68.2413,45.4266]]]}},{"type":"Feature","properties":{"TOWN":"Chester"},"geometry":{"type":"Polygon","coordinates":[[[-68.4397,45.441],[-68.4504,45.4377],[-68.4556,45.4343],[-68.4735,45.4256],[-68.4803,45.4206],[-68.486,45.418],[-68.4881,45.4146],[-68.4925,45.4102],[-68.4968,45.4015],[-68.4973,45.3992],[-68.4965,45.3943],[-68.4972,45.3923],[-68.5083,45.3804],[-68.536,45.3726],[-68.5387,45.3713],[-68.5428,45.3673],[-68.6047,45.3578],[-68.6041,45.3727],[-68.6033,45.3742],[-68.6012,45.3752],[-68.6038,45.3773],[-68.6035,45.3861],[-68.5894,45.4216],[-68.5881,45.4264],[-68.588,45.4323],[-68.5903,45.4518],[-68.5896,45.4557],[-68.5875,45.46],[-68.5709,45.4629],[-68.5715,45.4647],[-68.5127,45.4711],[-68.3695,45.4945],[-68.37,45.4903],[-68.3798,45.4863],[-68.3862,45.4793],[-68.393,45.4773],[-68.3956,45.4711],[-68.4039,45.4639],[-68.4069,45.4632],[-68.4193,45.4561],[-68.4241,45.4526],[-68.4291,45.4467],[-68.4397,45.441]]]}},{"type":"Feature","properties":{"TOWN":"Dyer Twp"},"geometry":{"type":"Polygon","coordinates":[[[-67.4701,45.4227],[-67.461,45.4221],[-67.4602,45.4206],[-67.4607,45.4191],[-67.4588,45.4153],[-67.4562,45.4143],[-67.4527,45.4098],[-67.4476,45.4074],[-67.4299,45.392],[-67.4273,45.3907],[-67.4263,45.3855],[-67.4229,45.3812],[-67.423,45.3795],[-67.4193,45.3771],[-67.4201,45.3746],[-67.4229,45.373],[-67.4268,45.3737],[-67.4305,45.3712],[-67.5592,45.352],[-67.5663,45.3799],[-67.5617,45.3802],[-67.5806,45.4444],[-67.4849,45.4539],[-67.4837,45.4495],[-67.4781,45.4466],[-67.477,45.4449],[-67.4765,45.4434],[-67.4772,45.4421],[-67.4803,45.4409],[-67.4781,45.4368],[-67.4788,45.4354],[-67.4772,45.4327],[-67.4775,45.4306],[-67.4752,45.4286],[-67.4732,45.4239],[-67.4701,45.4227]]]}},{"type":"Feature","properties":{"TOWN":"Lynchtown Twp"},"geometry":{"type":"Polygon","coordinates":[[[-70.9245,45.0807],[-71.0009,45.0729],[-71.0633,45.0652],[-71.0707,45.161],[-70.9463,45.1753],[-70.9245,45.0807]]]}},{"type":"Feature","properties":{"TOWN":"Grafton Twp"},"geometry":{"type":"Polygon","coordinates":[[[-70.9317,44.668],[-70.8667,44.5784],[-70.8811,44.5731],[-70.8799,44.5546],[-70.9722,44.5426],[-70.9953,44.5443],[-71.0254,44.54],[-71.031,44.6557],[-70.993,44.6593],[-70.9317,44.668]]]}},{"type":"Feature","properties":{"TOWN":"Andover West Surplus Twp"},"geometry":{"type":"Polygon","coordinates":[[[-70.8211,44.5969],[-70.8541,44.5852],[-70.8675,44.5796],[-70.9068,44.634],[-70.8603,44.6507],[-70.8211,44.5969]]]}},{"type":"Feature","properties":{"TOWN":"Pittsfield"},"geometry":{"type":"Polygon","coordinates":[[[-69.3716,44.809],[-69.3542,44.7714],[-69.3516,44.7709],[-69.3499,44.7718],[-69.3481,44.7694],[-69.3416,44.7679],[-69.3353,44.7646],[-69.3362,44.761],[-69.3399,44.7601],[-69.3393,44.7579],[-69.342,44.7545],[-69.3432,44.7499],[-69.3497,44.7492],[-69.3621,44.7514],[-69.3718,44.7546],[-69.3824,44.7542],[-69.3872,44.7532],[-69.3887,44.7516],[-69.3879,44.7484],[-69.3885,44.7473],[-69.3942,44.748],[-69.398,44.7462],[-69.3984,44.7446],[-69.3976,44.7405],[-69.3949,44.7341],[-69.3954,44.7315],[-69.4057,44.7272],[-69.4082,44.7238],[-69.4145,44.7187],[-69.4141,44.7163],[-69.4174,44.7081],[-69.4165,44.7038],[-69.4168,44.701],[-69.4717,44.6929],[-69.4675,44.708],[-69.4732,44.7088],[-69.4704,44.7182],[-69.4834,44.7203],[-69.4767,44.7438],[-69.4931,44.7482],[-69.4981,44.7675],[-69.5152,44.788],[-69.5217,44.8121],[-69.479,44.8183],[-69.4846,44.8394],[-69.4742,44.8409],[-69.4746,44.8422],[-69.4711,44.8437],[-69.4702,44.8415],[-69.4392,44.8459],[-69.4251,44.8022],[-69.3716,44.809]]]}},{"type":"Feature","properties":{"TOWN":"Clinton"},"geometry":{"type":"Polygon","coordinates":[[[-69.4717,44.6929],[-69.4773,44.6921],[-69.4756,44.6767],[-69.4429,44.6724],[-69.4463,44.6642],[-69.4479,44.6622],[-69.449,44.6618],[-69.4511,44.663],[-69.4559,44.6622],[-69.4571,44.6586],[-69.4596,44.657],[-69.4609,44.6546],[-69.4596,44.6512],[-69.4615,44.6477],[-69.4591,44.6462],[-69.4588,44.6452],[-69.4605,44.6438],[-69.4642,44.6431],[-69.4574,44.6164],[-69.5873,44.6341],[-69.5921,44.6395],[-69.5992,44.6445],[-69.6056,44.6511],[-69.616,44.6553],[-69.618,44.6576],[-69.6222,44.6655],[-69.6279,44.671],[-69.6292,44.6742],[-69.63,44.6845],[-69.6327,44.6907],[-69.6331,44.7004],[-69.5809,44.7079],[-69.4834,44.7203],[-69.4704,44.7182],[-69.4732,44.7088],[-69.4675,44.708],[-69.4717,44.6929]]]}},{"type":"Feature","properties":{"TOWN":"Warren"},"geometry":{"type":"Polygon","coordinates":[[[-69.1934,44.1114],[-69.1955,44.1082],[-69.1954,44.1069],[-69.1975,44.1066],[-69.1975,44.1041],[-69.1997,44.1037],[-69.1996,44.0996],[-69.2028,44.0992],[-69.2102,44.0912],[-69.2075,44.0848],[-69.2096,44.0838],[-69.2116,44.0848],[-69.2139,44.0847],[-69.2146,44.0838],[-69.2144,44.0804],[-69.2191,44.079],[-69.2176,44.077],[-69.2136,44.0744],[-69.2133,44.0715],[-69.2119,44.0699],[-69.2059,44.0659],[-69.2822,44.0548],[-69.282,44.0645],[-69.3037,44.0964],[-69.3061,44.0941],[-69.3076,44.0953],[-69.3115,44.0955],[-69.3037,44.1327],[-69.3215,44.1729],[-69.1854,44.191],[-69.1744,44.183],[-69.1762,44.1816],[-69.1663,44.1744],[-69.1647,44.1755],[-69.1605,44.1726],[-69.1931,44.1131],[-69.1939,44.1129],[-69.1934,44.1114]]]}},{"type":"Feature","properties":{"TOWN":"T9 R12 WELS"},"geometry":{"type":"Polygon","coordinates":[[[-69.3406,46.4844],[-69.2162,46.4821],[-69.2161,46.3944],[-69.3401,46.3951],[-69.3406,46.4844]]]}},{"type":"Feature","properties":{"TOWN":"T8 R11 WELS"},"geometry":{"type":"Polygon","coordinates":[[[-69.0856,46.3063],[-69.22,46.3064],[-69.2178,46.3944],[-69.0862,46.3955],[-69.0856,46.3063]]]}},{"type":"Feature","properties":{"TOWN":"T7 R19 WELS"},"geometry":{"type":"Polygon","coordinates":[[[-70.2067,46.3013],[-70.1163,46.3016],[-70.1156,46.2117],[-70.2707,46.2113],[-70.2717,46.2125],[-70.2714,46.2134],[-70.2742,46.2146],[-70.2728,46.2162],[-70.2734,46.2168],[-70.2713,46.2166],[-70.2684,46.2181],[-70.2674,46.2195],[-70.2677,46.2211],[-70.2656,46.2235],[-70.2672,46.2251],[-70.2638,46.2274],[-70.2636,46.2289],[-70.26,46.2304],[-70.2607,46.2313],[-70.2575,46.2368],[-70.2592,46.2388],[-70.257,46.2404],[-70.2571,46.2421],[-70.2559,46.2446],[-70.2541,46.2456],[-70.2553,46.2462],[-70.2509,46.2491],[-70.2516,46.2521],[-70.2546,46.254],[-70.253,46.2552],[-70.2529,46.2591],[-70.2501,46.2616],[-70.2498,46.2626],[-70.2505,46.2628],[-70.2485,46.2652],[-70.2487,46.2671],[-70.2431,46.2718],[-70.2433,46.2731],[-70.2407,46.2731],[-70.2408,46.2749],[-70.2395,46.2758],[-70.2402,46.277],[-70.2399,46.2791],[-70.2355,46.2815],[-70.2344,46.2834],[-70.2326,46.2846],[-70.2317,46.291],[-70.229,46.2916],[-70.2287,46.2924],[-70.2169,46.2942],[-70.217,46.2955],[-70.2153,46.2947],[-70.2138,46.2963],[-70.2142,46.2972],[-70.2124,46.2985],[-70.2104,46.2982],[-70.2059,46.2997],[-70.2057,46.3004],[-70.2067,46.3013]]]}},{"type":"Feature","properties":{"TOWN":"Big Six Twp"},"geometry":{"type":"Polygon","coordinates":[[[-70.272,46.211],[-70.1156,46.2117],[-70.1147,46.1235],[-70.2478,46.1234],[-70.2481,46.1241],[-70.2471,46.1247],[-70.2476,46.1255],[-70.2455,46.1261],[-70.2445,46.1274],[-70.2448,46.1285],[-70.2436,46.1288],[-70.244,46.1309],[-70.2425,46.1315],[-70.2428,46.1331],[-70.2415,46.1347],[-70.242,46.1353],[-70.2397,46.1379],[-70.2403,46.1391],[-70.2393,46.1398],[-70.2401,46.1405],[-70.2394,46.141],[-70.2395,46.1432],[-70.2363,46.1451],[-70.2365,46.1464],[-70.2404,46.149],[-70.2404,46.151],[-70.2414,46.151],[-70.2423,46.1497],[-70.2437,46.1515],[-70.2458,46.1509],[-70.247,46.1519],[-70.2483,46.1518],[-70.2476,46.1532],[-70.2504,46.1543],[-70.2495,46.1555],[-70.2521,46.157],[-70.2526,46.1583],[-70.2553,46.1584],[-70.2556,46.1595],[-70.2565,46.1594],[-70.2588,46.1611],[-70.2583,46.1618],[-70.2595,46.1632],[-70.2649,46.1648],[-70.2645,46.1675],[-70.2663,46.1692],[-70.2703,46.1704],[-70.27,46.1711],[-70.2711,46.1721],[-70.275,46.1731],[-70.2751,46.1743],[-70.2777,46.1748],[-70.28,46.1774],[-70.2821,46.1785],[-70.2823,46.1798],[-70.2841,46.1808],[-70.2836,46.1815],[-70.286,46.1829],[-70.2856,46.1846],[-70.2904,46.1851],[-70.2899,46.1888],[-70.2921,46.1903],[-70.2923,46.1913],[-70.2887,46.1928],[-70.2891,46.1935],[-70.2877,46.1937],[-70.2879,46.1952],[-70.2858,46.1954],[-70.2852,46.1976],[-70.281,46.2],[-70.2811,46.2012],[-70.2771,46.2038],[-70.2761,46.2075],[-70.2715,46.21],[-70.272,46.211]]]}},{"type":"Feature","properties":{"TOWN":"T5 R20 WELS"},"geometry":{"type":"Polygon","coordinates":[[[-70.1993,46.1234],[-70.1993,46.0198],[-70.3053,46.0034],[-70.3058,46.0051],[-70.3052,46.0067],[-70.3064,46.0103],[-70.3088,46.0103],[-70.3114,46.012],[-70.3107,46.0128],[-70.3109,46.0155],[-70.3121,46.0155],[-70.3122,46.0166],[-70.3147,46.0164],[-70.3153,46.0183],[-70.318,46.0192],[-70.3156,46.0199],[-70.3135,46.0223],[-70.3016,46.0275],[-70.3017,46.0286],[-70.2985,46.0309],[-70.3019,46.0317],[-70.302,46.0333],[-70.3009,46.0339],[-70.3012,46.0347],[-70.2998,46.0359],[-70.2995,46.038],[-70.2973,46.0408],[-70.294,46.0413],[-70.2903,46.0443],[-70.2895,46.0463],[-70.2811,46.0507],[-70.2797,46.0523],[-70.2809,46.0532],[-70.2808,46.0542],[-70.2784,46.0564],[-70.2795,46.0581],[-70.2783,46.0592],[-70.2788,46.0608],[-70.2823,46.0603],[-70.2843,46.0627],[-70.2893,46.0622],[-70.2932,46.0606],[-70.3008,46.0606],[-70.3034,46.0623],[-70.3038,46.0615],[-70.3073,46.0611],[-70.3109,46.0639],[-70.311,46.0646],[-70.3061,46.0688],[-70.3026,46.0705],[-70.3052,46.0716],[-70.3022,46.0732],[-70.303,46.0765],[-70.3,46.0785],[-70.3001,46.0792],[-70.3024,46.0804],[-70.3019,46.0826],[-70.2941,46.0854],[-70.2916,46.0873],[-70.2905,46.0938],[-70.2843,46.0979],[-70.286,46.0999],[-70.2825,46.1005],[-70.2783,46.1],[-70.2732,46.1022],[-70.2708,46.101],[-70.2683,46.1013],[-70.2627,46.1004],[-70.2605,46.101],[-70.2569,46.0995],[-70.2532,46.1002],[-70.2522,46.1058],[-70.253,46.1075],[-70.2553,46.1088],[-70.2547,46.1103],[-70.2554,46.1108],[-70.2543,46.1111],[-70.2535,46.1125],[-70.2546,46.1137],[-70.2528,46.1145],[-70.2531,46.1152],[-70.2523,46.115],[-70.2525,46.1162],[-70.251,46.1184],[-70.2514,46.1195],[-70.2497,46.1204],[-70.2478,46.1234],[-70.1993,46.1234]]]}},{"type":"Feature","properties":{"TOWN":"Little W Twp"},"geometry":{"type":"Polygon","coordinates":[[[-69.6466,45.864],[-69.6468,45.8631],[-69.6476,45.8636],[-69.6486,45.8628],[-69.6539,45.8637],[-69.6539,45.863],[-69.6551,45.8626],[-69.6544,45.8622],[-69.6549,45.8617],[-69.6568,45.8619],[-69.6567,45.8601],[-69.6586,45.8611],[-69.6594,45.8605],[-69.6624,45.8612],[-69.6621,45.8603],[-69.6639,45.8603],[-69.6641,45.8617],[-69.6663,45.862],[-69.6699,45.8608],[-69.6744,45.8623],[-69.6724,45.859],[-69.6742,45.8567],[-69.6745,45.8524],[-69.6763,45.8514],[-69.6762,45.8527],[-69.6777,45.8529],[-69.6784,45.8519],[-69.6823,45.8521],[-69.6834,45.851],[-69.6861,45.8518],[-69.6867,45.8537],[-69.6901,45.8542],[-69.6892,45.8579],[-69.6917,45.8589],[-69.6914,45.8606],[-69.6938,45.8619],[-69.6928,45.8628],[-69.6932,45.8641],[-69.692,45.8651],[-69.6945,45.864],[-69.6969,45.8643],[-69.6968,45.8672],[-69.6991,45.8686],[-69.6991,45.8701],[-69.7013,45.8726],[-69.7004,45.8738],[-69.7027,45.8784],[-69.7014,45.8798],[-69.6985,45.8803],[-69.6981,45.8848],[-69.6555,45.8918],[-69.6466,45.864]]]}},{"type":"Feature","properties":{"TOWN":"Tomhegan Twp"},"geometry":{"type":"MultiPolygon","coordinates":[[[[-69.7751,45.6871],[-69.881,45.6712],[-69.9087,45.7614],[-69.7869,45.7803],[-69.7881,45.7791],[-69.7883,45.7776],[-69.789,45.7782],[-69.7895,45.7779],[-69.7875,45.7767],[-69.7876,45.7749],[-69.7858,45.775],[-69.7858,45.7759],[-69.7829,45.7751],[-69.7848,45.7742],[-69.7842,45.773],[-69.7816,45.7737],[-69.7839,45.7722],[-69.7821,45.7696],[-69.7867,45.7684],[-69.7881,45.7689],[-69.7904,45.7677],[-69.7897,45.7665],[-69.7915,45.7652],[-69.7914,45.7643],[-69.7906,45.7646],[-69.7924,45.7636],[-69.7932,45.7618],[-69.7922,45.7601],[-69.7931,45.7588],[-69.7915,45.7584],[-69.7928,45.7573],[-69.7947,45.7575],[-69.7897,45.7558],[-69.7899,45.7543],[-69.7917,45.7529],[-69.7922,45.7512],[-69.791,45.75],[-69.7886,45.7496],[-69.7895,45.748],[-69.7881,45.7469],[-69.7896,45.7471],[-69.7931,45.7457],[-69.7963,45.7461],[-69.8019,45.749],[-69.8127,45.7458],[-69.8128,45.7471],[-69.8174,45.747],[-69.8215,45.745],[-69.8225,45.7435],[-69.8248,45.7432],[-69.8272,45.7398],[-69.8331,45.7386],[-69.8301,45.738],[-69.8279,45.7388],[-69.8274,45.7378],[-69.827,45.739],[-69.8257,45.7395],[-69.8257,45.741],[-69.8241,45.7423],[-69.8192,45.7391],[-69.8115,45.7372],[-69.8101,45.736],[-69.8125,45.7359],[-69.8092,45.7331],[-69.8,45.7331],[-69.7939,45.7285],[-69.7915,45.7283],[-69.7912,45.7268],[-69.7921,45.7256],[-69.7971,45.7242],[-69.7983,45.725],[-69.7996,45.7239],[-69.7998,45.7227],[-69.802,45.7238],[-69.8031,45.7236],[-69.8042,45.7224],[-69.803,45.7209],[-69.8037,45.7206],[-69.8089,45.7234],[-69.8151,45.7214],[-69.809,45.7226],[-69.8057,45.7202],[-69.8056,45.7179],[-69.8039,45.7157],[-69.8023,45.7148],[-69.7978,45.7149],[-69.7902,45.7104],[-69.7905,45.7046],[-69.7891,45.7018],[-69.7858,45.6997],[-69.7861,45.6987],[-69.7848,45.6968],[-69.7851,45.6926],[-69.7824,45.6903],[-69.7793,45.6899],[-69.7749,45.6877],[-69.7751,45.6871]]],[[[-69.7836,45.7808],[-69.7465,45.7867],[-69.7193,45.7911],[-69.7205,45.7884],[-69.723,45.7858],[-69.7229,45.7833],[-69.7329,45.7835],[-69.7379,45.7827],[-69.7376,45.7815],[-69.7356,45.7803],[-69.7359,45.7792],[-69.7281,45.775],[-69.7257,45.7713],[-69.7245,45.7666],[-69.7264,45.7623],[-69.7295,45.7603],[-69.7324,45.7561],[-69.7368,45.7546],[-69.7409,45.7555],[-69.7438,45.7598],[-69.7472,45.7597],[-69.7473,45.7614],[-69.7496,45.7631],[-69.7514,45.7659],[-69.7503,45.7634],[-69.7529,45.7617],[-69.7578,45.7614],[-69.7594,45.7622],[-69.7634,45.7611],[-69.7687,45.7614],[-69.7677,45.7621],[-69.7679,45.7629],[-69.7708,45.7634],[-69.7727,45.7649],[-69.7743,45.7647],[-69.7738,45.7661],[-69.7765,45.7678],[-69.777,45.7705],[-69.7791,45.7723],[-69.7808,45.7755],[-69.7818,45.7756],[-69.7805,45.7766],[-69.7811,45.778],[-69.7824,45.7785],[-69.7837,45.7768],[-69.7849,45.777],[-69.786,45.7798],[-69.7855,45.7794],[-69.7836,45.7808]]]]}},{"type":"Feature","properties":{"TOWN":"T1 R10 WELS"},"geometry":{"type":"Polygon","coordinates":[[[-68.9507,45.6725],[-69.0737,45.6727],[-69.0729,45.7327],[-69.0736,45.7605],[-68.9491,45.7609],[-68.9507,45.6725]]]}},{"type":"Feature","properties":{"TOWN":"Misery Gore Twp"},"geometry":{"type":"Polygon","coordinates":[[[-69.7047,45.619],[-69.8116,45.6032],[-69.9973,45.5773],[-70.1365,45.5609],[-69.7127,45.6245],[-69.7027,45.625],[-69.7036,45.6211],[-69.703,45.6205],[-69.7047,45.619]]]}},{"type":"Feature","properties":{"TOWN":"Beddington"},"geometry":{"type":"Polygon","coordinates":[[[-67.9597,44.8662],[-67.9365,44.7777],[-67.9995,44.7685],[-67.9995,44.7702],[-68.0573,44.7615],[-68.0823,44.8499],[-67.9597,44.8662]]]}},{"type":"Feature","properties":{"TOWN":"Burnham"},"geometry":{"type":"Polygon","coordinates":[[[-69.3721,44.7546],[-69.3621,44.7514],[-69.3497,44.7492],[-69.3435,44.7498],[-69.3088,44.6732],[-69.3429,44.635],[-69.4613,44.6474],[-69.4614,44.6485],[-69.4596,44.6512],[-69.4608,44.655],[-69.4596,44.657],[-69.4571,44.6586],[-69.4559,44.6622],[-69.4511,44.663],[-69.449,44.6618],[-69.4479,44.6622],[-69.4463,44.6642],[-69.4429,44.6724],[-69.4756,44.6767],[-69.4773,44.6921],[-69.4168,44.701],[-69.4165,44.7038],[-69.4174,44.7081],[-69.4141,44.7163],[-69.4145,44.7187],[-69.4082,44.7238],[-69.406,44.727],[-69.396,44.7312],[-69.395,44.7322],[-69.3952,44.7356],[-69.3982,44.7425],[-69.3984,44.7446],[-69.3976,44.7468],[-69.3942,44.748],[-69.3885,44.7473],[-69.3879,44.7481],[-69.3885,44.7521],[-69.3857,44.7537],[-69.3721,44.7546]]]}},{"type":"Feature","properties":{"TOWN":"Unity Twp"},"geometry":{"type":"Polygon","coordinates":[[[-69.3931,44.6404],[-69.4095,44.5789],[-69.4447,44.5842],[-69.4365,44.6136],[-69.4574,44.6164],[-69.4642,44.6431],[-69.4605,44.6438],[-69.459,44.6449],[-69.4589,44.646],[-69.4606,44.6471],[-69.3931,44.6404]]]}},{"type":"Feature","properties":{"TOWN":"Belgrade"},"geometry":{"type":"Polygon","coordinates":[[[-69.8197,44.5813],[-69.7823,44.5759],[-69.7836,44.5707],[-69.7827,44.5706],[-69.783,44.5689],[-69.7797,44.5684],[-69.7782,44.563],[-69.779,44.5604],[-69.7662,44.5586],[-69.7704,44.5477],[-69.7707,44.5434],[-69.7726,44.5383],[-69.7798,44.5347],[-69.7819,44.5268],[-69.7879,44.5185],[-69.7605,44.5141],[-69.7625,44.5098],[-69.7648,44.5072],[-69.7762,44.5004],[-69.7832,44.4904],[-69.7922,44.4841],[-69.8321,44.3939],[-69.8878,44.4032],[-69.8825,44.4081],[-69.8897,44.4097],[-69.8861,44.4221],[-69.8871,44.4234],[-69.8831,44.4371],[-69.9044,44.441],[-69.9056,44.4438],[-69.9057,44.4477],[-69.9041,44.4508],[-69.9059,44.4559],[-69.9057,44.4596],[-69.9072,44.4609],[-69.9076,44.4646],[-69.9074,44.4786],[-69.9154,44.5001],[-69.9149,44.5026],[-69.9096,44.5124],[-69.8889,44.5303],[-69.8891,44.5319],[-69.8878,44.5321],[-69.8875,44.5292],[-69.8832,44.5277],[-69.8832,44.5299],[-69.8807,44.5283],[-69.8792,44.5257],[-69.8768,44.5269],[-69.8732,44.5303],[-69.8719,44.5341],[-69.8721,44.5396],[-69.8735,44.5434],[-69.8766,44.5474],[-69.8779,44.5526],[-69.8772,44.5595],[-69.8745,44.5649],[-69.8695,44.5658],[-69.8657,44.5642],[-69.8638,44.5617],[-69.8603,44.5538],[-69.8574,44.5509],[-69.8539,44.5489],[-69.8485,44.5475],[-69.8421,44.5475],[-69.8387,44.5497],[-69.8348,44.5585],[-69.8263,44.5688],[-69.823,44.5718],[-69.817,44.5741],[-69.8184,44.5782],[-69.8197,44.5796],[-69.8187,44.5802],[-69.82,44.5803],[-69.8197,44.5813]]]}},{"type":"Feature","properties":{"TOWN":"Somerville"},"geometry":{"type":"Polygon","coordinates":[[[-69.435,44.3319],[-69.4513,44.314],[-69.4407,44.2844],[-69.4495,44.2623],[-69.4328,44.2267],[-69.4702,44.2362],[-69.4704,44.239],[-69.4727,44.2446],[-69.4833,44.2435],[-69.495,44.2553],[-69.5282,44.2755],[-69.5268,44.2773],[-69.5213,44.2807],[-69.5064,44.3429],[-69.435,44.3319]]]}},{"type":"Feature","properties":{"TOWN":"Jefferson"},"geometry":{"type":"Polygon","coordinates":[[[-69.4702,44.2362],[-69.4036,44.2192],[-69.406,44.2107],[-69.4161,44.2123],[-69.4322,44.1577],[-69.4852,44.165],[-69.4846,44.1609],[-69.482,44.1574],[-69.4815,44.1553],[-69.4819,44.1503],[-69.4851,44.1485],[-69.4858,44.1471],[-69.484,44.1407],[-69.484,44.1354],[-69.485,44.1323],[-69.4866,44.1304],[-69.4897,44.1294],[-69.4999,44.1321],[-69.5028,44.131],[-69.5064,44.1207],[-69.5056,44.1191],[-69.5073,44.1159],[-69.5109,44.1152],[-69.5137,44.1098],[-69.5163,44.1069],[-69.5178,44.101],[-69.5545,44.104],[-69.579,44.1156],[-69.5787,44.1166],[-69.5836,44.1189],[-69.5833,44.1205],[-69.5917,44.1226],[-69.5403,44.2598],[-69.5474,44.261],[-69.5471,44.2621],[-69.5442,44.2631],[-69.5426,44.2625],[-69.5414,44.264],[-69.5348,44.2674],[-69.5344,44.2685],[-69.5351,44.2705],[-69.5337,44.2727],[-69.5282,44.2755],[-69.495,44.2553],[-69.4833,44.2435],[-69.4727,44.2446],[-69.4704,44.239],[-69.4702,44.2362]]]}},{"type":"Feature","properties":{"TOWN":"Washington"},"geometry":{"type":"Polygon","coordinates":[[[-69.3944,44.3429],[-69.3277,44.2946],[-69.3275,44.2919],[-69.3302,44.291],[-69.3303,44.2897],[-69.3284,44.2878],[-69.3299,44.2862],[-69.3292,44.2852],[-69.3314,44.2835],[-69.3319,44.2816],[-69.3337,44.2811],[-69.3338,44.28],[-69.3367,44.2784],[-69.3356,44.2777],[-69.3361,44.2767],[-69.3353,44.2756],[-69.3376,44.2744],[-69.3368,44.2737],[-69.3372,44.2724],[-69.3359,44.2712],[-69.3318,44.2695],[-69.3313,44.2682],[-69.3319,44.2677],[-69.3308,44.267],[-69.3318,44.2655],[-69.3261,44.2638],[-69.3268,44.2631],[-69.3264,44.2611],[-69.3255,44.261],[-69.3253,44.2595],[-69.3238,44.2598],[-69.3239,44.2591],[-69.326,44.2574],[-69.3307,44.2567],[-69.3307,44.2553],[-69.3344,44.2544],[-69.3351,44.2549],[-69.3344,44.2557],[-69.3362,44.2556],[-69.3376,44.2533],[-69.3365,44.2528],[-69.3376,44.2522],[-69.3367,44.252],[-69.3371,44.2512],[-69.3364,44.2508],[-69.3385,44.2512],[-69.3391,44.2506],[-69.3386,44.25],[-69.3396,44.2502],[-69.34,44.2475],[-69.3423,44.2456],[-69.3415,44.2446],[-69.3444,44.2428],[-69.3428,44.2429],[-69.3433,44.2418],[-69.345,44.242],[-69.3461,44.2393],[-69.3457,44.2346],[-69.345,44.2339],[-69.3465,44.2337],[-69.344,44.233],[-69.3462,44.2315],[-69.3435,44.2304],[-69.3433,44.2295],[-69.3459,44.228],[-69.3469,44.2282],[-69.3475,44.2272],[-69.3446,44.2257],[-69.3465,44.2252],[-69.3472,44.2264],[-69.3488,44.226],[-69.3491,44.2269],[-69.3483,44.2276],[-69.3491,44.2284],[-69.3498,44.2275],[-69.3569,44.2273],[-69.3573,44.2263],[-69.3586,44.2262],[-69.3592,44.2249],[-69.3611,44.2251],[-69.3596,44.2241],[-69.3608,44.2221],[-69.3594,44.2211],[-69.3616,44.22],[-69.3614,44.2183],[-69.3626,44.2167],[-69.362,44.2164],[-69.3653,44.216],[-69.368,44.2177],[-69.368,44.2162],[-69.3708,44.2161],[-69.3712,44.2148],[-69.3729,44.2141],[-69.3728,44.2129],[-69.3738,44.2122],[-69.3718,44.2109],[-69.3725,44.2103],[-69.3725,44.2088],[-69.3694,44.2077],[-69.3717,44.2066],[-69.3722,44.2054],[-69.406,44.2107],[-69.4036,44.2192],[-69.4328,44.2267],[-69.4495,44.2623],[-69.4407,44.2844],[-69.4513,44.314],[-69.437,44.3245],[-69.4164,44.3213],[-69.4046,44.3329],[-69.4091,44.3364],[-69.4023,44.3431],[-69.3968,44.3406],[-69.3944,44.3429]]]}},{"type":"Feature","properties":{"TOWN":"Union"},"geometry":{"type":"Polygon","coordinates":[[[-69.3277,44.2946],[-69.1854,44.191],[-69.3215,44.1729],[-69.3377,44.2094],[-69.3722,44.2054],[-69.3717,44.2066],[-69.3694,44.2077],[-69.3725,44.2088],[-69.3725,44.2103],[-69.3718,44.2109],[-69.3738,44.2122],[-69.3728,44.2129],[-69.3729,44.2141],[-69.3712,44.2148],[-69.3708,44.2161],[-69.368,44.2162],[-69.368,44.2177],[-69.3653,44.216],[-69.362,44.2164],[-69.3626,44.2167],[-69.3614,44.2183],[-69.3616,44.22],[-69.3594,44.2211],[-69.3608,44.2221],[-69.3596,44.2241],[-69.3611,44.2251],[-69.3592,44.2249],[-69.3586,44.2262],[-69.3573,44.2263],[-69.3569,44.2273],[-69.3498,44.2275],[-69.3491,44.2284],[-69.3483,44.2276],[-69.3491,44.2269],[-69.3488,44.226],[-69.3472,44.2264],[-69.3465,44.2252],[-69.3446,44.2257],[-69.3475,44.2272],[-69.3469,44.2282],[-69.3459,44.228],[-69.3433,44.2295],[-69.3435,44.2304],[-69.3462,44.2315],[-69.344,44.233],[-69.3465,44.2337],[-69.345,44.2339],[-69.3457,44.2346],[-69.3461,44.2393],[-69.345,44.242],[-69.3433,44.2418],[-69.3428,44.2429],[-69.3444,44.2428],[-69.3415,44.2446],[-69.3423,44.2456],[-69.34,44.2475],[-69.3396,44.2502],[-69.3386,44.25],[-69.3391,44.2506],[-69.3385,44.2512],[-69.3364,44.2508],[-69.3371,44.2512],[-69.3367,44.252],[-69.3376,44.2522],[-69.3365,44.2528],[-69.3376,44.2533],[-69.3362,44.2556],[-69.3344,44.2557],[-69.3351,44.2549],[-69.3344,44.2544],[-69.3307,44.2553],[-69.3307,44.2567],[-69.326,44.2574],[-69.3239,44.2591],[-69.3238,44.2598],[-69.3253,44.2595],[-69.3255,44.261],[-69.3264,44.2611],[-69.3268,44.2631],[-69.3261,44.2638],[-69.3318,44.2655],[-69.3308,44.267],[-69.3319,44.2677],[-69.3313,44.2682],[-69.3318,44.2695],[-69.3359,44.2712],[-69.3372,44.2724],[-69.3368,44.2737],[-69.3376,44.2744],[-69.3353,44.2756],[-69.3361,44.2767],[-69.3356,44.2777],[-69.3367,44.2784],[-69.3338,44.28],[-69.3337,44.2811],[-69.3319,44.2816],[-69.3314,44.2835],[-69.3292,44.2852],[-69.3299,44.2862],[-69.3284,44.2878],[-69.3303,44.2897],[-69.3302,44.291],[-69.3275,44.2919],[-69.3277,44.2946]]]}},{"type":"Feature","properties":{"TOWN":"Bridgton"},"geometry":{"type":"Polygon","coordinates":[[[-70.6959,44.1342],[-70.6893,44.1278],[-70.6996,44.1231],[-70.6893,44.1114],[-70.6895,44.1098],[-70.6868,44.1076],[-70.6843,44.1036],[-70.6843,44.0997],[-70.6879,44.0971],[-70.6886,44.0944],[-70.6845,44.0802],[-70.6823,44.0768],[-70.6791,44.074],[-70.6775,44.069],[-70.6773,44.0675],[-70.6795,44.0619],[-70.679,44.0595],[-70.6676,44.0456],[-70.6596,44.0411],[-70.6568,44.0384],[-70.6486,44.0253],[-70.6469,44.0174],[-70.6403,44.0105],[-70.6479,44.0079],[-70.6854,43.9899],[-70.6646,43.967],[-70.7022,43.9478],[-70.7818,44.0314],[-70.7917,44.0287],[-70.791,44.0302],[-70.7926,44.0323],[-70.7924,44.0376],[-70.7933,44.0394],[-70.7925,44.0401],[-70.8481,44.0495],[-70.8585,44.0596],[-70.8579,44.0606],[-70.8591,44.0641],[-70.8582,44.0655],[-70.86,44.0681],[-70.8592,44.0702],[-70.861,44.0718],[-70.8613,44.0772],[-70.8645,44.0778],[-70.8647,44.0787],[-70.8653,44.0784],[-70.8666,44.0799],[-70.8644,44.0825],[-70.8629,44.0864],[-70.8597,44.0855],[-70.8578,44.0881],[-70.8574,44.0914],[-70.8589,44.0931],[-70.8579,44.0943],[-70.8585,44.0953],[-70.8218,44.0771],[-70.7383,44.1203],[-70.6995,44.1392],[-70.6959,44.1342]]]}},{"type":"Feature","properties":{"TOWN":"Glenburn"},"geometry":{"type":"Polygon","coordinates":[[[-68.7918,44.901],[-68.794,44.9029],[-68.8012,44.9001],[-68.8022,44.9008],[-68.8028,44.9008],[-68.7952,44.8735],[-68.9134,44.8574],[-68.9204,44.8842],[-68.8784,44.8929],[-68.8933,44.9495],[-68.8078,44.9612],[-68.7918,44.901]]]}},{"type":"Feature","properties":{"TOWN":"Upper Cupsuptic Twp"},"geometry":{"type":"Polygon","coordinates":[[[-70.9463,45.1753],[-70.817,45.1903],[-70.7972,45.0954],[-70.8745,45.087],[-70.8831,45.0859],[-70.8829,45.0849],[-70.9245,45.0807],[-70.9463,45.1753]]]}},{"type":"Feature","properties":{"TOWN":"Casco"},"geometry":{"type":"Polygon","coordinates":[[[-70.5806,43.9113],[-70.58,43.9138],[-70.5769,43.9147],[-70.5718,43.9151],[-70.5754,43.9159],[-70.5761,43.917],[-70.5733,43.9184],[-70.5733,43.9193],[-70.5766,43.9194],[-70.5749,43.9224],[-70.5731,43.9237],[-70.5755,43.9234],[-70.5755,43.9247],[-70.5697,43.9275],[-70.5722,43.9279],[-70.5721,43.9291],[-70.5731,43.9301],[-70.5727,43.931],[-70.5751,43.9306],[-70.5763,43.9327],[-70.5744,43.9327],[-70.575,43.9339],[-70.5718,43.934],[-70.573,43.9356],[-70.5724,43.9361],[-70.5682,43.936],[-70.5697,43.9376],[-70.5696,43.9389],[-70.567,43.9391],[-70.5665,43.9376],[-70.5658,43.9375],[-70.5661,43.9396],[-70.5646,43.9399],[-70.5634,43.9384],[-70.5631,43.9403],[-70.5618,43.9415],[-70.5602,43.9403],[-70.56,43.9418],[-70.5582,43.9419],[-70.557,43.943],[-70.5584,43.9446],[-70.5593,43.9444],[-70.5589,43.9434],[-70.5595,43.943],[-70.5616,43.9439],[-70.5617,43.9448],[-70.5598,43.9455],[-70.562,43.9485],[-70.5599,43.9503],[-70.5611,43.952],[-70.5591,43.9515],[-70.5586,43.9506],[-70.5573,43.9519],[-70.5596,43.9524],[-70.5631,43.9553],[-70.5648,43.9552],[-70.5664,43.9561],[-70.5661,43.9583],[-70.5678,43.9624],[-70.5696,43.9636],[-70.568,43.9644],[-70.5691,43.9671],[-70.5674,43.9669],[-70.5674,43.9688],[-70.5699,43.9697],[-70.5676,43.9715],[-70.5674,43.9727],[-70.5683,43.9733],[-70.5684,43.9746],[-70.5666,43.9731],[-70.5657,43.9733],[-70.5663,43.9747],[-70.5644,43.9749],[-70.5647,43.9757],[-70.5635,43.9786],[-70.564,43.9797],[-70.5665,43.9801],[-70.5665,43.9808],[-70.5646,43.9809],[-70.5667,43.9822],[-70.509,44.0415],[-70.5052,44.0396],[-70.5024,44.0426],[-70.4801,44.0321],[-70.4812,44.0296],[-70.4794,44.0261],[-70.4486,44.0094],[-70.4532,44.005],[-70.448,44.0021],[-70.4552,43.9945],[-70.4539,43.9939],[-70.4595,43.9883],[-70.4615,43.989],[-70.4653,43.9855],[-70.4711,43.9777],[-70.4743,43.9744],[-70.4724,43.9738],[-70.4816,43.9663],[-70.4751,43.9629],[-70.4958,43.9443],[-70.494,43.9417],[-70.5002,43.9354],[-70.5009,43.9346],[-70.4996,43.934],[-70.505,43.9284],[-70.5044,43.9259],[-70.5061,43.9214],[-70.5085,43.9182],[-70.507,43.9156],[-70.5077,43.9134],[-70.5131,43.9086],[-70.5146,43.9082],[-70.5176,43.9043],[-70.5237,43.8991],[-70.5311,43.8946],[-70.5433,43.8715],[-70.5806,43.9113]]]}},{"type":"Feature","properties":{"TOWN":"Raymond"},"geometry":{"type":"Polygon","coordinates":[[[-70.5433,43.8715],[-70.5311,43.8946],[-70.5237,43.8991],[-70.5176,43.9043],[-70.5146,43.9082],[-70.5131,43.9086],[-70.5077,43.9134],[-70.507,43.9156],[-70.5085,43.9182],[-70.5061,43.9214],[-70.5044,43.9259],[-70.505,43.9284],[-70.4996,43.934],[-70.5009,43.9346],[-70.5002,43.9354],[-70.494,43.9417],[-70.4958,43.9443],[-70.4751,43.9629],[-70.4816,43.9663],[-70.4724,43.9738],[-70.4743,43.9744],[-70.4711,43.9777],[-70.4653,43.9855],[-70.4615,43.989],[-70.4595,43.9883],[-70.4539,43.9939],[-70.4552,43.9945],[-70.448,44.0021],[-70.4532,44.005],[-70.445,44.0128],[-70.402,43.9901],[-70.4051,43.9869],[-70.3778,43.9716],[-70.3872,43.9615],[-70.3745,43.9552],[-70.4255,43.9033],[-70.4454,43.8819],[-70.4547,43.8866],[-70.4867,43.8566],[-70.4995,43.8333],[-70.5357,43.864],[-70.5433,43.8715]]]}},{"type":"Feature","properties":{"TOWN":"Naples"},"geometry":{"type":"Polygon","coordinates":[[[-70.6895,43.9543],[-70.6646,43.967],[-70.6854,43.9899],[-70.6479,44.0079],[-70.6334,44.0129],[-70.5956,44.0321],[-70.5935,44.032],[-70.5929,44.0311],[-70.5947,44.0309],[-70.5923,44.0294],[-70.5909,44.0303],[-70.591,44.0277],[-70.5898,44.0284],[-70.5898,44.0269],[-70.5883,44.0263],[-70.5883,44.0256],[-70.5816,44.0223],[-70.5848,44.0213],[-70.5826,44.0187],[-70.5756,44.0166],[-70.5745,44.0156],[-70.5724,44.0163],[-70.5639,44.025],[-70.5559,44.0163],[-70.5548,44.0173],[-70.5441,44.0057],[-70.5667,43.9822],[-70.5646,43.9809],[-70.5665,43.9808],[-70.5665,43.9801],[-70.564,43.9797],[-70.5635,43.9786],[-70.5647,43.9757],[-70.5644,43.9749],[-70.5663,43.9747],[-70.5657,43.9733],[-70.5666,43.9731],[-70.5684,43.9746],[-70.5683,43.9733],[-70.5674,43.9727],[-70.5676,43.9715],[-70.5699,43.9697],[-70.5674,43.9688],[-70.5674,43.9669],[-70.5691,43.9671],[-70.568,43.9644],[-70.5696,43.9636],[-70.5678,43.9624],[-70.5661,43.9583],[-70.5664,43.9561],[-70.5648,43.9552],[-70.5631,43.9553],[-70.5596,43.9524],[-70.5573,43.9519],[-70.5586,43.9506],[-70.5591,43.9515],[-70.5611,43.952],[-70.5599,43.9503],[-70.562,43.9485],[-70.5598,43.9455],[-70.5617,43.9448],[-70.5616,43.9439],[-70.5595,43.943],[-70.5589,43.9434],[-70.5593,43.9444],[-70.5584,43.9446],[-70.557,43.943],[-70.5582,43.9419],[-70.56,43.9418],[-70.5602,43.9403],[-70.5618,43.9415],[-70.5631,43.9403],[-70.5634,43.9384],[-70.5646,43.9399],[-70.5661,43.9396],[-70.5658,43.9375],[-70.5665,43.9376],[-70.567,43.9391],[-70.5696,43.9389],[-70.5697,43.9376],[-70.5682,43.936],[-70.5724,43.9361],[-70.573,43.9356],[-70.5718,43.934],[-70.575,43.9339],[-70.5744,43.9327],[-70.5763,43.9327],[-70.5751,43.9306],[-70.5727,43.931],[-70.5731,43.9301],[-70.5721,43.9291],[-70.5722,43.9279],[-70.5697,43.9275],[-70.5755,43.9247],[-70.5755,43.9234],[-70.5731,43.9237],[-70.5749,43.9224],[-70.5766,43.9194],[-70.5733,43.9193],[-70.5733,43.9184],[-70.5761,43.917],[-70.5754,43.9159],[-70.5718,43.9151],[-70.58,43.9138],[-70.5804,43.9113],[-70.5855,43.9117],[-70.5863,43.9127],[-70.5912,43.9145],[-70.5948,43.9141],[-70.5968,43.9157],[-70.6017,43.915],[-70.6028,43.9135],[-70.6106,43.921],[-70.6239,43.9153],[-70.639,43.9315],[-70.6574,43.9218],[-70.6721,43.936],[-70.6718,43.9374],[-70.6703,43.9361],[-70.6694,43.9384],[-70.6709,43.9378],[-70.6722,43.9392],[-70.67,43.9397],[-70.6714,43.9417],[-70.677,43.9438],[-70.6823,43.9483],[-70.6866,43.9501],[-70.6895,43.9543]]]}},{"type":"Feature","properties":{"TOWN":"Sebago"},"geometry":{"type":"Polygon","coordinates":[[[-70.7579,43.9069],[-70.7556,43.9087],[-70.7545,43.9087],[-70.7525,43.9119],[-70.7531,43.9128],[-70.7525,43.914],[-70.7297,43.9284],[-70.7475,43.9459],[-70.7154,43.9618],[-70.7022,43.9478],[-70.6895,43.9543],[-70.6866,43.9501],[-70.6823,43.9483],[-70.6759,43.9432],[-70.6725,43.9425],[-70.67,43.9398],[-70.6718,43.9396],[-70.6717,43.9384],[-70.6709,43.9378],[-70.6694,43.9385],[-70.6703,43.9361],[-70.6718,43.9374],[-70.6721,43.936],[-70.6574,43.9218],[-70.639,43.9315],[-70.6239,43.9153],[-70.6106,43.921],[-70.6028,43.9135],[-70.6017,43.915],[-70.5968,43.9157],[-70.5948,43.9141],[-70.5912,43.9145],[-70.5863,43.9127],[-70.5855,43.9117],[-70.5806,43.9113],[-70.5356,43.864],[-70.6125,43.848],[-70.6268,43.8338],[-70.6415,43.8503],[-70.65,43.8464],[-70.6569,43.8544],[-70.6495,43.8585],[-70.6555,43.8669],[-70.665,43.8626],[-70.6727,43.8704],[-70.6813,43.8662],[-70.6855,43.87],[-70.7113,43.8578],[-70.7153,43.8613],[-70.7248,43.856],[-70.7456,43.8783],[-70.7429,43.8792],[-70.7416,43.8805],[-70.7416,43.8831],[-70.7425,43.8844],[-70.7403,43.8842],[-70.7377,43.8866],[-70.7371,43.89],[-70.7383,43.8899],[-70.7386,43.8889],[-70.7428,43.8857],[-70.7503,43.8859],[-70.7509,43.8861],[-70.7497,43.8876],[-70.7506,43.8883],[-70.7551,43.8884],[-70.7569,43.8998],[-70.7577,43.9011],[-70.7571,43.9051],[-70.7579,43.9069]]]}},{"type":"Feature","properties":{"TOWN":"Levant"},"geometry":{"type":"Polygon","coordinates":[[[-69.0624,44.927],[-68.979,44.938],[-68.9645,44.8844],[-68.9221,44.8901],[-68.9134,44.8574],[-69.0392,44.841],[-69.0624,44.927]]]}},{"type":"Feature","properties":{"TOWN":"T3 R8 WELS"},"geometry":{"type":"Polygon","coordinates":[[[-68.8229,45.9462],[-68.6935,45.9453],[-68.6939,45.8548],[-68.824,45.857],[-68.8229,45.9462]]]}},{"type":"Feature","properties":{"TOWN":"Mount Katahdin Twp"},"geometry":{"type":"Polygon","coordinates":[[[-68.9494,45.9465],[-68.8229,45.9462],[-68.824,45.857],[-68.9488,45.8558],[-68.9494,45.9465]]]}},{"type":"Feature","properties":{"TOWN":"T4 R8 WELS"},"geometry":{"type":"Polygon","coordinates":[[[-68.694,46.0345],[-68.6929,45.9991],[-68.6935,45.9453],[-68.8229,45.9462],[-68.8226,46.0001],[-68.8233,46.0357],[-68.694,46.0345]]]}},{"type":"Feature","properties":{"TOWN":"Deblois"},"geometry":{"type":"Polygon","coordinates":[[[-67.9148,44.6953],[-67.9995,44.6804],[-67.9995,44.679],[-68.0346,44.6742],[-68.0573,44.7615],[-67.9995,44.7702],[-67.9995,44.7685],[-67.9365,44.7777],[-67.9148,44.6953]]]}},{"type":"Feature","properties":{"TOWN":"Chesterville"},"geometry":{"type":"Polygon","coordinates":[[[-70.0551,44.621],[-70.053,44.6192],[-70.0526,44.6177],[-70.0542,44.6175],[-70.0529,44.617],[-70.0528,44.6162],[-70.0542,44.6158],[-70.0535,44.6153],[-70.0543,44.6151],[-70.0536,44.6144],[-70.0543,44.6139],[-70.0529,44.6126],[-70.0516,44.6127],[-70.0518,44.6119],[-70.0509,44.6123],[-70.0501,44.6107],[-70.0487,44.61],[-70.0494,44.6091],[-70.0487,44.6087],[-70.0487,44.607],[-70.0479,44.607],[-70.0472,44.6057],[-70.0466,44.6063],[-70.0452,44.6047],[-70.0461,44.6045],[-70.0455,44.6036],[-70.046,44.6025],[-70.0433,44.6011],[-70.0435,44.5996],[-70.0421,44.5977],[-70.0421,44.5954],[-70.0398,44.5909],[-70.0401,44.5885],[-70.0375,44.5836],[-70.0393,44.5797],[-70.0399,44.5797],[-70.04,44.5775],[-70.0413,44.5773],[-70.0403,44.5743],[-70.0415,44.5733],[-70.0411,44.5714],[-70.0436,44.5699],[-70.0445,44.5676],[-70.0462,44.5677],[-70.0459,44.566],[-70.0482,44.5649],[-70.0488,44.5622],[-70.0508,44.5607],[-70.0506,44.5596],[-70.0521,44.5583],[-70.0518,44.5573],[-70.0545,44.556],[-70.0551,44.5528],[-70.0585,44.5525],[-70.0579,44.5519],[-70.0598,44.5495],[-70.0592,44.5471],[-70.0608,44.5458],[-70.0601,44.5454],[-70.0629,44.5438],[-70.0653,44.5391],[-70.0674,44.5385],[-70.0688,44.5368],[-70.0708,44.5359],[-70.0714,44.5326],[-70.072,44.5324],[-70.0716,44.5313],[-70.0725,44.5302],[-70.0722,44.5293],[-70.0414,44.5142],[-70.0407,44.5151],[-70.04,44.5132],[-70.0355,44.5081],[-70.0372,44.5048],[-70.0371,44.5021],[-70.0379,44.5003],[-70.0423,44.4945],[-70.0452,44.4949],[-70.0458,44.4941],[-70.0464,44.4909],[-70.0445,44.4905],[-70.0423,44.4887],[-70.0423,44.4853],[-70.1294,44.4872],[-70.1396,44.5382],[-70.1525,44.5893],[-70.1345,44.5952],[-70.1257,44.5898],[-70.0949,44.6038],[-70.0938,44.6051],[-70.0947,44.6068],[-70.0938,44.6079],[-70.0939,44.6093],[-70.0905,44.6116],[-70.0876,44.6111],[-70.086,44.6137],[-70.0844,44.6136],[-70.0844,44.6148],[-70.0824,44.6154],[-70.0781,44.6201],[-70.0714,44.6206],[-70.0665,44.62],[-70.0617,44.6208],[-70.0579,44.62],[-70.0551,44.621]]]}},{"type":"Feature","properties":{"TOWN":"Mount Vernon"},"geometry":{"type":"Polygon","coordinates":[[[-69.9441,44.5378],[-69.9473,44.526],[-69.9455,44.5257],[-69.9475,44.5181],[-69.9135,44.5124],[-69.9096,44.5124],[-69.9147,44.5032],[-69.9154,44.5001],[-69.9074,44.4786],[-69.9073,44.4616],[-69.9057,44.4596],[-69.9059,44.4559],[-69.9041,44.4506],[-69.9056,44.4483],[-69.9056,44.4438],[-69.9043,44.4408],[-69.8831,44.4371],[-69.8871,44.4234],[-69.8861,44.4221],[-69.8897,44.4097],[-69.8825,44.4081],[-69.8878,44.4032],[-69.924,44.4099],[-69.9415,44.4116],[-69.9406,44.4151],[-69.9828,44.421],[-69.9833,44.4191],[-70.0306,44.4266],[-70.0252,44.4445],[-70.0157,44.464],[-70.0184,44.4671],[-70.0211,44.4683],[-70.0231,44.4657],[-70.0256,44.4667],[-70.0291,44.4656],[-70.0343,44.4604],[-70.0334,44.4595],[-70.0338,44.4585],[-70.0355,44.4599],[-70.0358,44.461],[-70.0344,44.4648],[-70.0331,44.4675],[-70.0318,44.4683],[-70.0323,44.4707],[-70.0307,44.4765],[-70.0317,44.4832],[-70.0308,44.4882],[-70.0328,44.49],[-70.0347,44.4901],[-70.0361,44.4891],[-70.0362,44.4881],[-70.0378,44.4875],[-70.0382,44.4845],[-70.0398,44.482],[-70.0423,44.4796],[-70.0429,44.4801],[-70.042,44.4822],[-70.0422,44.4884],[-70.0445,44.4905],[-70.0464,44.4909],[-70.0453,44.4948],[-70.0423,44.4945],[-70.0375,44.5008],[-70.0372,44.5048],[-70.0355,44.5081],[-70.0317,44.5072],[-70.0305,44.5077],[-70.0305,44.5088],[-70.0148,44.5045],[-70.0016,44.5027],[-69.9994,44.5034],[-69.9986,44.5021],[-69.9985,44.5031],[-69.9974,44.5038],[-69.998,44.5079],[-69.9966,44.5107],[-69.9956,44.5167],[-69.9941,44.517],[-69.9934,44.5148],[-69.9899,44.5168],[-69.9896,44.5203],[-69.9886,44.5211],[-69.9897,44.5237],[-69.9927,44.5243],[-69.9927,44.5251],[-69.9889,44.5254],[-69.9876,44.5241],[-69.9878,44.5224],[-69.9864,44.5211],[-69.9832,44.5223],[-69.9824,44.5236],[-69.9633,44.5206],[-69.9621,44.5246],[-69.9601,44.5244],[-69.9589,44.5277],[-69.9547,44.527],[-69.9527,44.5329],[-69.9515,44.5327],[-69.9497,44.5387],[-69.9441,44.5378]]]}},{"type":"Feature","properties":{"TOWN":"Vienna"},"geometry":{"type":"Polygon","coordinates":[[[-69.9468,44.5824],[-69.9326,44.5801],[-69.9406,44.5683],[-69.9358,44.5676],[-69.9441,44.5378],[-69.9497,44.5387],[-69.9515,44.5327],[-69.9527,44.5329],[-69.9547,44.527],[-69.9589,44.5277],[-69.9601,44.5244],[-69.9621,44.5246],[-69.9633,44.5206],[-69.9824,44.5236],[-69.9832,44.5223],[-69.9864,44.5211],[-69.9878,44.5224],[-69.9876,44.5241],[-69.9889,44.5254],[-69.9927,44.5251],[-69.9927,44.5243],[-69.9897,44.5237],[-69.9886,44.5211],[-69.9896,44.5203],[-69.9899,44.5168],[-69.9934,44.5148],[-69.9941,44.517],[-69.9956,44.5167],[-69.9966,44.5107],[-69.998,44.5079],[-69.9974,44.5038],[-69.9986,44.503],[-69.9985,44.5021],[-69.9997,44.5034],[-70.0016,44.5027],[-70.0148,44.5045],[-70.0305,44.5088],[-70.0305,44.5077],[-70.0317,44.5072],[-70.0358,44.5081],[-70.04,44.5132],[-70.0407,44.5151],[-70.0414,44.5142],[-70.0722,44.5293],[-70.0708,44.5359],[-70.0688,44.5368],[-70.0674,44.5385],[-70.0653,44.5391],[-70.0629,44.5438],[-70.0616,44.544],[-70.0601,44.5454],[-70.0606,44.5463],[-70.0592,44.5469],[-70.0598,44.5495],[-70.0579,44.5519],[-70.0585,44.5525],[-70.0551,44.5528],[-70.0545,44.556],[-70.0518,44.5573],[-70.0521,44.5583],[-70.0506,44.5596],[-70.0508,44.5607],[-70.0488,44.5622],[-70.0482,44.5649],[-70.0459,44.566],[-70.0462,44.5677],[-70.0445,44.5676],[-70.0436,44.5699],[-70.0411,44.5714],[-70.0415,44.5733],[-70.0403,44.5743],[-70.0413,44.5773],[-70.04,44.5775],[-70.0399,44.5797],[-70.0393,44.5797],[-70.0375,44.5836],[-70.0402,44.5887],[-69.9535,44.5747],[-69.9468,44.5824]]]}},{"type":"Feature","properties":{"TOWN":"T9 SD BPP"},"geometry":{"type":"Polygon","coordinates":[[[-68.1462,44.6588],[-68.1253,44.5718],[-68.1573,44.5668],[-68.1737,44.6358],[-68.1676,44.6365],[-68.1685,44.6402],[-68.1611,44.6413],[-68.1614,44.6438],[-68.1618,44.6453],[-68.1697,44.6442],[-68.1708,44.6479],[-68.1731,44.6476],[-68.1742,44.6516],[-68.178,44.6511],[-68.1788,44.6544],[-68.1462,44.6588]]]}},{"type":"Feature","properties":{"TOWN":"T16 MD BPP"},"geometry":{"type":"Polygon","coordinates":[[[-68.0573,44.7615],[-68.0346,44.6742],[-68.1599,44.657],[-68.1701,44.6959],[-68.181,44.7429],[-68.0573,44.7615]]]}},{"type":"Feature","properties":{"TOWN":"T10 SD BPP"},"geometry":{"type":"Polygon","coordinates":[[[-67.9936,44.5922],[-68.0785,44.5806],[-68.1253,44.5718],[-68.1462,44.6588],[-68.0161,44.6767],[-67.9936,44.5922]]]}},{"type":"Feature","properties":{"TOWN":"Stoneham"},"geometry":{"type":"Polygon","coordinates":[[[-70.8452,44.3011],[-70.7865,44.227],[-70.8039,44.2186],[-70.8005,44.2145],[-70.8158,44.2064],[-70.8637,44.2614],[-70.9132,44.2387],[-70.9558,44.2209],[-70.9743,44.2579],[-70.9765,44.268],[-70.9593,44.2898],[-70.9495,44.2948],[-70.8977,44.3095],[-70.8452,44.3011]]]}},{"type":"Feature","properties":{"TOWN":"Albany Twp"},"geometry":{"type":"Polygon","coordinates":[[[-70.6856,44.2805],[-70.745,44.2487],[-70.7492,44.253],[-70.7565,44.2484],[-70.7648,44.245],[-70.7666,44.2432],[-70.7854,44.2336],[-70.7814,44.2295],[-70.7865,44.227],[-70.8452,44.3011],[-70.8681,44.3393],[-70.7627,44.3823],[-70.6856,44.2805]]]}},{"type":"Feature","properties":{"TOWN":"Waterford"},"geometry":{"type":"Polygon","coordinates":[[[-70.709,44.2681],[-70.6189,44.1739],[-70.6959,44.1342],[-70.6995,44.1392],[-70.7349,44.1219],[-70.8158,44.2064],[-70.8005,44.2145],[-70.8039,44.2186],[-70.7814,44.2295],[-70.7854,44.2336],[-70.7666,44.2432],[-70.7648,44.245],[-70.7532,44.2501],[-70.7492,44.253],[-70.745,44.2487],[-70.709,44.2681]]]}},{"type":"Feature","properties":{"TOWN":"West Gardiner"},"geometry":{"type":"Polygon","coordinates":[[[-69.8762,44.258],[-69.8774,44.2564],[-69.8626,44.254],[-69.8619,44.2545],[-69.8482,44.2516],[-69.8555,44.2465],[-69.8457,44.2434],[-69.8472,44.2386],[-69.8,44.2425],[-69.8073,44.221],[-69.8058,44.2211],[-69.8015,44.2133],[-69.8058,44.2112],[-69.806,44.2069],[-69.8085,44.204],[-69.824,44.1936],[-69.8327,44.1911],[-69.836,44.1852],[-69.84,44.1818],[-69.8448,44.1755],[-69.8456,44.1732],[-69.8479,44.1719],[-69.8481,44.1705],[-69.8517,44.1738],[-69.852,44.1761],[-69.8532,44.1777],[-69.8559,44.1793],[-69.8603,44.1789],[-69.8652,44.1813],[-69.8674,44.1816],[-69.872,44.1809],[-69.876,44.1814],[-69.8804,44.18],[-69.8849,44.1817],[-69.8903,44.1816],[-69.8942,44.1828],[-69.895,44.1855],[-69.898,44.1896],[-69.8973,44.1923],[-69.8952,44.1946],[-69.8969,44.1979],[-69.8969,44.202],[-69.8997,44.2033],[-69.9007,44.2071],[-69.9116,44.2102],[-69.9146,44.2174],[-69.9184,44.2197],[-69.9221,44.2239],[-69.9221,44.2252],[-69.9205,44.2267],[-69.9179,44.2272],[-69.9172,44.226],[-69.9156,44.2271],[-69.913,44.2327],[-69.9472,44.2383],[-69.9374,44.2677],[-69.9232,44.2709],[-69.9014,44.2673],[-69.9021,44.2659],[-69.8887,44.2638],[-69.8902,44.2604],[-69.8762,44.258]]]}},{"type":"Feature","properties":{"TOWN":"Livermore Falls"},"geometry":{"type":"Polygon","coordinates":[[[-70.1005,44.3839],[-70.1222,44.3811],[-70.1201,44.3727],[-70.1532,44.3694],[-70.152,44.3721],[-70.1529,44.3764],[-70.1531,44.3839],[-70.1504,44.3896],[-70.1527,44.3959],[-70.1534,44.4001],[-70.1519,44.4095],[-70.1529,44.4149],[-70.154,44.4165],[-70.1562,44.4176],[-70.168,44.4211],[-70.173,44.4241],[-70.1737,44.4253],[-70.1742,44.4327],[-70.1726,44.4391],[-70.1739,44.445],[-70.1731,44.4497],[-70.1786,44.458],[-70.1822,44.4596],[-70.1847,44.4618],[-70.1856,44.4672],[-70.1865,44.4685],[-70.1998,44.4783],[-70.1294,44.4872],[-70.1005,44.3839]]]}},{"type":"Feature","properties":{"TOWN":"Leeds"},"geometry":{"type":"Polygon","coordinates":[[[-70.1289,44.3682],[-70.1138,44.3508],[-70.1022,44.336],[-70.1002,44.3346],[-70.0991,44.3196],[-70.0745,44.2985],[-70.0757,44.2062],[-70.1784,44.2588],[-70.1771,44.264],[-70.1745,44.2685],[-70.1771,44.2771],[-70.1762,44.2822],[-70.1744,44.2849],[-70.1789,44.2928],[-70.1788,44.3009],[-70.1808,44.3052],[-70.181,44.3074],[-70.1827,44.3101],[-70.1834,44.3165],[-70.1846,44.3191],[-70.1836,44.3232],[-70.1867,44.3248],[-70.1883,44.3281],[-70.1958,44.33],[-70.1988,44.3326],[-70.1964,44.3356],[-70.1896,44.3401],[-70.1887,44.3425],[-70.1845,44.3459],[-70.1879,44.3487],[-70.1889,44.3539],[-70.1874,44.3622],[-70.1854,44.3674],[-70.1816,44.3693],[-70.1783,44.3684],[-70.1716,44.3686],[-70.1634,44.367],[-70.1569,44.3678],[-70.1532,44.3694],[-70.1326,44.3714],[-70.1317,44.3675],[-70.1289,44.3682]]]}},{"type":"Feature","properties":{"TOWN":"Wayne"},"geometry":{"type":"Polygon","coordinates":[[[-70.0256,44.3812],[-70.0112,44.379],[-70.0222,44.34],[-70.0298,44.3085],[-70.0436,44.31],[-70.0454,44.3024],[-70.0449,44.2981],[-70.0459,44.2923],[-70.0448,44.288],[-70.039,44.2864],[-70.0406,44.2858],[-70.0413,44.2841],[-70.0743,44.2902],[-70.0746,44.2986],[-70.0991,44.3196],[-70.1002,44.3346],[-70.1022,44.336],[-70.1138,44.3508],[-70.1289,44.3682],[-70.1317,44.3675],[-70.1327,44.3712],[-70.1201,44.3727],[-70.1222,44.3811],[-70.1005,44.3839],[-70.0995,44.3801],[-70.023,44.3907],[-70.0256,44.3812]]]}},{"type":"Feature","properties":{"TOWN":"Acton"},"geometry":{"type":"Polygon","coordinates":[[[-70.9085,43.5976],[-70.8983,43.5723],[-70.8926,43.568],[-70.8881,43.5586],[-70.8792,43.5468],[-70.8752,43.5312],[-70.8738,43.5305],[-70.8724,43.5309],[-70.8715,43.5325],[-70.8719,43.5336],[-70.8687,43.5357],[-70.8669,43.5359],[-70.8661,43.5352],[-70.8645,43.5168],[-70.8598,43.5099],[-70.8577,43.5042],[-70.8605,43.502],[-70.8617,43.4978],[-70.8664,43.4927],[-70.8628,43.4702],[-70.9003,43.4658],[-70.9051,43.4702],[-70.926,43.4556],[-70.9357,43.4639],[-70.9432,43.4613],[-70.9697,43.4806],[-70.9684,43.4802],[-70.9675,43.481],[-70.9686,43.4822],[-70.9672,43.4825],[-70.968,43.4826],[-70.9689,43.4841],[-70.9683,43.4844],[-70.9686,43.4854],[-70.9694,43.486],[-70.968,43.4885],[-70.9683,43.4895],[-70.9644,43.4936],[-70.9644,43.4971],[-70.9589,43.4994],[-70.9598,43.5003],[-70.9585,43.5017],[-70.958,43.5081],[-70.9545,43.5097],[-70.955,43.5114],[-70.9568,43.5128],[-70.9539,43.5192],[-70.954,43.5223],[-70.9571,43.5246],[-70.9568,43.5284],[-70.9583,43.5301],[-70.9578,43.5315],[-70.9625,43.5342],[-70.963,43.5384],[-70.9638,43.5394],[-70.9614,43.5402],[-70.962,43.5412],[-70.9588,43.5406],[-70.9559,43.5421],[-70.9551,43.5406],[-70.9535,43.5406],[-70.9538,43.5437],[-70.9525,43.5454],[-70.952,43.5498],[-70.9506,43.5513],[-70.9549,43.5541],[-70.9556,43.5589],[-70.9573,43.5613],[-70.9628,43.5634],[-70.9667,43.5694],[-70.9699,43.5686],[-70.9728,43.5703],[-70.9752,43.6144],[-70.9656,43.6123],[-70.9568,43.6123],[-70.9481,43.6075],[-70.9451,43.6071],[-70.9415,43.6052],[-70.9357,43.6057],[-70.9324,43.605],[-70.9289,43.6029],[-70.9295,43.6021],[-70.9288,43.6009],[-70.9267,43.6019],[-70.9251,43.6014],[-70.9253,43.6004],[-70.9238,43.6002],[-70.9218,43.6016],[-70.9197,43.6018],[-70.9187,43.6008],[-70.9162,43.6006],[-70.9121,43.5983],[-70.912,43.5974],[-70.9085,43.5976]]]}},{"type":"Feature","properties":{"TOWN":"Lebanon"},"geometry":{"type":"Polygon","coordinates":[[[-70.9697,43.4806],[-70.9432,43.4613],[-70.9357,43.4639],[-70.926,43.4556],[-70.9051,43.4702],[-70.9003,43.4658],[-70.8721,43.4691],[-70.8568,43.4563],[-70.8599,43.4543],[-70.8352,43.4362],[-70.8478,43.4277],[-70.8135,43.4016],[-70.8461,43.3788],[-70.8572,43.3725],[-70.9228,43.3259],[-70.9262,43.326],[-70.9242,43.3273],[-70.9309,43.3296],[-70.9317,43.331],[-70.9312,43.3334],[-70.934,43.3354],[-70.9317,43.3354],[-70.9308,43.3362],[-70.9328,43.3373],[-70.9375,43.3376],[-70.9401,43.3355],[-70.942,43.3352],[-70.9447,43.3351],[-70.9462,43.3361],[-70.9468,43.3347],[-70.9502,43.3357],[-70.9525,43.3346],[-70.9525,43.3334],[-70.9562,43.3341],[-70.9576,43.3383],[-70.9595,43.341],[-70.9624,43.3418],[-70.9634,43.3409],[-70.9643,43.3433],[-70.9667,43.3433],[-70.968,43.3446],[-70.9688,43.3464],[-70.9665,43.3478],[-70.9675,43.3493],[-70.971,43.3505],[-70.9714,43.3488],[-70.9731,43.3488],[-70.9735,43.3499],[-70.9727,43.3504],[-70.972,43.3547],[-70.974,43.3558],[-70.976,43.3584],[-70.9781,43.3584],[-70.9746,43.3636],[-70.9765,43.3672],[-70.9811,43.3708],[-70.981,43.3734],[-70.9835,43.3763],[-70.9827,43.3778],[-70.9857,43.3792],[-70.9863,43.3823],[-70.9855,43.3864],[-70.9879,43.39],[-70.9872,43.3936],[-70.9827,43.3946],[-70.9823,43.3983],[-70.9856,43.4016],[-70.9865,43.404],[-70.9859,43.4105],[-70.9871,43.4131],[-70.9813,43.4209],[-70.9756,43.4219],[-70.9697,43.4269],[-70.9685,43.4293],[-70.9694,43.4332],[-70.9688,43.4346],[-70.963,43.4365],[-70.9609,43.4389],[-70.9614,43.4429],[-70.9659,43.4478],[-70.9666,43.4513],[-70.9603,43.4662],[-70.9611,43.4692],[-70.9646,43.4733],[-70.9657,43.4728],[-70.9672,43.4739],[-70.9676,43.4732],[-70.9688,43.4738],[-70.9703,43.4732],[-70.973,43.4752],[-70.9724,43.4756],[-70.9737,43.4764],[-70.9737,43.4772],[-70.9754,43.477],[-70.9761,43.4785],[-70.9722,43.4784],[-70.9698,43.4797],[-70.9703,43.4802],[-70.9697,43.4806]]]}},{"type":"Feature","properties":{"TOWN":"Wales"},"geometry":{"type":"Polygon","coordinates":[[[-70.0884,44.2126],[-70.0659,44.2008],[-70.0555,44.1991],[-70.0605,44.1918],[-69.9938,44.1806],[-69.9988,44.1668],[-70.0103,44.1687],[-70.014,44.1576],[-70.0185,44.1579],[-70.0274,44.1306],[-70.0295,44.131],[-70.0306,44.1279],[-70.0561,44.1314],[-70.056,44.1327],[-70.0618,44.1335],[-70.0641,44.1325],[-70.1018,44.1377],[-70.1012,44.1408],[-70.1017,44.1458],[-70.0902,44.1667],[-70.0848,44.1901],[-70.0809,44.1955],[-70.0884,44.2126]]]}},{"type":"Feature","properties":{"TOWN":"Sabattus"},"geometry":{"type":"Polygon","coordinates":[[[-70.1018,44.1377],[-70.0641,44.1325],[-70.0618,44.1335],[-70.056,44.1327],[-70.0561,44.1314],[-70.0306,44.1279],[-70.0295,44.131],[-70.0117,44.128],[-70.0124,44.1254],[-70.0055,44.1245],[-70.0252,44.0509],[-70.1268,44.0656],[-70.1239,44.0804],[-70.1162,44.1078],[-70.1188,44.1154],[-70.1157,44.1261],[-70.1006,44.1313],[-70.1018,44.1377]]]}},{"type":"Feature","properties":{"TOWN":"Sidney"},"geometry":{"type":"Polygon","coordinates":[[[-69.7605,44.5141],[-69.6766,44.5005],[-69.6794,44.4922],[-69.6818,44.4878],[-69.6838,44.4807],[-69.6833,44.4756],[-69.6868,44.4585],[-69.6962,44.4422],[-69.6973,44.4366],[-69.7012,44.4275],[-69.7134,44.4119],[-69.7223,44.4065],[-69.7279,44.3977],[-69.7298,44.3879],[-69.7285,44.383],[-69.7271,44.381],[-69.7278,44.379],[-69.729,44.3778],[-69.8321,44.3939],[-69.792,44.4843],[-69.7832,44.4904],[-69.7762,44.5004],[-69.7648,44.5072],[-69.7625,44.5098],[-69.7605,44.5141]]]}},{"type":"Feature","properties":{"TOWN":"Waterville"},"geometry":{"type":"Polygon","coordinates":[[[-69.6766,44.5005],[-69.7199,44.5075],[-69.7184,44.5134],[-69.6695,44.558],[-69.667,44.5642],[-69.667,44.5658],[-69.6712,44.5662],[-69.6672,44.578],[-69.6702,44.58],[-69.6685,44.5851],[-69.6655,44.5864],[-69.6057,44.5773],[-69.6107,44.5728],[-69.6142,44.5674],[-69.6214,44.5631],[-69.625,44.5582],[-69.6259,44.5561],[-69.6258,44.5525],[-69.6272,44.5454],[-69.6296,44.5422],[-69.6332,44.5399],[-69.6377,44.535],[-69.6498,44.5289],[-69.6591,44.5213],[-69.6734,44.5079],[-69.6766,44.5005]]]}},{"type":"Feature","properties":{"TOWN":"Oakland"},"geometry":{"type":"Polygon","coordinates":[[[-69.7184,44.5134],[-69.7199,44.5075],[-69.7879,44.5185],[-69.7819,44.5268],[-69.7798,44.5347],[-69.7726,44.5383],[-69.7707,44.5434],[-69.7704,44.5477],[-69.7662,44.5586],[-69.779,44.5604],[-69.7782,44.563],[-69.7797,44.5684],[-69.783,44.5689],[-69.7827,44.5706],[-69.7836,44.5707],[-69.7823,44.5759],[-69.7928,44.5773],[-69.7873,44.5941],[-69.7763,44.6082],[-69.7443,44.6026],[-69.7421,44.5983],[-69.6655,44.5864],[-69.6687,44.5848],[-69.669,44.5821],[-69.6702,44.58],[-69.6672,44.578],[-69.6712,44.5662],[-69.667,44.5658],[-69.667,44.5639],[-69.6697,44.5577],[-69.7184,44.5134]]]}},{"type":"Feature","properties":{"TOWN":"Fletchers Landing Twp"},"geometry":{"type":"Polygon","coordinates":[[[-68.2908,44.5938],[-68.396,44.579],[-68.4071,44.6227],[-68.3037,44.6371],[-68.2908,44.5938]]]}},{"type":"Feature","properties":{"TOWN":"Beaver Cove"},"geometry":{"type":"Polygon","coordinates":[[[-69.3245,45.563],[-69.5928,45.5221],[-69.5992,45.5217],[-69.6013,45.5232],[-69.6017,45.5213],[-69.6002,45.521],[-69.6056,45.5202],[-69.6067,45.5209],[-69.6056,45.5215],[-69.609,45.5227],[-69.6109,45.5255],[-69.6128,45.5262],[-69.6168,45.5348],[-69.6109,45.5354],[-69.6119,45.536],[-69.6111,45.537],[-69.6125,45.5372],[-69.6136,45.5388],[-69.6109,45.5377],[-69.6098,45.5383],[-69.6114,45.5393],[-69.6114,45.5399],[-69.6103,45.5398],[-69.6105,45.5418],[-69.6134,45.5401],[-69.6121,45.5422],[-69.6108,45.5421],[-69.6114,45.5432],[-69.6094,45.542],[-69.6056,45.5416],[-69.6055,45.5439],[-69.6038,45.5437],[-69.6032,45.5429],[-69.6003,45.543],[-69.5988,45.545],[-69.5948,45.5454],[-69.5953,45.5465],[-69.5972,45.5473],[-69.595,45.5475],[-69.5943,45.546],[-69.5918,45.5457],[-69.5901,45.5468],[-69.587,45.5472],[-69.5849,45.549],[-69.5831,45.549],[-69.5803,45.5507],[-69.5777,45.5496],[-69.5783,45.5482],[-69.576,45.5478],[-69.5771,45.5477],[-69.5759,45.5474],[-69.5753,45.5462],[-69.5762,45.5455],[-69.5756,45.5452],[-69.5766,45.5445],[-69.5783,45.5455],[-69.5788,45.545],[-69.5749,45.5403],[-69.5643,45.5358],[-69.561,45.5331],[-69.5599,45.5335],[-69.5578,45.5328],[-69.5578,45.5335],[-69.5568,45.5331],[-69.5565,45.5339],[-69.5562,45.5321],[-69.5548,45.5329],[-69.5527,45.5323],[-69.5522,45.5328],[-69.5541,45.5344],[-69.5513,45.5345],[-69.5521,45.5339],[-69.5511,45.5328],[-69.5476,45.5325],[-69.5481,45.5331],[-69.5474,45.534],[-69.5487,45.5337],[-69.5512,45.5359],[-69.5483,45.539],[-69.5488,45.5415],[-69.5567,45.5464],[-69.557,45.5482],[-69.5624,45.5554],[-69.5666,45.5587],[-69.5668,45.561],[-69.57,45.5617],[-69.5733,45.5594],[-69.5767,45.5616],[-69.5763,45.564],[-69.5747,45.565],[-69.5738,45.5649],[-69.5735,45.5621],[-69.5699,45.5644],[-69.5684,45.5677],[-69.5673,45.5664],[-69.5678,45.5657],[-69.5644,45.5672],[-69.5646,45.5688],[-69.5664,45.5682],[-69.5667,45.5691],[-69.5673,45.5688],[-69.5686,45.5717],[-69.568,45.5734],[-69.5645,45.5749],[-69.5648,45.5758],[-69.5609,45.5753],[-69.5581,45.5766],[-69.5578,45.5774],[-69.5577,45.5742],[-69.5591,45.5735],[-69.5572,45.5727],[-69.5548,45.5729],[-69.5515,45.5752],[-69.549,45.5757],[-69.5524,45.5761],[-69.5509,45.5779],[-69.5529,45.579],[-69.5518,45.5794],[-69.5537,45.5804],[-69.5514,45.5807],[-69.55,45.5823],[-69.5523,45.581],[-69.5537,45.582],[-69.5529,45.5828],[-69.5484,45.583],[-69.5497,45.5815],[-69.5488,45.5812],[-69.5468,45.5827],[-69.5449,45.5822],[-69.5454,45.5818],[-69.5432,45.5813],[-69.5444,45.5806],[-69.5424,45.5798],[-69.5444,45.5797],[-69.5449,45.579],[-69.539,45.5784],[-69.5383,45.5779],[-69.5388,45.5771],[-69.5348,45.5769],[-69.5325,45.5783],[-69.531,45.5802],[-69.5295,45.5789],[-69.5308,45.5764],[-69.5295,45.5757],[-69.5304,45.5765],[-69.5287,45.5787],[-69.5276,45.5782],[-69.5257,45.5787],[-69.5246,45.58],[-69.5246,45.5817],[-69.3252,45.584],[-69.3245,45.563]]]}},{"type":"Feature","properties":{"TOWN":"Milo"},"geometry":{"type":"Polygon","coordinates":[[[-68.9135,45.2291],[-69.0288,45.2103],[-69.0521,45.2954],[-68.9381,45.3123],[-68.9135,45.2291]]]}},{"type":"Feature","properties":{"TOWN":"Atkinson Twp"},"geometry":{"type":"Polygon","coordinates":[[[-69.0078,45.2133],[-68.9857,45.1335],[-68.9755,45.1349],[-68.9735,45.1272],[-69.1094,45.1072],[-69.1322,45.1968],[-69.1287,45.1966],[-69.1244,45.1913],[-69.1216,45.1911],[-69.1197,45.1927],[-69.1208,45.195],[-69.1204,45.1965],[-69.1143,45.1982],[-69.1167,45.2019],[-69.1121,45.204],[-69.1113,45.2064],[-69.1084,45.2072],[-69.1036,45.2069],[-69.0934,45.2038],[-69.0878,45.2054],[-69.0836,45.2054],[-69.0713,45.202],[-69.0645,45.2033],[-69.0634,45.2042],[-69.0635,45.2056],[-69.0625,45.206],[-69.0583,45.2043],[-69.0532,45.2042],[-69.049,45.2025],[-69.0455,45.2036],[-69.0459,45.2063],[-69.0448,45.2076],[-69.0427,45.2079],[-69.0363,45.2067],[-69.0337,45.2088],[-69.0324,45.2112],[-69.0295,45.2132],[-69.0288,45.2103],[-69.0078,45.2133]]]}},{"type":"Feature","properties":{"TOWN":"Sebec"},"geometry":{"type":"Polygon","coordinates":[[[-69.0521,45.2954],[-69.0295,45.2132],[-69.0324,45.2112],[-69.0351,45.2075],[-69.038,45.2067],[-69.0444,45.2078],[-69.0458,45.2066],[-69.0455,45.2036],[-69.0487,45.2025],[-69.0532,45.2042],[-69.0583,45.2043],[-69.0625,45.206],[-69.0635,45.2056],[-69.0634,45.2042],[-69.0642,45.2034],[-69.0701,45.202],[-69.0836,45.2054],[-69.0878,45.2054],[-69.0934,45.2038],[-69.1036,45.2069],[-69.1084,45.2072],[-69.1113,45.2064],[-69.1121,45.204],[-69.1167,45.2019],[-69.1143,45.1982],[-69.1202,45.1967],[-69.1208,45.195],[-69.1197,45.1927],[-69.1224,45.1909],[-69.1249,45.1918],[-69.1284,45.1964],[-69.1323,45.1972],[-69.1616,45.1932],[-69.1808,45.2647],[-69.1797,45.2647],[-69.1781,45.2665],[-69.1803,45.2671],[-69.1799,45.2688],[-69.1742,45.2673],[-69.1708,45.2673],[-69.1601,45.2699],[-69.1449,45.2671],[-69.1453,45.2688],[-69.1427,45.2689],[-69.1412,45.2696],[-69.1426,45.2693],[-69.1434,45.2697],[-69.1429,45.2701],[-69.1455,45.2702],[-69.1495,45.2718],[-69.1526,45.2764],[-69.1549,45.2777],[-69.155,45.2798],[-69.1559,45.2809],[-69.0521,45.2954]]]}},{"type":"Feature","properties":{"TOWN":"Industry"},"geometry":{"type":"Polygon","coordinates":[[[-70.0303,44.8221],[-70.0271,44.8091],[-70.0207,44.8098],[-70.0156,44.787],[-70.0032,44.7883],[-70.0008,44.7738],[-70.0039,44.7735],[-70.0007,44.7592],[-70.0135,44.7577],[-70.003,44.7089],[-70.0095,44.7082],[-70.0088,44.7048],[-70.0221,44.7033],[-70.0229,44.7046],[-70.0256,44.7043],[-70.027,44.7028],[-70.0494,44.7003],[-70.0772,44.7147],[-70.0874,44.7047],[-70.0975,44.7427],[-70.1115,44.7412],[-70.1158,44.7604],[-70.0752,44.764],[-70.088,44.815],[-70.0303,44.8221]]]}},{"type":"Feature","properties":{"TOWN":"Starks"},"geometry":{"type":"Polygon","coordinates":[[[-69.8893,44.7651],[-69.8949,44.7628],[-69.9016,44.7637],[-69.9027,44.7609],[-69.9022,44.7594],[-69.8955,44.7586],[-69.8928,44.7552],[-69.8933,44.7542],[-69.8945,44.7542],[-69.8967,44.7565],[-69.8997,44.7566],[-69.9022,44.7553],[-69.9034,44.7532],[-69.903,44.7513],[-69.8958,44.7485],[-69.8926,44.745],[-69.893,44.7435],[-69.8977,44.7386],[-69.8969,44.7367],[-69.8989,44.7334],[-69.8989,44.7319],[-69.8954,44.7305],[-69.891,44.7328],[-69.8849,44.733],[-69.8839,44.7322],[-69.8868,44.7288],[-69.8861,44.7258],[-69.8869,44.7227],[-69.8884,44.7211],[-69.8954,44.7178],[-69.8965,44.7143],[-69.9056,44.7104],[-69.9166,44.7114],[-69.922,44.7046],[-69.9282,44.7031],[-69.93,44.7035],[-69.9316,44.7058],[-69.9351,44.7076],[-69.9438,44.7092],[-69.9518,44.7035],[-69.9566,44.7036],[-69.9579,44.7028],[-69.9569,44.6988],[-69.9575,44.693],[-69.9562,44.6906],[-69.9634,44.6859],[-69.9601,44.6812],[-69.9962,44.6775],[-70.0135,44.7577],[-70.0007,44.7592],[-70.0039,44.7735],[-69.8889,44.7878],[-69.8878,44.7854],[-69.8883,44.7834],[-69.8866,44.7786],[-69.8864,44.7752],[-69.8889,44.7685],[-69.8893,44.7651]]]}},{"type":"Feature","properties":{"TOWN":"Seboomook Twp"},"geometry":{"type":"Polygon","coordinates":[[[-69.6836,45.9836],[-69.6555,45.8918],[-69.6981,45.8848],[-69.6979,45.8857],[-69.7017,45.8861],[-69.7058,45.885],[-69.7082,45.8857],[-69.7117,45.8847],[-69.7128,45.8832],[-69.7158,45.8834],[-69.721,45.8814],[-69.7328,45.8797],[-69.7353,45.8804],[-69.7356,45.8811],[-69.7367,45.8808],[-69.7365,45.8822],[-69.7378,45.8832],[-69.7382,45.8812],[-69.7376,45.8802],[-69.7347,45.8795],[-69.7869,45.8723],[-69.7959,45.9058],[-69.8132,45.9642],[-69.6836,45.9836]]]}},{"type":"Feature","properties":{"TOWN":"Lakeville"},"geometry":{"type":"Polygon","coordinates":[[[-68.0348,45.3684],[-68.0204,45.3199],[-68.016,45.3086],[-68.0089,45.2787],[-68.0026,45.2598],[-68.0346,45.256],[-68.055,45.2526],[-68.1235,45.2449],[-68.1807,45.2372],[-68.1877,45.2599],[-68.19,45.263],[-68.2128,45.3386],[-68.0348,45.3684]]]}},{"type":"Feature","properties":{"TOWN":"Limestone"},"geometry":{"type":"Polygon","coordinates":[[[-67.9016,46.8663],[-67.9267,46.8658],[-67.9268,46.8666],[-67.9292,46.9579],[-67.7897,46.9592],[-67.7895,46.8722],[-67.9016,46.8663]]]}},{"type":"Feature","properties":{"TOWN":"Caribou"},"geometry":{"type":"Polygon","coordinates":[[[-67.9292,46.9579],[-67.9267,46.8658],[-67.9191,46.866],[-67.9192,46.7789],[-68.0565,46.7757],[-68.06,46.8509],[-68.0629,46.9556],[-67.9292,46.9579]]]}},{"type":"Feature","properties":{"TOWN":"Caswell"},"geometry":{"type":"Polygon","coordinates":[[[-67.9292,46.9579],[-67.9312,47.0484],[-67.7902,47.0501],[-67.7897,46.9592],[-67.9292,46.9579]]]}},{"type":"Feature","properties":{"TOWN":"Windham"},"geometry":{"type":"Polygon","coordinates":[[[-70.4547,43.8866],[-70.3244,43.8198],[-70.3368,43.8072],[-70.3432,43.8103],[-70.3613,43.7537],[-70.3779,43.6982],[-70.3783,43.6974],[-70.3807,43.6988],[-70.3863,43.6986],[-70.3881,43.6999],[-70.3921,43.701],[-70.3945,43.7029],[-70.396,43.7059],[-70.4034,43.7059],[-70.4041,43.7069],[-70.4026,43.708],[-70.4023,43.7095],[-70.4047,43.7118],[-70.4059,43.7154],[-70.4119,43.7179],[-70.4131,43.7207],[-70.4156,43.7225],[-70.4186,43.7264],[-70.4223,43.7287],[-70.4238,43.7336],[-70.4274,43.7346],[-70.4281,43.7381],[-70.4324,43.7412],[-70.4351,43.7406],[-70.436,43.7388],[-70.4374,43.7393],[-70.4396,43.7457],[-70.4385,43.7485],[-70.444,43.7487],[-70.4477,43.7517],[-70.4485,43.7553],[-70.4469,43.7595],[-70.4492,43.7626],[-70.4478,43.7638],[-70.4484,43.7652],[-70.4479,43.7662],[-70.4457,43.7673],[-70.4465,43.769],[-70.4436,43.7728],[-70.4454,43.7727],[-70.4475,43.7762],[-70.4523,43.7773],[-70.4527,43.7797],[-70.4545,43.7812],[-70.455,43.7829],[-70.4538,43.7914],[-70.4504,43.7937],[-70.4474,43.7996],[-70.4476,43.801],[-70.4501,43.8025],[-70.4508,43.8089],[-70.4485,43.815],[-70.4493,43.8184],[-70.4479,43.82],[-70.4487,43.8213],[-70.4466,43.8263],[-70.4468,43.8283],[-70.4509,43.8312],[-70.4522,43.8311],[-70.4534,43.8295],[-70.4551,43.8304],[-70.4621,43.8309],[-70.4622,43.8321],[-70.4594,43.8364],[-70.4651,43.8456],[-70.4867,43.8566],[-70.4547,43.8866]]]}},{"type":"Feature","properties":{"TOWN":"Gorham"},"geometry":{"type":"Polygon","coordinates":[[[-70.4538,43.7914],[-70.4549,43.7822],[-70.4527,43.7797],[-70.4524,43.7774],[-70.4475,43.7762],[-70.4454,43.7727],[-70.4436,43.7728],[-70.4465,43.769],[-70.4457,43.7673],[-70.4479,43.7662],[-70.4484,43.7652],[-70.4478,43.7638],[-70.4492,43.7626],[-70.4469,43.7597],[-70.4485,43.7547],[-70.4481,43.7524],[-70.4465,43.7501],[-70.4436,43.7486],[-70.4385,43.7485],[-70.4396,43.7457],[-70.4374,43.7393],[-70.436,43.7388],[-70.4351,43.7406],[-70.4324,43.7412],[-70.4281,43.7381],[-70.4274,43.7346],[-70.4238,43.7336],[-70.4223,43.7287],[-70.4186,43.7264],[-70.4156,43.7225],[-70.4131,43.7207],[-70.4119,43.7179],[-70.4059,43.7154],[-70.4047,43.7118],[-70.4023,43.7095],[-70.4026,43.708],[-70.4041,43.7069],[-70.4034,43.7059],[-70.3966,43.7061],[-70.3951,43.7051],[-70.3943,43.7026],[-70.3912,43.7004],[-70.3881,43.6999],[-70.3863,43.6986],[-70.3799,43.6987],[-70.3783,43.6974],[-70.3872,43.6692],[-70.3923,43.6556],[-70.4261,43.6217],[-70.4348,43.6142],[-70.4685,43.6313],[-70.4577,43.6424],[-70.5466,43.7132],[-70.4777,43.7856],[-70.4801,43.7866],[-70.478,43.7889],[-70.4756,43.7878],[-70.4486,43.817],[-70.449,43.8135],[-70.4508,43.8084],[-70.4501,43.8025],[-70.4476,43.801],[-70.4474,43.7995],[-70.4504,43.7937],[-70.4538,43.7914]]]}},{"type":"Feature","properties":{"TOWN":"Westbrook"},"geometry":{"type":"Polygon","coordinates":[[[-70.3612,43.7538],[-70.3533,43.7494],[-70.3533,43.7518],[-70.3516,43.7522],[-70.3502,43.7481],[-70.3478,43.749],[-70.3482,43.7502],[-70.3404,43.7503],[-70.339,43.7523],[-70.336,43.7518],[-70.3375,43.7492],[-70.3349,43.7493],[-70.3321,43.7434],[-70.3353,43.7438],[-70.3376,43.7406],[-70.3273,43.7353],[-70.3283,43.7341],[-70.3266,43.733],[-70.3274,43.7323],[-70.3234,43.7281],[-70.3203,43.7285],[-70.3188,43.7269],[-70.3183,43.7273],[-70.3111,43.7198],[-70.3169,43.7177],[-70.3177,43.7143],[-70.3254,43.7081],[-70.3226,43.7055],[-70.3264,43.7009],[-70.3291,43.6991],[-70.3298,43.6932],[-70.3336,43.6908],[-70.3364,43.6901],[-70.333,43.6864],[-70.3334,43.6856],[-70.3306,43.6827],[-70.3291,43.6794],[-70.333,43.6675],[-70.3322,43.6674],[-70.3348,43.6619],[-70.3374,43.6621],[-70.3453,43.6547],[-70.3408,43.6523],[-70.3474,43.6454],[-70.3705,43.6424],[-70.3922,43.6558],[-70.3779,43.6982],[-70.3612,43.7538]]]}},{"type":"Feature","properties":{"TOWN":"T2 R9 NWP"},"geometry":{"type":"Polygon","coordinates":[[[-68.539,45.573],[-68.5064,45.4722],[-68.5715,45.4647],[-68.5709,45.4629],[-68.6658,45.4467],[-68.6993,45.5499],[-68.539,45.573]]]}},{"type":"Feature","properties":{"TOWN":"Baring Plt"},"geometry":{"type":"Polygon","coordinates":[[[-67.3056,45.1448],[-67.2427,45.072],[-67.2991,45.0473],[-67.3236,45.0753],[-67.3745,45.0597],[-67.3891,45.076],[-67.3543,45.1131],[-67.3513,45.1117],[-67.3441,45.1195],[-67.3464,45.1205],[-67.3459,45.1221],[-67.343,45.1251],[-67.3409,45.1251],[-67.3304,45.1318],[-67.3211,45.1313],[-67.3176,45.1381],[-67.3199,45.1424],[-67.3056,45.1448]]]}},{"type":"Feature","properties":{"TOWN":"Mayfield Twp"},"geometry":{"type":"Polygon","coordinates":[[[-69.6548,45.1],[-69.7875,45.0808],[-69.8112,45.1774],[-69.6828,45.1949],[-69.6548,45.1]]]}},{"type":"Feature","properties":{"TOWN":"Moscow"},"geometry":{"type":"Polygon","coordinates":[[[-69.8112,45.1774],[-69.7875,45.0808],[-69.8543,45.0713],[-69.8572,45.0715],[-69.8981,45.0647],[-69.9063,45.0701],[-69.9065,45.0726],[-69.9075,45.0736],[-69.9175,45.0774],[-69.9307,45.0866],[-69.941,45.091],[-69.9462,45.0954],[-69.9505,45.1029],[-69.9536,45.1164],[-69.9518,45.1303],[-69.9544,45.1382],[-69.9526,45.1423],[-69.9513,45.1495],[-69.9531,45.152],[-69.9558,45.1537],[-69.9666,45.157],[-69.8112,45.1774]]]}},{"type":"Feature","properties":{"TOWN":"Brighton Plt"},"geometry":{"type":"Polygon","coordinates":[[[-69.621,45.011],[-69.7292,44.9966],[-69.7308,45.004],[-69.7435,45.0026],[-69.7418,44.995],[-69.7504,44.9938],[-69.7548,45.0152],[-69.773,45.0829],[-69.6458,45.1013],[-69.621,45.011]]]}},{"type":"Feature","properties":{"TOWN":"Bingham"},"geometry":{"type":"Polygon","coordinates":[[[-69.773,45.0829],[-69.7548,45.0152],[-69.7504,44.9938],[-69.8745,44.9777],[-69.8761,44.9811],[-69.876,44.9861],[-69.8613,45.0009],[-69.8607,45.0029],[-69.8605,45.008],[-69.8623,45.0145],[-69.8613,45.0245],[-69.8655,45.0348],[-69.8761,45.041],[-69.8823,45.0487],[-69.889,45.055],[-69.8931,45.0608],[-69.8981,45.0647],[-69.8572,45.0715],[-69.8543,45.0713],[-69.773,45.0829]]]}},{"type":"Feature","properties":{"TOWN":"Baileyville"},"geometry":{"type":"Polygon","coordinates":[[[-67.4821,45.2753],[-67.4774,45.2759],[-67.4764,45.2754],[-67.4771,45.2739],[-67.4758,45.2713],[-67.4764,45.2689],[-67.4748,45.2633],[-67.4717,45.2616],[-67.4714,45.2607],[-67.473,45.2584],[-67.4713,45.2554],[-67.4689,45.2533],[-67.4685,45.2507],[-67.4667,45.2494],[-67.464,45.2448],[-67.4619,45.2427],[-67.4537,45.2412],[-67.4492,45.2366],[-67.4473,45.233],[-67.4404,45.2276],[-67.4393,45.2263],[-67.4391,45.2245],[-67.4369,45.2227],[-67.4372,45.2197],[-67.4309,45.2092],[-67.4305,45.2059],[-67.4278,45.2017],[-67.4291,45.1933],[-67.4268,45.1915],[-67.4182,45.19],[-67.4133,45.1853],[-67.4115,45.1824],[-67.4065,45.1788],[-67.4004,45.1776],[-67.3983,45.1733],[-67.3991,45.1689],[-67.4047,45.1666],[-67.4057,45.1629],[-67.4049,45.16],[-67.4025,45.1595],[-67.3928,45.1544],[-67.3828,45.1519],[-67.3806,45.1521],[-67.3705,45.1419],[-67.3565,45.133],[-67.3574,45.1322],[-67.3534,45.1292],[-67.349,45.1295],[-67.346,45.1265],[-67.3409,45.1251],[-67.343,45.1251],[-67.3459,45.1221],[-67.3464,45.1205],[-67.3441,45.1195],[-67.3513,45.1117],[-67.3543,45.1131],[-67.3891,45.076],[-67.4315,45.123],[-67.4995,45.2007],[-67.5365,45.245],[-67.5314,45.245],[-67.5291,45.247],[-67.5266,45.251],[-67.5123,45.2568],[-67.5073,45.2599],[-67.5036,45.2633],[-67.5034,45.2653],[-67.5046,45.2689],[-67.504,45.2702],[-67.5016,45.2715],[-67.4971,45.2722],[-67.4942,45.2757],[-67.4888,45.2753],[-67.4878,45.2761],[-67.4871,45.2802],[-67.4835,45.2795],[-67.4821,45.2753]]]}},{"type":"Feature","properties":{"TOWN":"Oxbow North Twp"},"geometry":{"type":"Polygon","coordinates":[[[-68.4364,46.4702],[-68.4364,46.3821],[-68.5679,46.3825],[-68.5679,46.4709],[-68.4364,46.4702]]]}}]}